location,period,sex,inc_resp,inc_HIV,inc_ETS,inc_hep,inc_tub,total_inc
Afghanistan,2020,Both sexes,14.3672,5.8835,7.0417,1.2889,2.8457,76.6795
Afghanistan,2020,Male,24.1621,2.554,8.1985,1.5898,1.2744,74.7423
Afghanistan,2020,Female,20.4439,12.3153,8.1382,1.293,1.8744,96.2121
Afghanistan,2015,Both sexes,18.1772,14.2676,5.9918,4.2493,1.9466,61.0476
Afghanistan,2015,Male,10.6523,2.0124,5.8398,4.0096,1.2183,75.0946
Afghanistan,2015,Female,10.6519,14.3716,3.9596,4.0133,1.4233,74.8725
Afghanistan,2010,Both sexes,8.9874,8.3161,6.3012,3.8653,4.0485,59.9115
Afghanistan,2010,Male,22.725,5.1939,3.8955,3.6775,1.2524,53.8456
Afghanistan,2010,Female,18.219,2.0761,9.8994,2.908,0.6281,93.3088
Afghanistan,2005,Both sexes,20.0372,8.0087,11.6965,3.5691,3.3321,61.9508
Afghanistan,2005,Male,8.3499,12.1232,11.7307,1.1534,4.8919,87.8898
Afghanistan,2005,Female,24.4885,10.8992,10.7856,3.4859,1.9905,100.2542
Afghanistan,2000,Both sexes,22.1515,1.7032,8.4071,4.1115,1.034,69.3921
Afghanistan,2000,Male,11.6098,2.0206,9.3078,3.0014,3.0667,66.2429
Afghanistan,2000,Female,11.091,6.6402,5.5669,2.4301,4.5786,87.1095
Albania,2020,Both sexes,6.834,0.3658,4.1539,0.7716,0.8057,23.8628
Albania,2020,Male,8.0424,0.3091,3.2782,1.3928,0.6603,33.2921
Albania,2020,Female,10.2476,0.3529,3.4101,1.4778,0.3836,28.7382
Albania,2015,Both sexes,9.3195,0.8231,4.7889,1.7806,0.5877,23.704
Albania,2015,Male,7.9123,0.9363,2.4096,0.882,0.1821,29.5219
Albania,2015,Female,11.1185,0.4646,2.5902,1.6086,0.7111,24.6683
Albania,2010,Both sexes,6.3949,0.9155,5.6232,1.2543,0.7526,28.2557
Albania,2010,Male,7.9214,0.3893,1.2811,1.8008,0.9685,21.7451
Albania,2010,Female,8.6636,0.5288,3.4282,1.1973,0.3344,31.3944
Albania,2005,Both sexes,9.5607,0.3034,5.564,1.18,0.1166,34.1453
Albania,2005,Male,12.8518,0.6764,4.0518,1.2824,0.591,27.7771
Albania,2005,Female,6.9967,0.9811,3.732,1.5738,0.7361,28.6922
Albania,2000,Both sexes,10.1423,0.6431,2.2487,1.94,0.8114,22.2132
Albania,2000,Male,10.9241,0.422,2.7164,0.4251,0.2744,25.9369
Albania,2000,Female,5.4645,0.683,5.2602,0.3908,0.3356,18.5871
Algeria,2020,Both sexes,11.0754,0.2106,3.7961,1.8938,0.5613,24.6974
Algeria,2020,Male,6.7052,0.8998,3.5737,1.2008,0.3975,20.9599
Algeria,2020,Female,5.6505,0.5528,1.4979,1.3453,0.8745,22.0708
Algeria,2015,Both sexes,14.4889,0.5044,1.0801,1.1201,0.5264,23.8841
Algeria,2015,Male,14.6563,0.6273,5.8184,0.4592,0.8196,30.9065
Algeria,2015,Female,13.084,0.6623,2.8849,1.6058,0.6226,23.9579
Algeria,2010,Both sexes,8.0461,0.1646,4.0161,1.5703,0.7958,33.0726
Algeria,2010,Male,5.9767,0.7144,1.3986,0.8299,0.3994,22.6025
Algeria,2010,Female,11.8423,0.3177,4.4156,0.8206,0.8483,25.7577
Algeria,2005,Both sexes,9.4015,0.7426,5.6628,1.7243,0.3471,36.8115
Algeria,2005,Male,6.2204,0.8403,3.8783,0.423,0.5915,25.0848
Algeria,2005,Female,9.9518,0.8236,1.6306,1.7979,0.2926,20.1229
Algeria,2000,Both sexes,5.3439,0.5973,3.9086,0.7363,0.528,23.9873
Algeria,2000,Male,14.0932,0.5682,4.8317,1.3081,0.3864,35.7897
Algeria,2000,Female,7.5878,0.2286,3.0321,1.8912,0.34,30.0896
Angola,2020,Both sexes,19.2629,11.8548,10.9185,3.7125,4.8514,103.1714
Angola,2020,Male,13.2991,4.7997,8.8381,2.6577,1.2203,57.1834
Angola,2020,Female,16.8412,7.9537,11.0932,3.7581,4.043,102.2615
Angola,2015,Both sexes,17.2941,4.9798,8.6115,2.3759,4.9287,74.1707
Angola,2015,Male,11.1425,2.8736,4.1816,2.109,0.5896,47.7804
Angola,2015,Female,24.4829,9.8138,5.7872,4.9867,3.6456,88.4382
Angola,2010,Both sexes,21.1773,1.7606,4.8162,4.0032,1.6381,65.3754
Angola,2010,Male,23.9715,11.481,11.1794,3.5789,0.6822,75.0608
Angola,2010,Female,23.2121,5.4462,9.8436,2.4212,2.313,99.4319
Angola,2005,Both sexes,18.1643,1.0019,9.0876,1.1966,4.7085,91.4219
Angola,2005,Male,23.6719,8.1558,5.7087,1.1242,0.5529,91.9007
Angola,2005,Female,9.5044,1.6559,4.6564,3.2167,3.1455,56.6544
Angola,2000,Both sexes,11.3317,4.8664,9.8081,4.0481,2.7563,80.0357
Angola,2000,Male,8.7689,10.8977,7.2674,3.1495,4.4302,87.8242
Angola,2000,Female,13.5306,1.8777,5.0321,4.3631,0.878,44.2386
Argentina,2020,Both sexes,8.8868,0.8554,4.0831,0.3568,0.7134,26.0449
Argentina,2020,Male,7.7135,0.1034,1.2017,0.9235,0.7121,25.2778
Argentina,2020,Female,13.2874,0.3221,2.6309,0.703,0.7022,37.2924
Argentina,2015,Both sexes,8.5675,0.7668,3.3428,1.0604,0.9481,30.2649
Argentina,2015,Male,7.8093,0.3846,1.7398,0.423,0.8408,25.7468
Argentina,2015,Female,10.427,0.1917,5.9233,1.922,0.1378,26.6826
Argentina,2010,Both sexes,6.4092,0.4242,2.0455,0.6795,0.524,19.4784
Argentina,2010,Male,13.022,0.3434,1.6518,1.8679,0.4582,24.7435
Argentina,2010,Female,5.7455,0.8584,2.0177,1.024,0.3791,19.5837
Argentina,2005,Both sexes,14.8689,0.382,4.8453,1.9754,0.5062,38.3554
Argentina,2005,Male,12.7224,0.81,3.1275,1.2419,0.4458,37.7173
Argentina,2005,Female,6.9872,0.9027,3.8271,1.8824,0.4891,19.3252
Argentina,2000,Both sexes,5.0552,0.4904,1.105,0.3091,0.9813,17.6299
Argentina,2000,Male,13.1546,0.9189,1.1722,1.572,0.1798,22.7312
Argentina,2000,Female,12.0686,0.4396,3.2291,1.8352,0.93,36.6241
Armenia,2020,Both sexes,12.2901,0.9677,5.0833,0.5375,0.5322,34.8172
Armenia,2020,Male,12.7127,0.1804,5.4262,0.4634,0.6614,36.8425
Armenia,2020,Female,5.7404,0.7183,1.4335,1.0218,0.8472,28.5364
Armenia,2015,Both sexes,8.5847,0.5444,3.6918,1.8873,0.4244,22.4294
Armenia,2015,Male,6.1587,0.4489,5.5661,1.2221,0.4874,25.9336
Armenia,2015,Female,13.631,0.6694,2.9399,1.1967,0.4686,32.0996
Armenia,2010,Both sexes,11.233,0.7335,5.1478,0.5399,0.4373,30.8353
Armenia,2010,Male,8.309,0.1039,1.6685,0.3013,0.933,27.122
Armenia,2010,Female,5.6356,0.2503,5.677,1.6772,0.846,31.424
Armenia,2005,Both sexes,8.1098,0.7417,4.7571,0.4489,0.1981,22.7846
Armenia,2005,Male,8.2518,0.6997,5.7067,1.3775,0.1973,22.8161
Armenia,2005,Female,12.2961,0.9694,4.3831,1.8548,0.4851,34.1967
Armenia,2000,Both sexes,11.3756,0.7849,2.817,0.6547,0.1888,24.4758
Armenia,2000,Male,13.8721,0.9557,5.6909,1.431,0.6572,40.0111
Armenia,2000,Female,9.7221,0.7323,2.3778,0.4338,0.2293,25.4782
Australia,2020,Both sexes,2.7176,0.0517,1.3304,0.3217,0.114,8.2995
Australia,2020,Male,6.2795,0.0248,2.252,0.1238,0.0213,11.1206
Australia,2020,Female,6.5647,0.1195,2.4133,0.3812,0.077,10.9696
Australia,2015,Both sexes,5.3677,0.1002,2.8235,0.1856,0.1419,10.8144
Australia,2015,Male,6.6258,0.0167,1.012,0.2585,0.1071,9.6729
Australia,2015,Female,4.9628,0.0604,2.495,0.3197,0.1961,9.9653
Australia,2010,Both sexes,5.1364,0.144,2.3464,0.1271,0.1773,11.1089
Australia,2010,Male,4.5652,0.0801,0.6595,0.3837,0.0846,8.1927
Australia,2010,Female,2.1525,0.0706,1.4681,0.1862,0.0282,7.8842
Australia,2005,Both sexes,2.6473,0.0741,1.2069,0.3481,0.1722,8.0412
Australia,2005,Male,2.1886,0.0392,1.2612,0.1212,0.184,7.8744
Australia,2005,Female,5.8185,0.0616,2.9574,0.3597,0.1677,13.5262
Australia,2000,Both sexes,3.8861,0.0618,2.1069,0.1077,0.043,9.3118
Australia,2000,Male,5.0514,0.0173,2.2942,0.2414,0.1996,9.8291
Australia,2000,Female,7.4454,0.1175,2.9415,0.1612,0.0665,15.7136
Austria,2020,Both sexes,3.4958,0.0683,1.443,0.3868,0.1504,6.9708
Austria,2020,Male,4.4623,0.1251,2.5046,0.1679,0.1834,10.1031
Austria,2020,Female,6.5333,0.129,1.5863,0.4468,0.0624,10.3763
Austria,2015,Both sexes,3.3728,0.0397,2.6738,0.4513,0.1835,9.7494
Austria,2015,Male,2.4619,0.102,0.9516,0.1384,0.0757,7.9571
Austria,2015,Female,3.7385,0.0761,2.8692,0.3262,0.1958,10.1049
Austria,2010,Both sexes,2.9673,0.1332,1.0469,0.0895,0.0706,7.0441
Austria,2010,Male,7.5782,0.0402,1.3156,0.2262,0.1916,11.6786
Austria,2010,Female,6.8487,0.1049,2.3905,0.371,0.0296,11.0517
Austria,2005,Both sexes,5.8004,0.0951,1.4844,0.3467,0.1477,11.7712
Austria,2005,Male,7.2288,0.0513,2.0205,0.3311,0.1158,13.7529
Austria,2005,Female,6.822,0.0291,1.6114,0.1771,0.106,12.2058
Austria,2000,Both sexes,3.1194,0.1012,2.3559,0.2201,0.0602,10.4655
Austria,2000,Male,7.3554,0.1134,1.0708,0.0963,0.147,10.3154
Austria,2000,Female,5.2361,0.0542,0.6461,0.3736,0.0543,8.1669
Azerbaijan,2020,Both sexes,13.0744,0.6803,2.4996,1.1566,0.5976,35.732
Azerbaijan,2020,Male,13.9609,0.4556,3.3715,1.5049,0.3279,34.5376
Azerbaijan,2020,Female,8.18,0.7419,1.8401,0.7232,0.9601,25.1918
Azerbaijan,2015,Both sexes,6.1005,0.2793,2.774,0.8515,0.1258,26.7198
Azerbaijan,2015,Male,7.2794,0.9012,2.9999,0.8682,0.2798,28.9748
Azerbaijan,2015,Female,9.2711,0.3587,1.287,0.3438,0.3181,24.9017
Azerbaijan,2010,Both sexes,13.1801,0.431,3.9165,0.8798,0.4727,34.2231
Azerbaijan,2010,Male,13.6073,0.1523,5.4217,1.6656,0.3095,29.8935
Azerbaijan,2010,Female,5.0695,0.2004,1.7587,1.8254,0.5422,24.9467
Azerbaijan,2005,Both sexes,10.1075,0.5643,3.989,1.181,0.8852,27.7189
Azerbaijan,2005,Male,9.1741,0.3408,4.3237,1.0744,0.7409,29.9225
Azerbaijan,2005,Female,7.2211,0.8519,3.0967,0.3524,0.622,26.1559
Azerbaijan,2000,Both sexes,6.1987,0.1132,4.5055,1.7946,0.1801,26.9533
Azerbaijan,2000,Male,8.3762,0.4412,3.0537,0.3221,0.7246,28.4642
Azerbaijan,2000,Female,14.4291,0.4036,3.5232,1.9061,0.2498,26.6651
Bahamas,2020,Both sexes,8.232,0.1174,1.0368,1.1317,0.8077,19.5035
Bahamas,2020,Male,10.1879,0.2119,4.4586,0.8813,0.3251,25.5416
Bahamas,2020,Female,12.0302,0.4723,4.3067,1.8712,0.4753,38.6468
Bahamas,2015,Both sexes,8.6363,0.5436,1.192,0.3415,0.4154,25.993
Bahamas,2015,Male,14.7178,0.4639,2.8413,1.2884,0.8729,27.7955
Bahamas,2015,Female,14.6245,0.5778,5.8952,1.2332,0.2139,37.771
Bahamas,2010,Both sexes,7.5178,0.6356,3.1037,0.6728,0.6091,30.1549
Bahamas,2010,Male,9.9725,0.1089,3.5097,1.0291,0.2279,33.349
Bahamas,2010,Female,8.0088,0.5177,5.5497,1.4088,0.7343,24.3388
Bahamas,2005,Both sexes,7.8484,0.9671,4.5863,1.5361,0.9146,35.0658
Bahamas,2005,Male,5.3689,0.5671,3.9104,0.3012,0.4911,19.1151
Bahamas,2005,Female,11.0956,0.7098,4.989,1.8927,0.5393,26.533
Bahamas,2000,Both sexes,10.0268,0.3807,5.3218,0.5797,0.9347,31.7052
Bahamas,2000,Male,5.5148,0.7966,3.2844,0.6971,0.5689,16.4103
Bahamas,2000,Female,7.7865,0.7956,3.3755,0.7479,0.5388,30.1826
Bahrain,2020,Both sexes,7.4496,0.083,1.4651,0.067,0.1241,10.76
Bahrain,2020,Male,3.4374,0.1466,2.9168,0.1054,0.1441,8.0963
Bahrain,2020,Female,2.8694,0.0276,2.2429,0.4939,0.0392,9.9489
Bahrain,2015,Both sexes,4.9367,0.0124,0.7081,0.1918,0.1678,10.8699
Bahrain,2015,Male,7.9139,0.1178,2.6574,0.1019,0.0984,14.9335
Bahrain,2015,Female,3.4523,0.123,1.7014,0.0981,0.033,9.6856
Bahrain,2010,Both sexes,6.0328,0.0268,0.6719,0.3738,0.1615,12.0143
Bahrain,2010,Male,6.5697,0.0472,1.8743,0.4346,0.0879,11.6691
Bahrain,2010,Female,3.4258,0.0125,1.5429,0.1656,0.0381,7.4605
Bahrain,2005,Both sexes,6.3693,0.0511,2.6944,0.0594,0.1341,13.1374
Bahrain,2005,Male,4.2067,0.1182,1.01,0.1504,0.1784,9.1751
Bahrain,2005,Female,5.7938,0.0825,2.5662,0.0754,0.1798,12.4378
Bahrain,2000,Both sexes,5.8012,0.0587,1.8942,0.0965,0.1924,11.8955
Bahrain,2000,Male,5.2146,0.062,0.6365,0.2442,0.1762,10.1935
Bahrain,2000,Female,2.5417,0.0102,2.9296,0.1535,0.0204,7.5434
Bangladesh,2020,Both sexes,22.2001,5.1972,7.6135,3.0638,2.2111,59.0299
Bangladesh,2020,Male,13.4533,10.0504,5.6179,2.014,4.1834,72.837
Bangladesh,2020,Female,11.1708,14.6387,7.2247,4.7621,2.1481,97.249
Bangladesh,2015,Both sexes,8.6932,12.8589,10.7207,4.6238,3.207,88.1548
Bangladesh,2015,Male,18.0452,1.3303,5.7441,3.2672,3.2284,54.0165
Bangladesh,2015,Female,19.5186,13.5798,4.7341,2.4177,2.1426,60.3856
Bangladesh,2010,Both sexes,8.282,11.9648,4.1616,2.5246,4.5701,72.7408
Bangladesh,2010,Male,16.7056,11.9253,5.6807,2.6474,2.7645,80.9715
Bangladesh,2010,Female,11.8504,7.4119,10.0204,3.9103,2.5915,81.1309
Bangladesh,2005,Both sexes,18.9679,6.5721,7.2446,2.8066,4.9888,66.4856
Bangladesh,2005,Male,10.9642,5.2408,5.0473,4.4269,2.7208,63.6105
Bangladesh,2005,Female,19.7459,1.9197,4.4957,4.7764,1.3028,78.697
Bangladesh,2000,Both sexes,14.5745,4.1953,5.9946,2.3438,2.8088,52.0541
Bangladesh,2000,Male,23.9244,4.4525,11.4593,3.2428,4.1631,70.67
Bangladesh,2000,Female,10.3379,7.7771,6.0872,1.3802,3.9959,64.3255
Barbados,2020,Both sexes,8.4107,0.7727,5.9406,0.6408,0.8097,25.3319
Barbados,2020,Male,6.1347,0.5264,3.4262,1.0029,0.7372,30.6199
Barbados,2020,Female,14.2469,0.1521,1.8958,0.6505,0.3288,25.1226
Barbados,2015,Both sexes,13.7734,0.962,5.4557,1.7902,0.8759,33.8528
Barbados,2015,Male,7.5794,0.9485,3.3018,0.5691,0.9041,30.565
Barbados,2015,Female,11.5998,0.8067,4.5484,1.0746,0.2747,23.8803
Barbados,2010,Both sexes,13.1722,0.9922,5.9186,1.3297,0.2174,36.6518
Barbados,2010,Male,10.552,0.59,1.2509,1.4762,0.978,20.0577
Barbados,2010,Female,10.2965,0.9665,1.4835,0.9512,0.8815,33.5017
Barbados,2005,Both sexes,7.4185,0.168,4.6023,1.7775,0.9039,21.5832
Barbados,2005,Male,5.931,0.4291,2.4091,1.2661,0.8977,18.2111
Barbados,2005,Female,13.9722,0.3028,1.9215,1.0472,0.5875,31.9606
Barbados,2000,Both sexes,14.0042,0.2762,1.1968,0.4143,0.6818,34.2821
Barbados,2000,Male,11.331,0.2267,1.1092,1.09,0.5908,25.8933
Barbados,2000,Female,8.3903,0.6602,4.8724,1.6953,0.1461,27.7451
Belarus,2020,Both sexes,8.4921,0.8032,1.6722,1.3447,0.771,30.628
Belarus,2020,Male,12.2596,0.6205,3.3386,1.7147,0.5548,31.1329
Belarus,2020,Female,13.9711,0.2323,4.0295,1.1398,0.6829,31.9656
Belarus,2015,Both sexes,13.8709,0.83,3.1418,0.5014,0.5524,28.3011
Belarus,2015,Male,12.7988,0.6724,1.1355,0.3232,0.5426,25.9088
Belarus,2015,Female,11.4203,0.4493,4.9175,0.8155,0.2546,27.7756
Belarus,2010,Both sexes,5.8414,0.7067,1.0526,1.4866,0.3508,22.9707
Belarus,2010,Male,6.6163,0.3339,4.8094,1.6434,0.243,30.3755
Belarus,2010,Female,13.9855,0.4107,5.4665,0.8028,0.2761,36.7711
Belarus,2005,Both sexes,11.0643,0.9257,3.1642,1.1426,0.9757,32.4523
Belarus,2005,Male,5.092,0.3615,3.6777,1.0159,0.2378,29.3127
Belarus,2005,Female,6.0147,0.523,3.3849,0.9979,0.3423,29.2695
Belarus,2000,Both sexes,11.635,0.9011,2.946,0.6933,0.6315,35.6786
Belarus,2000,Male,5.0506,0.7369,5.4371,0.5318,0.6492,18.0363
Belarus,2000,Female,6.6081,0.156,5.4697,0.6344,0.2386,24.0141
Belgium,2020,Both sexes,5.2924,0.0306,1.3395,0.0749,0.1629,10.2342
Belgium,2020,Male,6.1514,0.0111,2.0377,0.1392,0.1613,11.3482
Belgium,2020,Female,5.9118,0.0983,2.8173,0.0541,0.0627,12.6616
Belgium,2015,Both sexes,3.3456,0.0727,2.9051,0.3323,0.072,11.6774
Belgium,2015,Male,6.2731,0.0288,1.7724,0.1924,0.1888,10.0697
Belgium,2015,Female,3.4235,0.1441,1.6321,0.4879,0.1686,8.189
Belgium,2010,Both sexes,3.9524,0.0842,1.1967,0.1372,0.1456,10.3286
Belgium,2010,Male,6.4789,0.0439,2.8972,0.2056,0.0348,12.3678
Belgium,2010,Female,5.8978,0.0801,0.857,0.211,0.0953,9.8095
Belgium,2005,Both sexes,7.0953,0.1051,1.9496,0.0538,0.1207,13.8093
Belgium,2005,Male,5.9457,0.0207,1.2064,0.4276,0.0537,8.821
Belgium,2005,Female,5.4099,0.0485,1.1975,0.0644,0.1007,8.2991
Belgium,2000,Both sexes,2.562,0.123,1.5124,0.4731,0.1282,6.3055
Belgium,2000,Male,4.2063,0.0744,2.997,0.4514,0.0789,12.766
Belgium,2000,Female,3.5912,0.0865,0.6374,0.291,0.1606,6.1242
Belize,2020,Both sexes,7.4399,0.4895,3.8927,1.2241,0.8564,24.9397
Belize,2020,Male,14.7301,0.1395,1.4129,1.4114,0.3912,36.4521
Belize,2020,Female,8.931,0.2492,1.7726,0.958,0.8548,23.5292
Belize,2015,Both sexes,13.9205,0.501,3.1978,1.4003,0.1932,24.5699
Belize,2015,Male,11.3114,0.2883,3.5523,0.3761,0.854,27.6731
Belize,2015,Female,12.9481,0.145,2.294,0.3919,0.2375,22.2735
Belize,2010,Both sexes,10.0264,0.8593,2.5823,1.0773,0.1746,28.5856
Belize,2010,Male,10.769,0.9831,1.4348,1.2344,0.6776,27.1129
Belize,2010,Female,9.9252,0.8138,2.5161,1.8093,0.5247,25.9347
Belize,2005,Both sexes,6.9524,0.8684,5.8328,0.4779,0.9171,32.7867
Belize,2005,Male,12.2245,0.3178,5.7235,1.6985,0.4269,39.0465
Belize,2005,Female,7.8077,0.9646,2.6744,0.6571,0.3584,24.8926
Belize,2000,Both sexes,5.2432,0.2772,3.8543,0.9699,0.5507,22.6085
Belize,2000,Male,11.4547,0.9563,5.548,0.8382,0.5104,38.0702
Belize,2000,Female,6.7711,0.9953,1.0309,0.9803,0.41,28.3653
Benin,2020,Both sexes,23.9878,10.9641,10.2962,1.602,3.6218,103.5722
Benin,2020,Male,24.2168,14.736,11.5353,3.0143,3.918,101.4215
Benin,2020,Female,23.5527,8.9736,3.8219,4.2066,4.3384,83.8256
Benin,2015,Both sexes,14.2927,4.6336,4.453,2.7661,4.8779,89.4422
Benin,2015,Male,8.2628,7.1179,11.6467,2.9625,1.7,59.8401
Benin,2015,Female,23.7814,9.3099,7.8379,4.3951,3.7224,77.8193
Benin,2010,Both sexes,15.2791,2.0231,3.1278,3.8242,2.2742,46.0928
Benin,2010,Male,24.4331,9.7128,5.3187,2.9618,3.5469,79.119
Benin,2010,Female,24.3815,14.7365,7.0495,2.0308,2.6419,89.1673
Benin,2005,Both sexes,22.5012,3.6615,9.2362,4.5397,4.972,64.5874
Benin,2005,Male,13.0056,12.0963,9.5984,3.3081,3.7801,71.8428
Benin,2005,Female,14.5467,13.7106,11.9588,1.8846,4.7862,80.8963
Benin,2000,Both sexes,22.4693,14.2118,5.5876,2.0765,4.2574,108.1249
Benin,2000,Male,13.3877,14.4419,7.844,4.2125,4.5631,103.4185
Benin,2000,Female,10.8814,8.3004,7.7999,1.1766,4.1649,52.5289
Bhutan,2020,Both sexes,10.568,0.9796,3.0282,1.9866,0.5132,28.2502
Bhutan,2020,Male,14.3615,0.7816,1.8458,0.5216,0.3266,34.6222
Bhutan,2020,Female,11.9603,0.2455,5.8873,1.6533,0.4333,34.3936
Bhutan,2015,Both sexes,10.7006,0.5292,5.2666,0.9711,0.1182,33.1681
Bhutan,2015,Male,5.9718,0.7465,3.4917,1.1368,0.5716,29.7859
Bhutan,2015,Female,11.1501,0.3226,4.0162,1.7971,0.5546,28.1826
Bhutan,2010,Both sexes,14.9005,0.6766,2.1363,1.0019,0.5727,34.7927
Bhutan,2010,Male,6.4008,0.6999,3.7189,1.2137,0.9766,27.6059
Bhutan,2010,Female,10.1833,0.2464,4.4749,0.3838,0.9203,22.1948
Bhutan,2005,Both sexes,13.7737,0.6086,3.5758,0.304,0.2455,33.4788
Bhutan,2005,Male,12.4077,0.7945,5.9514,0.7162,0.432,26.0666
Bhutan,2005,Female,11.9702,0.549,4.0567,1.457,0.4816,26.9606
Bhutan,2000,Both sexes,12.0248,0.1109,2.8549,0.5062,0.4245,22.5762
Bhutan,2000,Male,8.5949,0.1081,4.8608,0.4934,0.8186,23.3527
Bhutan,2000,Female,7.9359,0.4213,1.8523,0.9986,0.5716,31.0414
Bolivia (Plurinational State of),2020,Both sexes,13.0936,0.9336,2.9226,1.4013,0.6149,36.8764
Bolivia (Plurinational State of),2020,Male,13.1011,0.3058,2.7348,1.5105,0.8677,27.9124
Bolivia (Plurinational State of),2020,Female,13.6707,0.6709,3.159,0.6034,0.8253,38.2315
Bolivia (Plurinational State of),2015,Both sexes,14.1324,0.2999,4.9089,0.4353,0.219,26.8157
Bolivia (Plurinational State of),2015,Male,10.1134,0.3895,3.4209,1.8987,0.7425,24.2731
Bolivia (Plurinational State of),2015,Female,10.0152,0.8632,4.9701,0.7431,0.4919,28.9028
Bolivia (Plurinational State of),2010,Both sexes,12.983,0.756,3.8824,1.7507,0.3652,25.5588
Bolivia (Plurinational State of),2010,Male,11.4996,0.1859,2.7103,1.7679,0.145,27.4724
Bolivia (Plurinational State of),2010,Female,12.0197,0.4858,5.0499,1.6133,0.5385,33.2562
Bolivia (Plurinational State of),2005,Both sexes,12.9579,0.1263,2.1914,0.587,0.4199,32.9626
Bolivia (Plurinational State of),2005,Male,13.9001,0.5328,2.1219,1.6971,0.3264,35.053
Bolivia (Plurinational State of),2005,Female,8.38,0.6962,3.5225,1.6077,0.7252,34.9221
Bolivia (Plurinational State of),2000,Both sexes,8.7558,0.2067,2.3042,1.3144,0.7925,26.3083
Bolivia (Plurinational State of),2000,Male,5.9398,0.36,1.0454,0.8732,0.3203,26.0132
Bolivia (Plurinational State of),2000,Female,10.7828,0.4581,4.2415,0.7463,0.1445,32.2221
Bosnia and Herzegovina,2020,Both sexes,5.3594,0.9276,3.5555,0.5072,0.8639,27.7457
Bosnia and Herzegovina,2020,Male,9.656,0.9939,3.2276,1.1666,0.109,24.5531
Bosnia and Herzegovina,2020,Female,10.4264,0.1404,5.8348,1.2949,0.9434,32.1343
Bosnia and Herzegovina,2015,Both sexes,7.8654,0.7849,3.856,0.9109,0.6649,31.2066
Bosnia and Herzegovina,2015,Male,10.9083,0.4346,5.3172,1.1081,0.3897,31.3362
Bosnia and Herzegovina,2015,Female,5.305,0.4532,1.6973,0.918,0.3218,26.5211
Bosnia and Herzegovina,2010,Both sexes,5.3735,0.7788,3.846,1.3897,0.1081,24.0574
Bosnia and Herzegovina,2010,Male,13.226,0.9266,5.3399,1.8321,0.3119,30.4139
Bosnia and Herzegovina,2010,Female,8.6019,0.9558,3.9155,0.5787,0.224,20.9484
Bosnia and Herzegovina,2005,Both sexes,6.2706,0.6194,4.5901,0.9484,0.6509,21.9452
Bosnia and Herzegovina,2005,Male,10.2224,0.4214,2.8602,0.5395,0.2499,28.5637
Bosnia and Herzegovina,2005,Female,12.6999,0.8088,1.4622,1.3624,0.5758,28.8151
Bosnia and Herzegovina,2000,Both sexes,7.1582,0.3259,3.2895,1.5391,0.6311,29.0522
Bosnia and Herzegovina,2000,Male,11.2289,0.6077,2.9724,1.8843,0.3682,27.7152
Bosnia and Herzegovina,2000,Female,5.8535,0.4227,5.3353,0.7741,0.1316,29.0727
Botswana,2020,Both sexes,8.8786,10.1928,5.196,4.8008,0.6676,59.1791
Botswana,2020,Male,17.033,4.3656,11.7006,1.2531,0.6186,93.9089
Botswana,2020,Female,17.1908,3.6823,11.6232,3.4121,3.8261,68.1791
Botswana,2015,Both sexes,18.8363,13.8553,5.2287,1.2285,1.931,94.9513
Botswana,2015,Male,20.3436,2.4253,6.1325,4.5751,4.0834,71.9015
Botswana,2015,Female,24.5895,8.0834,11.06,3.1192,2.4428,75.3172
Botswana,2010,Both sexes,16.7771,4.0919,11.6996,3.6774,2.5385,96.8885
Botswana,2010,Male,13.4903,1.545,6.991,4.3263,2.808,61.7853
Botswana,2010,Female,21.5182,1.5043,5.889,1.6012,3.7086,81.6122
Botswana,2005,Both sexes,12.6041,3.4531,7.7348,1.1544,1.7308,49.1449
Botswana,2005,Male,15.4625,13.1348,9.1899,4.5155,1.0471,101.7379
Botswana,2005,Female,9.3338,4.9547,5.4613,2.2597,3.0023,46.2511
Botswana,2000,Both sexes,8.431,14.3064,9.6283,1.5159,1.9714,90.2466
Botswana,2000,Male,24.365,9.1427,3.4649,2.8738,2.4912,58.0016
Botswana,2000,Female,22.2117,7.1126,3.4437,3.3932,3.4113,68.8318
Brazil,2020,Both sexes,11.9597,0.6221,2.9314,0.3527,0.5447,28.5507
Brazil,2020,Male,9.0895,0.565,2.7674,0.7673,0.6583,29.5978
Brazil,2020,Female,6.7329,0.7829,2.5782,0.3558,0.5898,26.5081
Brazil,2015,Both sexes,6.5644,0.3542,3.4551,1.0146,0.7658,21.3102
Brazil,2015,Male,7.5024,0.4177,2.6037,1.8217,0.7353,19.2033
Brazil,2015,Female,10.4923,0.9047,1.9613,1.9705,0.5808,22.3671
Brazil,2010,Both sexes,12.146,0.9518,2.5473,1.383,0.711,22.7394
Brazil,2010,Male,11.602,0.9033,5.8745,0.5748,0.8862,36.3087
Brazil,2010,Female,7.7993,0.4775,3.0556,1.8399,0.489,20.6962
Brazil,2005,Both sexes,14.5487,0.8023,3.2236,1.1776,0.4715,37.4417
Brazil,2005,Male,12.379,0.5287,3.8827,0.5614,0.7878,27.2944
Brazil,2005,Female,10.5435,0.5478,5.9167,1.8669,0.6243,27.1331
Brazil,2000,Both sexes,11.1172,0.2842,2.208,1.5877,0.1639,27.3194
Brazil,2000,Male,9.196,0.632,4.4064,1.5439,0.9029,32.7483
Brazil,2000,Female,7.4773,0.2675,4.5799,1.5056,0.1277,31.6604
Brunei Darussalam,2020,Both sexes,8.5597,0.3984,4.0366,0.6406,0.7736,27.2257
Brunei Darussalam,2020,Male,12.5785,0.8695,1.4429,0.6587,0.7829,25.682
Brunei Darussalam,2020,Female,5.1439,0.2864,4.3844,1.4701,0.9578,23.6061
Brunei Darussalam,2015,Both sexes,6.1607,0.164,1.3205,0.6735,0.1487,27.7905
Brunei Darussalam,2015,Male,5.46,0.1621,3.9807,1.0457,0.6372,28.3086
Brunei Darussalam,2015,Female,5.4073,0.9467,4.6979,1.6294,0.4851,23.9009
Brunei Darussalam,2010,Both sexes,13.5546,0.5562,2.0548,1.6327,0.3976,33.6365
Brunei Darussalam,2010,Male,12.0366,0.4685,5.2081,1.0705,0.1813,30.3494
Brunei Darussalam,2010,Female,9.7417,0.8298,1.1518,1.6467,0.6064,30.6635
Brunei Darussalam,2005,Both sexes,5.9783,0.8522,5.2191,1.7257,0.5311,23.5917
Brunei Darussalam,2005,Male,9.9162,0.399,3.3016,1.4131,0.1941,26.4481
Brunei Darussalam,2005,Female,9.7347,0.7243,2.0879,0.6883,0.6512,28.1817
Brunei Darussalam,2000,Both sexes,6.732,0.794,1.6689,0.7658,0.7642,18.0393
Brunei Darussalam,2000,Male,9.3385,0.6892,5.7665,0.8352,0.7906,33.3558
Brunei Darussalam,2000,Female,8.985,0.2364,1.3633,0.4986,0.9148,26.9958
Bulgaria,2020,Both sexes,11.1585,0.8883,1.9955,0.7644,0.4685,35.0696
Bulgaria,2020,Male,11.3509,0.5852,2.7391,0.6562,0.9578,32.1197
Bulgaria,2020,Female,5.453,0.3542,4.1012,1.0741,0.8789,26.2211
Bulgaria,2015,Both sexes,8.7461,0.4827,3.724,1.8443,0.3669,28.9765
Bulgaria,2015,Male,11.2586,0.1338,1.6282,0.4776,0.2434,28.5109
Bulgaria,2015,Female,10.0314,0.2151,2.4486,1.5245,0.4919,34.0886
Bulgaria,2010,Both sexes,13.5649,0.789,2.1938,1.4684,0.4617,25.1277
Bulgaria,2010,Male,11.5869,0.1,2.0677,0.4628,0.6181,33.1562
Bulgaria,2010,Female,6.6293,0.4749,3.0557,1.8684,0.625,22.4808
Bulgaria,2005,Both sexes,5.7057,0.5703,4.5202,1.2664,0.775,17.906
Bulgaria,2005,Male,11.4242,0.1492,2.0873,0.9183,0.5589,23.6605
Bulgaria,2005,Female,5.2651,0.9758,2.8334,1.5861,0.1943,23.7392
Bulgaria,2000,Both sexes,10.8578,0.3035,2.9546,0.7375,0.8725,29.0293
Bulgaria,2000,Male,14.4023,0.3738,5.8823,1.479,0.3788,35.7256
Bulgaria,2000,Female,10.7547,0.3735,5.7733,0.3675,0.9742,32.103
Burkina Faso,2020,Both sexes,14.5989,4.2258,10.2012,4.3576,1.0304,50.8617
Burkina Faso,2020,Male,18.9359,1.0206,5.1749,2.7927,4.8121,92.7013
Burkina Faso,2020,Female,15.7903,11.2108,3.6123,3.5468,0.9096,69.257
Burkina Faso,2015,Both sexes,17.2755,14.5358,5.8521,1.885,1.5397,63.2678
Burkina Faso,2015,Male,24.0049,4.1401,5.4012,3.7083,0.7096,62.9954
Burkina Faso,2015,Female,14.5637,10.2827,7.5533,4.089,3.673,87.637
Burkina Faso,2010,Both sexes,24.3402,11.3865,9.9996,2.8929,4.3263,82.9413
Burkina Faso,2010,Male,23.391,12.878,10.7249,3.4709,2.4533,93.2416
Burkina Faso,2010,Female,11.3284,6.9168,10.6038,2.8253,4.6783,94.2351
Burkina Faso,2005,Both sexes,9.1791,5.241,6.2371,4.5764,3.1563,64.3299
Burkina Faso,2005,Male,9.7132,5.5541,9.1851,2.9915,3.335,70.9942
Burkina Faso,2005,Female,8.3098,10.9767,5.8155,4.3672,4.3044,62.7347
Burkina Faso,2000,Both sexes,9.6055,12.4349,3.5481,4.2054,1.8356,79.3933
Burkina Faso,2000,Male,19.6111,3.5426,9.3141,2.642,2.0942,84.6337
Burkina Faso,2000,Female,9.2102,6.1932,3.0884,1.9203,4.5768,57.7061
Burundi,2020,Both sexes,13.4226,13.6272,6.6826,2.6243,4.5543,72.8759
Burundi,2020,Male,22.3629,12.2937,5.9644,4.3049,4.8942,95.1887
Burundi,2020,Female,8.3956,14.788,9.2404,1.9105,4.5583,84.2504
Burundi,2015,Both sexes,21.846,11.5595,9.8962,3.0977,1.0732,100.6142
Burundi,2015,Male,12.7915,6.5047,5.7369,4.2244,4.2068,92.1053
Burundi,2015,Female,10.0088,9.2689,10.3046,2.4139,2.3443,62.7134
Burundi,2010,Both sexes,19.8445,10.2542,5.6453,3.5688,4.9586,74.5827
Burundi,2010,Male,18.692,2.0984,7.0169,1.9825,2.6253,63.7258
Burundi,2010,Female,22.917,8.623,9.5432,1.4371,2.9923,86.3341
Burundi,2005,Both sexes,20.4962,10.9305,9.2363,4.1775,2.884,75.6738
Burundi,2005,Male,21.6592,3.3425,11.8863,1.3959,1.9478,82.0302
Burundi,2005,Female,12.7946,11.9288,5.0264,2.0855,0.8376,71.5843
Burundi,2000,Both sexes,11.0165,9.1728,8.9609,4.4204,4.5304,61.7995
Burundi,2000,Male,20.7605,14.3311,8.4871,2.3859,4.112,100.0312
Burundi,2000,Female,21.7162,1.5939,11.2359,4.8922,1.1279,90.0617
Cabo Verde,2020,Both sexes,14.9051,0.3388,1.7818,1.9655,0.7991,26.1783
Cabo Verde,2020,Male,9.1262,0.6414,4.759,0.7561,0.6633,29.7985
Cabo Verde,2020,Female,8.7202,0.3669,3.8413,0.3697,0.4682,28.3345
Cabo Verde,2015,Both sexes,12.7641,0.743,2.3733,1.4986,0.3286,24.2104
Cabo Verde,2015,Male,8.408,0.7831,3.3722,1.0667,0.8738,22.7792
Cabo Verde,2015,Female,14.3076,0.1923,2.6689,0.4713,0.7302,34.3349
Cabo Verde,2010,Both sexes,13.5841,0.5625,3.8966,1.5028,0.593,28.598
Cabo Verde,2010,Male,9.2899,0.558,5.445,0.353,0.6486,24.1586
Cabo Verde,2010,Female,12.5087,0.4324,3.8465,1.7793,0.182,25.238
Cabo Verde,2005,Both sexes,12.5454,0.9396,4.1586,0.5357,0.5265,31.6205
Cabo Verde,2005,Male,6.0312,0.8448,3.5937,0.5164,0.2743,31.1698
Cabo Verde,2005,Female,14.0255,0.7275,1.2558,0.5986,0.2875,29.1263
Cabo Verde,2000,Both sexes,10.0525,0.7429,2.1643,1.9325,0.6952,32.5133
Cabo Verde,2000,Male,13.2646,0.5155,3.46,1.4784,0.9201,37.1049
Cabo Verde,2000,Female,8.2005,0.9289,2.5512,1.6623,0.4634,26.5725
Cambodia,2020,Both sexes,23.2239,10.7243,4.6359,2.5905,1.4349,64.898
Cambodia,2020,Male,14.6164,11.2057,7.5372,2.3453,3.4194,60.7153
Cambodia,2020,Female,8.1842,13.0637,5.9053,1.9379,4.4203,81.4635
Cambodia,2015,Both sexes,23.3915,4.837,5.323,2.9226,3.8674,90.6281
Cambodia,2015,Male,9.5519,12.299,7.1759,3.2073,4.4094,70.5882
Cambodia,2015,Female,13.4283,3.7334,4.1996,3.5271,2.9145,67.2547
Cambodia,2010,Both sexes,24.1511,5.8348,11.3497,2.0285,3.8834,82.9799
Cambodia,2010,Male,24.1603,5.6985,10.8093,4.7946,1.1303,80.4949
Cambodia,2010,Female,17.7484,14.6994,9.3686,1.679,2.0672,97.7644
Cambodia,2005,Both sexes,18.7412,12.9915,3.9559,4.8626,2.253,75.6476
Cambodia,2005,Male,15.6236,10.8164,9.9829,1.0594,2.8008,85.7156
Cambodia,2005,Female,12.9846,11.1788,10.2716,2.9245,4.6808,59.6766
Cambodia,2000,Both sexes,13.5873,8.869,9.9099,2.3335,4.4343,59.7371
Cambodia,2000,Male,19.4328,14.2593,4.0257,2.7965,1.1054,67.0038
Cambodia,2000,Female,20.7904,7.9476,8.7952,3.2827,1.2776,84.2294
Cameroon,2020,Both sexes,21.4568,6.3272,10.5089,2.7424,2.1094,76.593
Cameroon,2020,Male,21.4235,3.2825,8.1962,2.6594,1.8083,84.9859
Cameroon,2020,Female,9.5505,12.0069,8.8177,3.9309,3.2665,63.2585
Cameroon,2015,Both sexes,16.4051,11.2822,7.1253,3.7435,4.5625,101.7325
Cameroon,2015,Male,8.9785,6.381,7.7584,4.3331,4.8303,74.294
Cameroon,2015,Female,17.342,1.3527,3.3094,1.9998,3.4412,82.7394
Cameroon,2010,Both sexes,15.506,12.746,8.7507,3.4381,4.2717,65.4357
Cameroon,2010,Male,23.091,1.1599,3.733,3.3408,2.8634,60.2678
Cameroon,2010,Female,13.9656,10.8518,6.9151,2.479,1.4375,72.1535
Cameroon,2005,Both sexes,9.9901,14.5836,5.6339,2.9442,2.8611,77.3652
Cameroon,2005,Male,10.4309,7.1273,7.9089,2.2551,2.9979,75.5662
Cameroon,2005,Female,20.9457,4.2896,4.2007,1.5674,3.8411,50.5431
Cameroon,2000,Both sexes,18.5097,10.8682,9.2248,1.8552,1.4895,94.0056
Cameroon,2000,Male,9.7191,12.4398,10.1551,1.4221,2.1574,84.8122
Cameroon,2000,Female,9.4298,8.65,4.4702,3.7323,2.1381,87.6507
Canada,2020,Both sexes,6.2058,0.1454,0.7608,0.3473,0.1927,9.6749
Canada,2020,Male,2.4366,0.0172,0.8638,0.4778,0.0999,7.6148
Canada,2020,Female,6.9312,0.0807,2.6928,0.3784,0.1559,13.9861
Canada,2015,Both sexes,6.2375,0.1106,1.8205,0.0734,0.1551,11.4092
Canada,2015,Male,2.4881,0.1308,1.6682,0.4479,0.0678,6.3146
Canada,2015,Female,2.509,0.0351,0.7668,0.4382,0.1229,5.9111
Canada,2010,Both sexes,7.9198,0.122,2.1239,0.2495,0.181,15.5892
Canada,2010,Male,4.2456,0.0874,2.67,0.3136,0.1055,12.2079
Canada,2010,Female,4.2239,0.0655,2.5705,0.4892,0.1901,11.5276
Canada,2005,Both sexes,6.8768,0.0284,2.0651,0.2895,0.0586,13.0585
Canada,2005,Male,7.6835,0.1311,0.6882,0.4574,0.0333,13.5532
Canada,2005,Female,7.916,0.032,0.781,0.0874,0.1805,11.0547
Canada,2000,Both sexes,6.5203,0.0534,0.6233,0.136,0.1726,9.0891
Canada,2000,Male,4.2576,0.0506,1.1437,0.2483,0.1987,7.4327
Canada,2000,Female,2.501,0.132,0.8392,0.3131,0.1423,6.8808
Central African Republic,2020,Both sexes,21.2115,10.4178,5.3404,4.2649,4.7151,103.9457
Central African Republic,2020,Male,17.4929,12.1535,6.4655,4.953,4.2213,82.1746
Central African Republic,2020,Female,15.2118,4.5066,11.4868,2.5554,4.2999,88.842
Central African Republic,2015,Both sexes,23.408,9.7482,8.4934,1.1897,3.0611,97.5181
Central African Republic,2015,Male,9.8904,9.0044,10.5148,4.2047,2.2206,64.8409
Central African Republic,2015,Female,16.3746,12.6596,9.3932,3.4175,4.7055,79.4461
Central African Republic,2010,Both sexes,8.193,13.6852,4.0125,1.7942,2.4445,50.4786
Central African Republic,2010,Male,15.9672,1.1702,9.6233,2.9793,2.9247,78.9161
Central African Republic,2010,Female,8.9572,10.4363,5.4759,3.9692,2.5075,90.3701
Central African Republic,2005,Both sexes,10.0199,1.7257,8.752,4.0816,3.0417,55.7631
Central African Republic,2005,Male,9.9979,8.684,6.0687,2.9985,2.6173,78.9581
Central African Republic,2005,Female,19.0366,5.0269,11.9791,2.2209,0.7159,79.3006
Central African Republic,2000,Both sexes,20.6828,5.2949,5.372,4.895,4.4692,62.5615
Central African Republic,2000,Male,17.9173,5.9414,5.5122,3.6535,2.4998,88.4999
Central African Republic,2000,Female,24.3569,9.6981,11.3761,2.633,3.1502,76.2053
Chad,2020,Both sexes,14.3728,5.6767,3.2218,2.1219,1.1263,54.2818
Chad,2020,Male,12.8571,11.2578,9.2702,3.9244,0.5152,72.3361
Chad,2020,Female,22.7662,6.6634,9.5279,1.9687,1.6038,81.6275
Chad,2015,Both sexes,11.8011,1.9569,10.5274,1.6868,3.6706,82.5318
Chad,2015,Male,24.3748,11.9726,11.77,3.1193,0.9464,87.388
Chad,2015,Female,8.2066,5.0006,11.7804,2.1599,4.59,68.2259
Chad,2010,Both sexes,24.4879,7.0587,3.5875,3.5156,1.4676,60.1877
Chad,2010,Male,8.7337,10.5962,10.3966,1.4718,1.4207,88.5963
Chad,2010,Female,23.1494,5.6544,8.8168,3.6198,1.3168,71.5933
Chad,2005,Both sexes,16.9709,1.7922,8.8261,2.1332,0.5629,64.1989
Chad,2005,Male,24.8804,6.2349,4.1551,1.001,3.9731,89.8965
Chad,2005,Female,9.2545,14.2223,8.8517,1.5077,4.4377,67.2304
Chad,2000,Both sexes,17.4155,9.9843,11.8423,4.7345,3.2637,71.4545
Chad,2000,Male,24.4781,10.4007,11.2064,4.4694,1.3469,91.6918
Chad,2000,Female,16.8927,9.852,6.9522,1.9344,1.7838,77.1848
Chile,2020,Both sexes,11.294,0.2791,1.1997,1.6232,0.5283,21.5333
Chile,2020,Male,11.9575,0.4765,2.8115,1.3346,0.9589,35.5072
Chile,2020,Female,9.5454,0.7758,5.132,1.9505,0.3226,24.0548
Chile,2015,Both sexes,11.2756,0.1912,4.5075,0.9351,0.7585,36.6563
Chile,2015,Male,10.8431,0.3501,3.2967,1.4585,0.4955,35.5932
Chile,2015,Female,14.0116,0.3487,1.2755,0.408,0.3681,35.1158
Chile,2010,Both sexes,5.4545,0.4888,3.1345,0.9736,0.5103,28.4146
Chile,2010,Male,7.8096,0.9823,3.3451,1.9385,0.1641,30.4363
Chile,2010,Female,14.5041,0.1608,5.6428,1.2163,0.8188,39.3172
Chile,2005,Both sexes,13.9026,0.5668,4.2054,0.7894,0.319,29.5412
Chile,2005,Male,9.5566,0.2614,2.5583,0.5045,0.7529,20.1978
Chile,2005,Female,11.2013,0.9736,3.6266,1.496,0.1615,28.2215
Chile,2000,Both sexes,7.7738,0.202,1.3303,1.3963,0.9596,18.6785
Chile,2000,Male,6.8812,0.4632,5.8628,0.9357,0.2737,31.6094
Chile,2000,Female,9.637,0.7641,2.8003,1.9166,0.8945,21.7338
China,2020,Both sexes,8.5335,0.7341,3.3893,0.3377,0.8285,33.7844
China,2020,Male,10.8366,0.4805,2.7764,0.8163,0.9711,27.4971
China,2020,Female,5.7773,0.4119,4.4126,1.8658,0.5301,32.8542
China,2015,Both sexes,14.7439,0.4579,4.3112,0.8456,0.7547,36.1189
China,2015,Male,14.8621,0.3378,4.5766,0.7288,0.4336,40.2273
China,2015,Female,11.9816,0.2848,2.3407,1.2082,0.2659,29.5818
China,2010,Both sexes,10.361,0.5347,2.5783,1.7005,0.4988,30.6718
China,2010,Male,8.0953,0.3417,1.6263,0.4753,0.2492,29.0855
China,2010,Female,13.138,0.3587,4.2775,1.9031,0.9838,29.6196
China,2005,Both sexes,11.8473,0.6911,1.199,1.6516,0.1866,23.0076
China,2005,Male,6.6262,0.9717,3.9884,0.6081,0.6303,31.7968
China,2005,Female,14.1093,0.6433,5.3485,1.5104,0.6638,34.7568
China,2000,Both sexes,13.2254,0.1693,5.4542,0.9544,0.5843,25.9885
China,2000,Male,14.498,0.168,3.2452,0.9839,0.696,28.8794
China,2000,Female,12.2572,0.9563,3.2965,1.6316,0.2046,27.6929
Colombia,2020,Both sexes,11.1342,0.3676,1.3848,1.9367,0.5995,22.3038
Colombia,2020,Male,9.1824,0.1829,4.3538,0.5153,0.3585,33.7384
Colombia,2020,Female,14.3273,0.6391,5.1063,1.0151,0.9462,30.0069
Colombia,2015,Both sexes,13.6606,0.6613,2.2233,1.1176,0.7859,31.4271
Colombia,2015,Male,5.4522,0.6837,3.1065,0.9397,0.9753,16.931
Colombia,2015,Female,5.2637,0.3407,5.1942,0.9174,0.1338,26.923
Colombia,2010,Both sexes,8.7646,0.1136,5.3856,0.3889,0.3566,34.0754
Colombia,2010,Male,13.1055,0.9685,2.2159,1.4654,0.2759,31.0049
Colombia,2010,Female,14.8728,0.3258,3.7529,1.0416,0.11,34.7129
Colombia,2005,Both sexes,6.5042,0.7084,1.9625,0.6311,0.3181,27.772
Colombia,2005,Male,10.9413,0.736,1.5094,1.6873,0.7109,31.4325
Colombia,2005,Female,8.8089,0.649,5.5556,1.6644,0.308,24.9801
Colombia,2000,Both sexes,14.6991,0.3816,5.1025,1.1269,0.5581,27.4604
Colombia,2000,Male,13.4212,0.344,4.8002,0.8074,0.899,39.9591
Colombia,2000,Female,13.3833,0.6379,1.2438,1.3848,0.7244,30.7824
Comoros,2020,Both sexes,9.6869,0.8795,5.2186,0.7899,0.4552,33.6864
Comoros,2020,Male,9.1482,0.9521,3.1902,0.7012,0.4352,25.7644
Comoros,2020,Female,7.7341,0.1953,2.712,1.5419,0.5102,23.4443
Comoros,2015,Both sexes,5.5638,0.2393,3.7324,0.3686,0.2593,17.9435
Comoros,2015,Male,13.6472,0.9503,1.4568,0.4611,0.6706,35.0262
Comoros,2015,Female,13.129,0.7629,4.7832,0.3115,0.4277,36.8536
Comoros,2010,Both sexes,14.9972,0.8947,3.9122,0.56,0.8671,27.8187
Comoros,2010,Male,14.9664,0.2824,1.933,0.4173,0.7809,30.4889
Comoros,2010,Female,10.5543,0.6288,1.9412,1.9929,0.6495,30.1339
Comoros,2005,Both sexes,12.6899,0.731,1.9212,0.791,0.4278,35.4035
Comoros,2005,Male,14.4477,0.7121,1.285,0.5538,0.2889,27.1918
Comoros,2005,Female,13.4965,0.4673,3.939,0.7097,0.7985,32.4275
Comoros,2000,Both sexes,7.4735,0.1139,5.2017,1.8914,0.5378,26.3284
Comoros,2000,Male,9.5054,0.6246,1.0875,1.1843,0.3023,20.7839
Comoros,2000,Female,6.2916,0.3278,1.245,0.9202,0.2757,20.7803
Congo,2020,Both sexes,24.2189,7.3036,8.1549,4.4936,1.2443,63.3863
Congo,2020,Male,18.305,14.4061,10.3755,2.58,3.9972,104.3958
Congo,2020,Female,11.8869,6.5865,5.9407,2.34,1.5304,80.2359
Congo,2015,Both sexes,19.4189,12.7572,6.1465,1.8291,2.8699,75.4299
Congo,2015,Male,18.5082,3.6396,8.3671,2.5112,2.532,69.6856
Congo,2015,Female,14.0888,10.4144,5.4679,2.2667,3.1082,73.1996
Congo,2010,Both sexes,9.9305,14.6781,3.2395,3.7092,4.4472,86.3726
Congo,2010,Male,19.4167,2.4265,9.6171,2.1583,4.4049,97.3949
Congo,2010,Female,16.8452,1.1165,8.6308,3.3088,2.5298,54.8669
Congo,2005,Both sexes,21.1294,7.0702,8.2268,1.2636,0.5691,92.6517
Congo,2005,Male,16.8428,2.2968,9.6752,1.7652,2.419,58.7531
Congo,2005,Female,22.4871,11.4774,9.0771,2.6296,3.2279,103.6447
Congo,2000,Both sexes,17.3824,13.8037,4.8529,4.7478,3.0099,66.7061
Congo,2000,Male,17.5359,7.0763,6.1723,2.509,3.431,76.6729
Congo,2000,Female,22.9031,4.622,4.135,3.6563,1.1933,83.6613
Costa Rica,2020,Both sexes,9.0348,0.491,1.6493,0.7336,0.6819,28.3538
Costa Rica,2020,Male,6.3402,0.7511,4.381,0.516,0.2644,25.4608
Costa Rica,2020,Female,5.2878,0.1081,5.293,0.3995,0.7755,31.7908
Costa Rica,2015,Both sexes,12.5514,0.6305,5.8137,0.8192,0.4052,34.7484
Costa Rica,2015,Male,11.2031,0.652,4.1417,0.568,0.7389,34.5024
Costa Rica,2015,Female,12.0408,0.6739,1.9205,0.5958,0.1431,23.7045
Costa Rica,2010,Both sexes,7.1296,0.3178,1.5283,1.5933,0.4671,17.5209
Costa Rica,2010,Male,6.3637,0.7426,5.0643,0.3269,0.7345,28.6618
Costa Rica,2010,Female,5.1454,0.1823,3.8938,1.2483,0.3042,24.0273
Costa Rica,2005,Both sexes,8.5059,0.2793,4.0914,0.9451,0.8158,22.5217
Costa Rica,2005,Male,10.8992,0.8897,4.9073,1.1611,0.6677,26.0453
Costa Rica,2005,Female,8.9224,0.7649,4.5164,1.2568,0.6288,35.0802
Costa Rica,2000,Both sexes,9.3747,0.1124,5.1723,0.8327,0.4182,21.3356
Costa Rica,2000,Male,14.0416,0.3235,1.2811,0.8017,0.5342,27.4454
Costa Rica,2000,Female,8.4826,0.293,4.7376,1.5468,0.6376,20.7995
Côte d’Ivoire,2020,Both sexes,10.1399,0.3437,5.2543,1.7812,0.5252,27.3282
Côte d’Ivoire,2020,Male,12.8365,0.3228,2.4307,0.6274,0.7285,34.451
Côte d’Ivoire,2020,Female,8.9654,0.1563,4.2022,0.466,0.4903,23.3151
Côte d’Ivoire,2015,Both sexes,11.2209,0.513,2.5708,1.8263,0.282,25.8693
Côte d’Ivoire,2015,Male,13.6236,0.7595,5.7899,0.8948,0.2925,32.0051
Côte d’Ivoire,2015,Female,14.4952,0.6461,1.1671,1.2372,0.1052,33.3326
Côte d’Ivoire,2010,Both sexes,6.4707,0.7056,3.899,0.9112,0.3709,20.6346
Côte d’Ivoire,2010,Male,14.2659,0.173,1.8325,0.5139,0.774,29.4165
Côte d’Ivoire,2010,Female,9.9212,0.9563,4.5611,1.3019,0.8147,22.9791
Côte d’Ivoire,2005,Both sexes,7.5824,0.8546,1.8795,1.1927,0.2822,22.973
Côte d’Ivoire,2005,Male,9.5914,0.8246,2.1769,0.6451,0.9631,20.0826
Côte d’Ivoire,2005,Female,14.8003,0.8407,3.4719,1.0682,0.5522,30.5917
Côte d’Ivoire,2000,Both sexes,9.9262,0.9394,5.5742,1.6548,0.9253,25.5397
Côte d’Ivoire,2000,Male,8.2875,0.5898,2.0586,1.3037,0.7361,32.5866
Côte d’Ivoire,2000,Female,11.334,0.2803,1.7212,0.4648,0.7502,19.777
Croatia,2020,Both sexes,3.4409,0.0963,2.3974,0.2966,0.0353,9.6808
Croatia,2020,Male,2.4552,0.114,1.7515,0.3662,0.0596,6.0613
Croatia,2020,Female,2.7733,0.1133,2.7795,0.4067,0.0216,8.6018
Croatia,2015,Both sexes,2.7683,0.083,0.8665,0.3331,0.1489,8.3696
Croatia,2015,Male,2.9114,0.0196,2.1148,0.1187,0.082,7.3261
Croatia,2015,Female,2.833,0.062,1.0822,0.3696,0.1616,8.8968
Croatia,2010,Both sexes,5.8452,0.1389,0.8919,0.3548,0.081,10.1672
Croatia,2010,Male,3.0913,0.0918,2.2086,0.061,0.1675,7.2069
Croatia,2010,Female,4.074,0.0854,1.9842,0.2353,0.0435,8.3608
Croatia,2005,Both sexes,7.3807,0.0476,2.3871,0.1998,0.0512,12.8687
Croatia,2005,Male,4.8438,0.0616,1.2737,0.3512,0.0814,11.0982
Croatia,2005,Female,6.0053,0.1353,1.6199,0.1473,0.0935,9.5422
Croatia,2000,Both sexes,3.0339,0.1033,1.5137,0.3159,0.0828,6.8314
Croatia,2000,Male,3.1537,0.1202,2.9602,0.4609,0.1575,9.9022
Croatia,2000,Female,2.2452,0.0736,1.2306,0.409,0.0375,8.219
Cuba,2020,Both sexes,6.6894,0.6672,2.4741,1.8665,0.4161,28.9001
Cuba,2020,Male,7.7859,0.3235,2.7727,1.9635,0.8535,28.7423
Cuba,2020,Female,6.7701,0.7349,3.823,0.3181,0.1601,19.2971
Cuba,2015,Both sexes,5.887,0.4848,2.2616,1.3587,0.9481,25.5282
Cuba,2015,Male,6.2064,0.4983,5.5764,1.0018,0.9877,31.2945
Cuba,2015,Female,9.6078,0.6844,2.3284,1.7618,0.1797,28.3968
Cuba,2010,Both sexes,7.0633,0.9427,5.4791,0.7281,0.3621,28.6649
Cuba,2010,Male,8.6427,0.1576,1.5174,1.9678,0.4352,31.1034
Cuba,2010,Female,10.0342,0.8423,4.2828,1.3433,0.7988,22.9518
Cuba,2005,Both sexes,11.9039,0.3631,5.5349,1.649,0.6363,26.6738
Cuba,2005,Male,5.3931,0.4995,1.8437,0.4455,0.6799,26.3524
Cuba,2005,Female,12.9941,0.1197,5.8416,0.6119,0.7818,30.1331
Cuba,2000,Both sexes,11.279,0.3709,3.2644,1.5893,0.2062,30.4402
Cuba,2000,Male,5.8176,0.5524,5.7286,0.3374,0.8499,23.7227
Cuba,2000,Female,13.7358,0.1506,4.3841,1.6887,0.7351,30.8956
Cyprus,2020,Both sexes,7.5252,0.0788,1.254,0.0563,0.1239,12.9533
Cyprus,2020,Male,2.3665,0.1398,0.9708,0.3457,0.1802,6.0962
Cyprus,2020,Female,3.6613,0.0248,1.2593,0.2143,0.1461,8.3615
Cyprus,2015,Both sexes,6.8372,0.117,0.7325,0.3252,0.0563,12.286
Cyprus,2015,Male,6.4896,0.0674,0.8597,0.3632,0.0974,12.8033
Cyprus,2015,Female,3.1071,0.1017,0.7617,0.2041,0.1089,5.4581
Cyprus,2010,Both sexes,3.2561,0.0464,1.5574,0.0986,0.0299,7.8396
Cyprus,2010,Male,4.2228,0.0323,2.4889,0.0813,0.1918,10.2742
Cyprus,2010,Female,4.9071,0.0325,0.8535,0.315,0.0431,7.8986
Cyprus,2005,Both sexes,5.7095,0.0199,0.8258,0.2843,0.1455,10.3898
Cyprus,2005,Male,4.2135,0.036,2.1086,0.384,0.1111,10.549
Cyprus,2005,Female,4.7752,0.103,0.993,0.2794,0.0246,10.6421
Cyprus,2000,Both sexes,6.4848,0.1334,0.744,0.2401,0.1865,12.3341
Cyprus,2000,Male,2.2201,0.124,0.9171,0.2291,0.1733,7.7432
Cyprus,2000,Female,3.5146,0.1059,2.8093,0.0619,0.1144,9.3118
Czechia,2020,Both sexes,6.2801,0.0255,2.5537,0.201,0.0612,12.6316
Czechia,2020,Male,7.3712,0.0505,1.3852,0.4892,0.0419,12.5707
Czechia,2020,Female,5.0701,0.0534,2.1396,0.4431,0.0854,8.9334
Czechia,2015,Both sexes,5.1927,0.045,1.8432,0.1982,0.066,8.7807
Czechia,2015,Male,2.643,0.0821,2.1928,0.3145,0.1112,9.84
Czechia,2015,Female,4.6845,0.085,2.2067,0.4313,0.194,10.1932
Czechia,2010,Both sexes,5.1957,0.06,2.0718,0.2486,0.1235,10.4715
Czechia,2010,Male,3.4548,0.0595,1.1653,0.0581,0.1802,8.1507
Czechia,2010,Female,3.6155,0.126,0.5975,0.0835,0.1372,6.5066
Czechia,2005,Both sexes,4.2637,0.1205,1.6389,0.2797,0.1055,10.1625
Czechia,2005,Male,2.1204,0.0531,2.7274,0.4862,0.1738,8.8113
Czechia,2005,Female,3.9325,0.1379,1.9237,0.3619,0.1048,7.6619
Czechia,2000,Both sexes,3.2687,0.1434,2.581,0.0819,0.1764,10.1443
Czechia,2000,Male,3.965,0.0557,2.9791,0.1352,0.0725,10.3861
Czechia,2000,Female,2.7186,0.0596,0.909,0.3971,0.0432,7.2611
Democratic People's Republic of Korea,2020,Both sexes,13.9053,0.5551,4.4589,1.7304,0.8698,41.4209
Democratic People's Republic of Korea,2020,Male,10.9359,0.947,4.3715,1.3501,0.6287,26.3267
Democratic People's Republic of Korea,2020,Female,11.791,0.8887,5.8998,1.3955,0.9002,30.7186
Democratic People's Republic of Korea,2015,Both sexes,12.8917,0.1923,5.928,0.3482,0.944,35.5058
Democratic People's Republic of Korea,2015,Male,9.9844,0.4535,4.4334,1.7085,0.1483,25.6554
Democratic People's Republic of Korea,2015,Female,5.8692,0.598,2.2181,1.6401,0.5509,30.3505
Democratic People's Republic of Korea,2010,Both sexes,10.3711,0.5528,4.9928,0.7404,0.4375,34.3508
Democratic People's Republic of Korea,2010,Male,10.8684,0.2745,1.5351,1.5048,0.6633,24.2849
Democratic People's Republic of Korea,2010,Female,12.4544,0.8729,4.9035,0.6653,0.8142,39.0633
Democratic People's Republic of Korea,2005,Both sexes,9.3166,0.7092,5.551,0.3686,0.3525,31.6342
Democratic People's Republic of Korea,2005,Male,6.2758,0.8541,2.9142,0.6419,0.6011,22.3054
Democratic People's Republic of Korea,2005,Female,7.8378,0.8729,4.1532,0.6037,0.7379,33.6498
Democratic People's Republic of Korea,2000,Both sexes,8.6308,0.7735,3.1507,0.8742,0.221,22.6222
Democratic People's Republic of Korea,2000,Male,11.4592,0.4953,3.1888,1.0114,0.8327,33.448
Democratic People's Republic of Korea,2000,Female,10.7078,0.6495,2.5519,1.1645,0.6455,30.2043
Democratic Republic of the Congo,2020,Both sexes,14.0536,3.2451,9.8592,2.907,4.7729,84.8114
Democratic Republic of the Congo,2020,Male,24.7708,10.431,11.4256,2.0827,2.0279,86.9241
Democratic Republic of the Congo,2020,Female,18.2982,3.5095,11.4668,1.1167,0.9867,73.6935
Democratic Republic of the Congo,2015,Both sexes,12.0329,10.7153,4.573,3.4204,2.7793,49.1488
Democratic Republic of the Congo,2015,Male,9.7303,4.2144,10.8727,2.583,0.8861,77.8145
Democratic Republic of the Congo,2015,Female,10.5986,2.6457,9.6369,2.1947,4.8629,48.3763
Democratic Republic of the Congo,2010,Both sexes,12.1813,3.314,5.2755,4.4678,0.6741,57.6429
Democratic Republic of the Congo,2010,Male,10.7316,1.0279,3.6056,3.987,3.8908,54.6539
Democratic Republic of the Congo,2010,Female,11.1716,11.0624,5.412,4.4311,2.863,91.1453
Democratic Republic of the Congo,2005,Both sexes,12.8466,11.2536,11.2099,2.9799,2.1588,64.4144
Democratic Republic of the Congo,2005,Male,10.9474,8.2091,8.6986,1.5237,0.7963,86.5167
Democratic Republic of the Congo,2005,Female,23.245,3.2591,9.4895,3.7849,3.2998,63.2072
Democratic Republic of the Congo,2000,Both sexes,9.364,2.1698,5.3144,1.8243,3.1335,70.4555
Democratic Republic of the Congo,2000,Male,16.9167,1.2678,9.4745,2.7649,1.764,53.7564
Democratic Republic of the Congo,2000,Female,14.9767,3.3205,3.2531,1.26,4.596,81.6655
Denmark,2020,Both sexes,7.8943,0.1347,1.4383,0.4214,0.0747,13.6998
Denmark,2020,Male,2.6722,0.0438,2.0669,0.1067,0.101,9.8252
Denmark,2020,Female,4.3871,0.0596,0.8652,0.4564,0.1179,7.1406
Denmark,2015,Both sexes,7.8168,0.0247,2.5575,0.4389,0.038,12.8708
Denmark,2015,Male,7.193,0.0411,1.0876,0.2591,0.1878,11.9376
Denmark,2015,Female,6.9024,0.0827,2.1307,0.385,0.0874,11.4537
Denmark,2010,Both sexes,3.5474,0.0951,1.513,0.3288,0.0345,7.1521
Denmark,2010,Male,3.0253,0.0443,1.9901,0.4114,0.0897,9.9467
Denmark,2010,Female,6.0119,0.0181,0.7686,0.2443,0.128,10.9704
Denmark,2005,Both sexes,7.5763,0.0647,0.5423,0.4036,0.1125,10.7924
Denmark,2005,Male,5.3406,0.0428,2.7739,0.2581,0.145,11.1145
Denmark,2005,Female,5.4297,0.0407,1.1741,0.4734,0.03,11.2676
Denmark,2000,Both sexes,3.6799,0.1444,2.5492,0.2689,0.0712,10.0886
Denmark,2000,Male,6.617,0.0963,2.9984,0.2582,0.1675,12.8563
Denmark,2000,Female,3.1223,0.088,1.0286,0.4033,0.0344,8.8429
Djibouti,2020,Both sexes,8.2368,0.4742,2.3259,1.6967,0.8699,19.6313
Djibouti,2020,Male,9.2544,0.486,4.3143,1.2426,0.1827,25.9708
Djibouti,2020,Female,10.0761,0.5868,5.8272,0.6057,0.851,29.8365
Djibouti,2015,Both sexes,7.4241,0.7268,5.5791,1.0952,0.4247,32.7586
Djibouti,2015,Male,6.1484,0.7319,3.5144,1.9457,0.651,25.8385
Djibouti,2015,Female,11.1062,0.2545,4.9756,1.5801,0.2376,37.2624
Djibouti,2010,Both sexes,7.8863,0.5501,1.6787,1.679,0.1596,18.1109
Djibouti,2010,Male,10.8124,0.4708,5.8872,0.3558,0.2943,37.8104
Djibouti,2010,Female,6.5436,0.8835,5.8218,1.0954,0.2151,34.4058
Djibouti,2005,Both sexes,9.8114,0.6683,1.8186,1.3993,0.3812,31.2119
Djibouti,2005,Male,10.3259,0.5793,2.4971,1.7111,0.5629,33.8066
Djibouti,2005,Female,5.5182,0.2039,1.5008,0.3838,0.6299,26.2252
Djibouti,2000,Both sexes,8.366,0.6451,2.3586,1.7491,0.8109,21.1966
Djibouti,2000,Male,6.3441,0.2055,5.0798,1.2323,0.6906,32.4907
Djibouti,2000,Female,5.6337,0.4035,2.8916,0.6354,0.6479,25.3465
Dominican Republic,2020,Both sexes,14.8996,0.2286,1.442,0.8393,0.4706,31.8365
Dominican Republic,2020,Male,8.2235,0.7229,2.7111,0.7793,0.5264,32.796
Dominican Republic,2020,Female,13.0987,0.2856,5.9069,1.2025,0.4731,29.78
Dominican Republic,2015,Both sexes,7.5464,0.4527,4.1484,0.3879,0.8579,33.2885
Dominican Republic,2015,Male,11.815,0.9061,3.0808,0.5695,0.307,36.6177
Dominican Republic,2015,Female,12.6023,0.2839,1.8327,1.6816,0.1051,35.2847
Dominican Republic,2010,Both sexes,10.9564,0.557,5.9309,0.5254,0.6862,27.3796
Dominican Republic,2010,Male,9.7158,0.4773,5.1042,0.6968,0.2822,21.4082
Dominican Republic,2010,Female,9.1184,0.1163,2.4074,1.0707,0.9011,25.0091
Dominican Republic,2005,Both sexes,8.4887,0.8135,1.3503,1.1791,0.8731,31.4154
Dominican Republic,2005,Male,14.2953,0.1621,1.2831,1.5981,0.1691,34.3655
Dominican Republic,2005,Female,13.3062,0.5268,1.6019,1.0605,0.1957,25.2364
Dominican Republic,2000,Both sexes,14.6503,0.6046,3.9038,1.6428,0.5457,31.66
Dominican Republic,2000,Male,6.243,0.6656,5.6438,1.3512,0.6483,27.0544
Dominican Republic,2000,Female,12.3087,0.7198,3.4837,0.4923,0.3474,28.2723
Ecuador,2020,Both sexes,14.3834,0.3279,5.2147,0.5658,0.7451,40.0095
Ecuador,2020,Male,6.8123,0.109,3.2294,1.043,0.6354,23.1837
Ecuador,2020,Female,5.665,0.7511,4.5429,0.9747,0.3923,21.5007
Ecuador,2015,Both sexes,12.4112,0.5821,4.6594,1.564,0.1228,31.2697
Ecuador,2015,Male,10.7447,0.8525,1.8698,1.2873,0.7751,29.6435
Ecuador,2015,Female,13.4183,0.8392,2.8061,0.9598,0.2933,31.2755
Ecuador,2010,Both sexes,6.3977,0.859,4.1865,0.5903,0.851,30.8077
Ecuador,2010,Male,12.9527,0.5366,1.3535,0.6856,0.4783,25.6569
Ecuador,2010,Female,7.0163,0.4003,2.8077,1.2784,0.6194,31.6509
Ecuador,2005,Both sexes,6.6366,0.8124,3.674,1.0198,0.8857,29.5446
Ecuador,2005,Male,6.6427,0.5062,5.9811,1.1754,0.8773,24.806
Ecuador,2005,Female,13.1457,0.2651,3.3727,0.5902,0.4344,33.2588
Ecuador,2000,Both sexes,11.652,0.8695,5.0803,1.4269,0.288,39.2795
Ecuador,2000,Male,10.2307,0.8943,3.1603,1.7493,0.7976,35.8199
Ecuador,2000,Female,8.5883,0.5197,4.982,0.7385,0.4898,30.5252
Egypt,2020,Both sexes,13.772,0.1681,3.9771,1.1356,0.2728,26.9609
Egypt,2020,Male,8.9245,0.449,5.433,1.9584,0.914,26.5595
Egypt,2020,Female,13.166,0.8232,3.0547,0.8665,0.2783,28.8742
Egypt,2015,Both sexes,9.3913,0.9116,4.0215,1.3116,0.1232,30.2906
Egypt,2015,Male,8.7694,0.2831,4.1501,0.4533,0.1183,26.5293
Egypt,2015,Female,9.6268,0.1603,3.0869,1.3302,0.6601,25.7607
Egypt,2010,Both sexes,8.0138,0.8896,1.7216,0.4524,0.6955,21.4125
Egypt,2010,Male,12.4761,0.4505,1.4678,1.9307,0.3799,23.9496
Egypt,2010,Female,10.0272,0.5876,1.0834,1.5166,0.388,29.7942
Egypt,2005,Both sexes,7.3221,0.9713,5.3677,1.6399,0.4055,24.6373
Egypt,2005,Male,13.9957,0.1599,2.1824,1.497,0.7121,25.0629
Egypt,2005,Female,8.8389,0.6835,2.0575,1.3025,0.1523,21.8194
Egypt,2000,Both sexes,10.4355,0.1667,4.6802,1.0649,0.9362,23.8691
Egypt,2000,Male,14.0647,0.4379,2.6001,1.7592,0.3003,36.1613
Egypt,2000,Female,11.2424,0.8234,3.5302,1.9266,0.9997,27.3082
El Salvador,2020,Both sexes,6.169,0.4901,1.8126,1.1484,0.2544,17.0357
El Salvador,2020,Male,14.3983,0.9975,5.7987,1.8836,0.7944,33.035
El Salvador,2020,Female,11.2771,0.6032,5.2579,1.2917,0.3011,37.6342
El Salvador,2015,Both sexes,8.3491,0.389,5.3189,1.2153,0.1728,29.632
El Salvador,2015,Male,6.3927,0.2981,3.0339,1.0726,0.8874,28.9749
El Salvador,2015,Female,12.9403,0.4155,4.8118,0.6558,0.8729,38.3835
El Salvador,2010,Both sexes,11.2007,0.4353,1.7194,0.3063,0.4632,32.3707
El Salvador,2010,Male,10.3346,0.1618,1.0431,0.7106,0.7322,29.3156
El Salvador,2010,Female,13.9389,0.4326,1.0999,1.1665,0.6014,28.2348
El Salvador,2005,Both sexes,12.886,0.5178,3.933,0.9459,0.8677,32.5557
El Salvador,2005,Male,6.5167,0.7505,3.277,1.0624,0.3836,22.0041
El Salvador,2005,Female,8.1172,0.6911,3.5901,1.9671,0.5713,24.2982
El Salvador,2000,Both sexes,7.4849,0.7379,1.0373,0.8955,0.5368,23.5543
El Salvador,2000,Male,12.4395,0.1075,3.1134,1.0687,0.4185,24.7552
El Salvador,2000,Female,5.3353,0.2959,4.5903,0.527,0.9023,29.5347
Equatorial Guinea,2020,Both sexes,10.6989,0.6955,3.2135,0.3815,0.2493,27.8751
Equatorial Guinea,2020,Male,12.6246,0.5356,4.6611,1.6182,0.2346,38.1111
Equatorial Guinea,2020,Female,13.7677,0.1048,2.1651,1.2702,0.6192,24.6149
Equatorial Guinea,2015,Both sexes,8.4208,0.824,5.0657,1.5932,0.6917,24.0071
Equatorial Guinea,2015,Male,13.2126,0.7955,3.9422,0.5548,0.2752,30.5364
Equatorial Guinea,2015,Female,6.1063,0.5936,2.0538,1.2721,0.4516,24.8859
Equatorial Guinea,2010,Both sexes,13.4645,0.1598,2.1836,0.7312,0.9519,32.2712
Equatorial Guinea,2010,Male,6.2749,0.7899,4.1402,0.6877,0.322,30.8207
Equatorial Guinea,2010,Female,8.9729,0.6253,5.1497,0.3196,0.7015,33.1391
Equatorial Guinea,2005,Both sexes,12.973,0.8038,3.0781,0.5216,0.7661,33.6675
Equatorial Guinea,2005,Male,6.4992,0.7766,2.2915,0.8258,0.5033,23.8756
Equatorial Guinea,2005,Female,7.2925,0.8227,5.3351,0.4987,0.9438,27.2383
Equatorial Guinea,2000,Both sexes,12.2225,0.5662,4.3463,1.976,0.763,33.1726
Equatorial Guinea,2000,Male,12.2004,0.2263,3.2404,0.8247,0.5121,34.187
Equatorial Guinea,2000,Female,11.4115,0.704,3.4395,0.5216,0.6124,26.0476
Eritrea,2020,Both sexes,11.9395,0.6584,2.0213,0.6384,0.7234,34.2405
Eritrea,2020,Male,10.4272,0.768,4.134,1.2991,0.633,27.871
Eritrea,2020,Female,7.518,0.2529,2.7937,0.4089,0.8908,21.3454
Eritrea,2015,Both sexes,8.457,0.2755,5.9782,1.7661,0.4212,34.4572
Eritrea,2015,Male,6.816,0.9014,3.4009,1.9345,0.3699,28.6832
Eritrea,2015,Female,14.0845,0.775,3.4294,0.7195,0.2925,35.4469
Eritrea,2010,Both sexes,10.8339,0.9174,3.8293,1.0652,0.134,34.3497
Eritrea,2010,Male,9.0085,0.7828,5.5838,0.3376,0.1387,27.3296
Eritrea,2010,Female,9.6201,0.6374,5.0041,1.3892,0.883,30.1673
Eritrea,2005,Both sexes,14.4728,0.6887,3.2557,1.0037,0.7106,33.142
Eritrea,2005,Male,6.5335,0.9002,4.5935,0.7591,0.6945,25.1518
Eritrea,2005,Female,10.8623,0.6209,3.9312,0.6516,0.6532,24.615
Eritrea,2000,Both sexes,10.0589,0.6692,3.4618,1.4118,0.8643,23.452
Eritrea,2000,Male,11.1145,0.2408,1.9616,1.0076,0.5322,24.3251
Eritrea,2000,Female,5.1811,0.5265,3.3197,0.6054,0.8834,30.3746
Estonia,2020,Both sexes,7.2327,0.1103,1.1145,0.3601,0.0847,10.1546
Estonia,2020,Male,7.5927,0.0479,2.7871,0.3043,0.1868,14.5632
Estonia,2020,Female,5.3908,0.0383,1.3385,0.4364,0.1458,10.5538
Estonia,2015,Both sexes,6.1799,0.0539,2.8807,0.1029,0.0663,10.776
Estonia,2015,Male,7.535,0.0438,1.8326,0.4035,0.1215,13.3501
Estonia,2015,Female,6.2434,0.0401,2.0789,0.3531,0.1159,10.6519
Estonia,2010,Both sexes,2.9152,0.0695,1.8574,0.1018,0.0448,8.5657
Estonia,2010,Male,5.4577,0.1371,0.8235,0.3627,0.1264,10.8731
Estonia,2010,Female,5.6403,0.081,1.4396,0.2487,0.0767,12.2449
Estonia,2005,Both sexes,4.5448,0.0363,0.7479,0.4752,0.0294,9.2712
Estonia,2005,Male,6.4187,0.0208,2.0574,0.1137,0.1908,13.3237
Estonia,2005,Female,7.6062,0.1075,1.6172,0.3393,0.1355,11.3927
Estonia,2000,Both sexes,7.5534,0.0636,2.445,0.2219,0.1778,14.9275
Estonia,2000,Male,4.705,0.1251,1.0512,0.4806,0.1417,8.1493
Estonia,2000,Female,2.6794,0.1023,0.9114,0.1985,0.0843,6.0699
Eswatini,2020,Both sexes,24.7423,12.1474,6.657,4.8487,2.8071,102.5617
Eswatini,2020,Male,22.2613,4.8072,11.3393,4.6059,3.5409,89.2781
Eswatini,2020,Female,10.1193,10.693,9.3938,2.0815,4.8211,76.3716
Eswatini,2015,Both sexes,23.6543,4.6969,6.7703,4.2142,1.6415,92.1261
Eswatini,2015,Male,22.7882,14.147,7.6554,4.9824,4.4374,81.2898
Eswatini,2015,Female,16.8202,9.9092,3.7579,2.0107,4.6584,93.8592
Eswatini,2010,Both sexes,18.0517,5.5432,11.8612,2.7471,3.5169,69.0074
Eswatini,2010,Male,14.783,4.7732,8.9977,3.0807,4.6907,62.1161
Eswatini,2010,Female,8.9309,3.673,5.5686,2.1797,2.2905,54.6256
Eswatini,2005,Both sexes,13.6984,10.725,8.2723,1.0611,4.7886,87.0664
Eswatini,2005,Male,21.6485,4.062,3.9853,1.8805,3.6625,68.7954
Eswatini,2005,Female,8.0787,9.3342,11.6925,2.1277,0.689,79.999
Eswatini,2000,Both sexes,13.6695,4.7049,4.5731,2.7744,4.5809,85.2847
Eswatini,2000,Male,14.7689,10.2676,8.8323,1.6844,2.6801,97.9764
Eswatini,2000,Female,17.1357,12.4092,5.2091,4.493,2.5715,95.5992
Ethiopia,2020,Both sexes,23.6375,11.8924,9.4581,3.8196,3.0491,105.2595
Ethiopia,2020,Male,13.8879,11.6519,9.9914,1.3408,1.1722,72.0213
Ethiopia,2020,Female,13.8982,3.6281,9.0608,3.6004,2.6112,60.3033
Ethiopia,2015,Both sexes,20.5375,2.2374,8.5305,3.6146,4.2401,93.2848
Ethiopia,2015,Male,15.6877,10.7853,11.0322,4.8249,0.5697,102.0488
Ethiopia,2015,Female,11.8183,6.1569,3.7076,1.0121,1.7281,52.0789
Ethiopia,2010,Both sexes,15.6915,7.0528,5.9782,1.9917,0.511,88.1228
Ethiopia,2010,Male,10.3946,1.4361,5.2346,4.7112,2.3707,67.8109
Ethiopia,2010,Female,10.9986,4.6341,11.8921,4.7285,3.7774,75.032
Ethiopia,2005,Both sexes,16.4723,1.4715,6.5045,3.8823,4.0945,69.2279
Ethiopia,2005,Male,15.1217,13.3086,9.5935,4.0631,4.7534,106.2984
Ethiopia,2005,Female,23.5524,4.4076,9.1625,1.3659,3.2383,70.6156
Ethiopia,2000,Both sexes,14.1607,8.8027,4.9087,3.0555,1.6458,51.0167
Ethiopia,2000,Male,17.87,1.5457,5.151,1.9263,4.6587,73.3684
Ethiopia,2000,Female,18.7485,10.3359,5.5316,1.7249,3.9889,84.4714
Fiji,2020,Both sexes,5.1309,0.3907,3.0556,1.6775,0.617,23.9339
Fiji,2020,Male,11.6354,0.9081,2.1716,0.5296,0.7261,32.1373
Fiji,2020,Female,6.7804,0.8993,1.0983,1.0967,0.9319,16.493
Fiji,2015,Both sexes,14.6107,0.3928,5.397,1.8956,0.7412,42.0417
Fiji,2015,Male,6.4866,0.9109,5.828,0.6159,0.4315,27.6403
Fiji,2015,Female,9.1462,0.9965,2.7079,1.9626,0.7417,21.2911
Fiji,2010,Both sexes,5.8535,0.8429,2.6925,1.9903,0.1363,31.4094
Fiji,2010,Male,14.9687,0.8604,1.0355,1.2445,0.4478,24.0408
Fiji,2010,Female,10.022,0.3241,4.4013,0.5892,0.4657,32.6524
Fiji,2005,Both sexes,10.9539,0.619,5.1272,0.8374,0.2502,29.6071
Fiji,2005,Male,5.6708,0.1605,1.733,1.0216,0.1208,18.6574
Fiji,2005,Female,12.4996,0.1854,1.7983,0.8259,0.22,29.0949
Fiji,2000,Both sexes,7.0991,0.999,4.9504,0.7771,0.6892,25.8276
Fiji,2000,Male,13.9805,0.394,4.0815,1.9528,0.8221,28.5974
Fiji,2000,Female,7.0514,0.7734,1.2243,0.5607,0.9894,21.9541
Finland,2020,Both sexes,3.1441,0.1229,2.0564,0.38,0.0823,9.577
Finland,2020,Male,2.2193,0.1301,1.2723,0.0502,0.1279,8.5441
Finland,2020,Female,4.8324,0.1497,1.4218,0.3183,0.1887,10.6652
Finland,2015,Both sexes,5.389,0.0438,2.4243,0.4622,0.0501,12.6376
Finland,2015,Male,2.3943,0.0156,2.5273,0.1796,0.1492,9.3803
Finland,2015,Female,6.6532,0.0676,1.5009,0.1335,0.1559,9.5294
Finland,2010,Both sexes,4.7197,0.0282,2.8679,0.3433,0.036,12.9028
Finland,2010,Male,5.1463,0.0131,1.5162,0.3707,0.175,11.4932
Finland,2010,Female,4.6446,0.0605,2.4296,0.3596,0.1664,9.9479
Finland,2005,Both sexes,4.4046,0.1197,1.7097,0.1937,0.026,10.6604
Finland,2005,Male,5.3578,0.0893,2.7438,0.1635,0.0364,10.5678
Finland,2005,Female,2.9314,0.0538,2.7694,0.4802,0.0288,7.8044
Finland,2000,Both sexes,3.0916,0.1016,0.7185,0.4655,0.0803,6.3267
Finland,2000,Male,7.1707,0.0425,2.8412,0.2558,0.1117,11.7393
Finland,2000,Female,7.6767,0.012,2.5638,0.4308,0.1158,13.6643
France,2020,Both sexes,4.2399,0.117,2.4783,0.2535,0.0682,10.8067
France,2020,Male,3.6245,0.0973,1.0023,0.241,0.1841,8.2862
France,2020,Female,5.864,0.1167,2.5128,0.1205,0.0863,11.7942
France,2015,Both sexes,4.4524,0.0155,2.6253,0.2419,0.0282,9.8004
France,2015,Male,2.1523,0.1272,1.2229,0.2918,0.074,6.9516
France,2015,Female,2.9369,0.0967,2.8807,0.0601,0.1156,8.6169
France,2010,Both sexes,6.2958,0.0889,0.6247,0.2499,0.0935,10.1689
France,2010,Male,5.9535,0.0974,0.8748,0.4016,0.0693,9.8335
France,2010,Female,2.1626,0.131,1.844,0.356,0.0436,9.339
France,2005,Both sexes,3.3318,0.0922,1.9395,0.3358,0.1674,10.224
France,2005,Male,3.3864,0.0913,2.1129,0.4593,0.1993,8.008
France,2005,Female,6.0314,0.1487,0.5424,0.0581,0.0793,10.0127
France,2000,Both sexes,2.1183,0.1159,2.9009,0.3007,0.0887,10.288
France,2000,Male,2.6247,0.0719,0.6115,0.4043,0.1312,7.182
France,2000,Female,6.7995,0.109,0.8577,0.2936,0.1493,10.2579
Gabon,2020,Both sexes,6.7854,0.4503,1.0701,0.8506,0.4528,24.236
Gabon,2020,Male,11.5275,0.306,3.8343,0.5316,0.9144,26.2025
Gabon,2020,Female,7.3818,0.6372,5.6613,1.8089,0.604,33.5621
Gabon,2015,Both sexes,5.9944,0.9354,4.3297,1.1003,0.5054,30.0049
Gabon,2015,Male,7.4317,0.9362,5.1133,1.7928,0.682,30.6815
Gabon,2015,Female,12.2227,0.4077,1.0664,1.2959,0.9575,32.6849
Gabon,2010,Both sexes,13.557,0.5749,3.7101,1.4461,0.8151,27.5355
Gabon,2010,Male,13.3022,0.2905,3.2978,1.6672,0.136,27.2269
Gabon,2010,Female,8.9718,0.9961,3.4948,1.4206,0.3991,25.2161
Gabon,2005,Both sexes,11.6809,0.983,1.3611,0.9767,0.5235,21.9603
Gabon,2005,Male,7.0498,0.6846,4.4222,1.1732,0.3831,30.989
Gabon,2005,Female,7.9315,0.824,3.5161,1.6652,0.7302,28.9902
Gabon,2000,Both sexes,13.9634,0.7436,4.8257,0.9352,0.8436,26.3315
Gabon,2000,Male,5.13,0.6338,3.4265,0.9598,0.7582,20.8827
Gabon,2000,Female,5.8551,0.148,1.7469,0.4627,0.9904,23.8249
Gambia,2020,Both sexes,7.0789,0.5093,4.2413,1.8548,0.3453,29.2388
Gambia,2020,Male,5.2653,0.7073,1.8619,0.4548,0.8875,24.8218
Gambia,2020,Female,6.8144,0.7098,5.362,1.402,0.79,33.8584
Gambia,2015,Both sexes,10.8304,0.4358,4.0656,1.0024,0.426,23.5597
Gambia,2015,Male,9.2142,0.9475,1.786,0.9896,0.7607,24.4441
Gambia,2015,Female,13.9267,0.2506,5.8117,1.4552,0.1937,29.7052
Gambia,2010,Both sexes,13.1744,0.5503,3.5918,0.4141,0.8104,35.9493
Gambia,2010,Male,8.4182,0.7218,1.3645,1.3093,0.5791,17.9593
Gambia,2010,Female,7.5942,0.7274,4.1342,1.6125,0.3631,21.9912
Gambia,2005,Both sexes,8.7969,0.6838,2.266,1.708,0.6902,26.4378
Gambia,2005,Male,10.9029,0.3478,5.0185,0.5899,0.6775,23.1354
Gambia,2005,Female,7.6806,0.2406,5.0891,1.8256,0.2885,27.6649
Gambia,2000,Both sexes,11.2415,0.6723,5.8947,1.4154,0.1274,39.1394
Gambia,2000,Male,9.0941,0.6394,3.5093,1.7992,0.4903,34.4407
Gambia,2000,Female,10.5205,0.2614,3.2748,1.125,0.6126,23.6547
Georgia,2020,Both sexes,9.3613,0.7346,4.7674,1.2215,0.8889,28.473
Georgia,2020,Male,7.9447,0.5097,1.6624,1.8624,0.9354,24.2064
Georgia,2020,Female,14.4845,0.701,3.7346,1.8298,0.5759,28.5028
Georgia,2015,Both sexes,12.6361,0.8536,3.7312,1.0619,0.7784,37.0243
Georgia,2015,Male,6.4011,0.2528,1.4474,0.7665,0.4954,24.6667
Georgia,2015,Female,13.6847,0.1172,3.0899,0.9684,0.7715,37.762
Georgia,2010,Both sexes,9.8743,0.8012,5.2664,0.9592,0.2843,34.4157
Georgia,2010,Male,13.9455,0.6487,5.2808,0.7877,0.434,33.0771
Georgia,2010,Female,12.9986,0.7297,1.4962,0.7566,0.6708,26.3436
Georgia,2005,Both sexes,9.2521,0.8543,1.4536,1.7638,0.1163,26.26
Georgia,2005,Male,5.2247,0.8225,2.3135,0.4188,0.7502,24.5568
Georgia,2005,Female,7.6868,0.9648,5.3738,1.4519,0.852,27.1114
Georgia,2000,Both sexes,10.4163,0.5823,1.6445,0.5938,0.4592,22.7134
Georgia,2000,Male,11.3348,0.5396,4.6,0.8857,0.5031,36.1282
Georgia,2000,Female,7.5789,0.4617,1.5058,0.4046,0.8662,25.1019
Germany,2020,Both sexes,2.8361,0.0315,2.0578,0.1715,0.1596,8.7612
Germany,2020,Male,7.0096,0.0902,1.3902,0.3958,0.0719,12.2792
Germany,2020,Female,7.9064,0.0488,2.4723,0.4483,0.0783,15.39
Germany,2015,Both sexes,5.1541,0.139,1.0842,0.1497,0.1422,10.4746
Germany,2015,Male,3.0301,0.0916,2.098,0.2586,0.1214,8.8472
Germany,2015,Female,3.6338,0.093,1.0892,0.2616,0.0492,8.3342
Germany,2010,Both sexes,2.1103,0.0597,2.2842,0.4431,0.0758,9.9378
Germany,2010,Male,7.4858,0.0173,2.6842,0.3933,0.182,13.6454
Germany,2010,Female,2.7065,0.0144,0.817,0.2809,0.1439,7.1052
Germany,2005,Both sexes,5.4591,0.0693,2.6665,0.3518,0.1975,12.5954
Germany,2005,Male,3.6443,0.0218,1.9839,0.4313,0.1581,11.2328
Germany,2005,Female,5.3251,0.095,0.8178,0.0543,0.1896,9.6686
Germany,2000,Both sexes,5.9085,0.1333,1.5689,0.2313,0.0589,11.8903
Germany,2000,Male,6.9785,0.1336,0.9022,0.4583,0.1589,10.3336
Germany,2000,Female,3.2385,0.1023,2.2509,0.3831,0.0236,10.4033
Ghana,2020,Both sexes,8.1869,3.9572,9.8298,3.1714,3.5184,60.2712
Ghana,2020,Male,10.3271,13.082,3.9522,3.1186,2.6118,77.7614
Ghana,2020,Female,23.3003,13.4053,7.5553,2.3911,2.0604,84.581
Ghana,2015,Both sexes,22.8561,3.7532,10.3316,3.0821,4.3808,92.9031
Ghana,2015,Male,18.156,11.324,11.4255,3.6215,4.3442,66.7577
Ghana,2015,Female,18.2088,5.0113,7.6217,2.6735,0.6004,58.6683
Ghana,2010,Both sexes,19.3056,12.237,11.5525,3.8566,3.2428,90.5011
Ghana,2010,Male,10.9813,14.9613,7.8212,4.4449,2.1552,90.7007
Ghana,2010,Female,23.545,1.4204,6.5477,1.6187,2.3705,80.5183
Ghana,2005,Both sexes,15.1191,13.5631,10.6338,2.8062,4.2442,83.5956
Ghana,2005,Male,14.5134,9.7168,7.4368,2.6321,1.8943,69.7741
Ghana,2005,Female,16.8216,14.6274,7.2471,3.7499,4.7437,68.8145
Ghana,2000,Both sexes,8.7984,7.5101,7.4128,1.9995,1.3084,79.9919
Ghana,2000,Male,10.8268,12.8634,10.6211,3.561,3.4823,61.8029
Ghana,2000,Female,20.5466,1.8735,10.4875,4.51,3.5245,98.4302
Greece,2020,Both sexes,2.4968,0.0569,1.5088,0.2382,0.0654,6.6131
Greece,2020,Male,5.6189,0.0194,1.3332,0.46,0.0785,12.0282
Greece,2020,Female,3.4721,0.1465,1.7298,0.4969,0.1703,9.0692
Greece,2015,Both sexes,4.3358,0.1244,1.9319,0.0977,0.1571,7.6592
Greece,2015,Male,3.7322,0.1294,1.0958,0.1549,0.0792,8.689
Greece,2015,Female,4.134,0.1413,2.4849,0.4777,0.1161,8.3714
Greece,2010,Both sexes,6.3143,0.0219,1.7162,0.4812,0.0311,10.3701
Greece,2010,Male,3.7827,0.064,1.3351,0.094,0.0576,9.1412
Greece,2010,Female,5.3984,0.0199,0.7671,0.0567,0.1074,7.3496
Greece,2005,Both sexes,4.8563,0.0395,1.0971,0.1225,0.0355,10.6358
Greece,2005,Male,5.982,0.0421,2.8732,0.4982,0.1718,11.4333
Greece,2005,Female,7.621,0.0757,1.2627,0.131,0.1492,13.1558
Greece,2000,Both sexes,6.3954,0.0476,0.9221,0.2761,0.1899,10.2747
Greece,2000,Male,3.2896,0.0241,1.6517,0.4318,0.1448,10.082
Greece,2000,Female,2.1871,0.0334,1.2677,0.0592,0.1893,6.8935
Guatemala,2020,Both sexes,7.6226,0.2325,1.1758,1.3276,0.5991,20.3196
Guatemala,2020,Male,10.9508,0.9758,2.6157,0.7709,0.6402,34.0067
Guatemala,2020,Female,5.5143,0.7834,3.7205,1.766,0.9793,22.5275
Guatemala,2015,Both sexes,9.9637,0.971,3.7586,0.7819,0.6779,23.1417
Guatemala,2015,Male,10.9684,0.4958,2.7828,1.4675,0.1277,33.7559
Guatemala,2015,Female,8.3424,0.3505,3.2365,1.4462,0.7514,31.0461
Guatemala,2010,Both sexes,12.7091,0.8185,5.8276,0.6765,0.9149,36.0098
Guatemala,2010,Male,6.066,0.3936,2.8867,0.3592,0.816,27.7056
Guatemala,2010,Female,5.7514,0.3694,2.2911,0.9957,0.6254,25.2207
Guatemala,2005,Both sexes,12.2819,0.3093,2.2173,0.7916,0.7042,34.7941
Guatemala,2005,Male,9.9549,0.2167,3.2888,1.6753,0.9912,23.1588
Guatemala,2005,Female,11.884,0.3308,4.7976,1.6606,0.1816,34.4132
Guatemala,2000,Both sexes,9.3483,0.4198,2.0299,1.0769,0.7005,28.9421
Guatemala,2000,Male,7.464,0.7066,4.5465,1.3311,0.3551,29.6195
Guatemala,2000,Female,13.191,0.1563,1.1057,1.3272,0.6761,25.007
Guinea,2020,Both sexes,21.5901,3.9471,6.7704,4.3086,3.2343,75.0631
Guinea,2020,Male,19.8098,12.3263,9.9828,2.7,1.1906,91.9372
Guinea,2020,Female,12.6265,3.0569,6.0486,2.1018,1.4304,72.7323
Guinea,2015,Both sexes,18.0339,5.797,8.0736,2.0601,3.2973,78.6278
Guinea,2015,Male,14.1366,13.1052,4.8448,3.1448,1.077,58.6134
Guinea,2015,Female,9.5569,3.169,9.678,2.7966,1.6933,86.1821
Guinea,2010,Both sexes,23.5943,2.1583,3.4705,2.7605,4.2586,62.595
Guinea,2010,Male,10.3259,7.7835,10.6729,1.3645,1.9719,82.689
Guinea,2010,Female,24.154,5.2339,4.7838,3.8744,2.6963,91.7397
Guinea,2005,Both sexes,15.5821,8.8877,10.8696,1.8549,4.7351,77.7341
Guinea,2005,Male,11.1473,12.2533,6.1728,1.7878,1.5222,81.4475
Guinea,2005,Female,17.2123,2.9201,9.5042,2.651,2.2533,61.7028
Guinea,2000,Both sexes,22.8401,9.1298,5.873,1.9111,3.2291,88.062
Guinea,2000,Male,20.4478,8.0771,11.1532,3.3354,3.899,98.0501
Guinea,2000,Female,21.7115,3.0171,4.1397,2.4859,4.5574,80.3222
Guinea-Bissau,2020,Both sexes,11.5878,0.6616,1.8926,1.0631,0.9239,34.6771
Guinea-Bissau,2020,Male,11.9228,0.3463,3.4652,1.2132,0.799,25.7186
Guinea-Bissau,2020,Female,13.492,0.5391,1.4097,0.646,0.3055,35.6109
Guinea-Bissau,2015,Both sexes,7.4967,0.174,1.9799,0.5648,0.1223,25.8937
Guinea-Bissau,2015,Male,9.8942,0.5136,5.7188,1.7967,0.4454,37.3356
Guinea-Bissau,2015,Female,7.2121,0.3758,5.8824,1.0373,0.2274,22.8513
Guinea-Bissau,2010,Both sexes,14.8767,0.8401,2.8813,1.0006,0.7393,33.3433
Guinea-Bissau,2010,Male,14.4406,0.1513,5.6164,0.3605,0.695,27.1695
Guinea-Bissau,2010,Female,5.3943,0.4767,3.7241,1.1466,0.1396,19.2283
Guinea-Bissau,2005,Both sexes,12.0558,0.5126,2.3487,1.2421,0.8529,35.6601
Guinea-Bissau,2005,Male,14.2525,0.7525,4.512,1.25,0.3239,34.687
Guinea-Bissau,2005,Female,6.8058,0.6169,4.2945,1.502,0.489,19.0611
Guinea-Bissau,2000,Both sexes,10.6795,0.7005,5.9456,0.6017,0.7011,30.665
Guinea-Bissau,2000,Male,14.1549,0.7993,2.3252,0.7288,0.4865,26.9173
Guinea-Bissau,2000,Female,5.3395,0.876,4.3603,1.6782,0.4972,27.234
Guyana,2020,Both sexes,11.9742,0.3825,1.2601,1.9102,0.1591,28.3858
Guyana,2020,Male,7.9735,0.5842,1.5682,0.5311,0.4613,21.3765
Guyana,2020,Female,14.244,0.8561,1.0196,1.146,0.7884,27.0107
Guyana,2015,Both sexes,14.7106,0.9905,5.9973,0.6641,0.9237,33.8182
Guyana,2015,Male,14.4427,0.9006,5.0114,0.4021,0.4721,29.1001
Guyana,2015,Female,9.7421,0.4343,4.9336,0.8534,0.4812,23.4418
Guyana,2010,Both sexes,13.6204,0.2756,3.5486,0.5443,0.7324,31.9067
Guyana,2010,Male,13.4455,0.5405,2.5003,1.5069,0.9485,36.6825
Guyana,2010,Female,8.191,0.7675,1.7563,1.2073,0.3404,19.2605
Guyana,2005,Both sexes,13.2892,0.5433,2.4234,0.5445,0.4961,22.7068
Guyana,2005,Male,5.3701,0.5349,2.8799,0.3157,0.8164,26.2324
Guyana,2005,Female,10.9627,0.8544,4.7816,1.6739,0.6487,35.1207
Guyana,2000,Both sexes,7.3001,0.4253,3.6983,0.5995,0.1995,30.2181
Guyana,2000,Male,6.2057,0.8738,1.3874,1.3306,0.665,27.0911
Guyana,2000,Female,5.7695,0.4661,1.0901,0.8728,0.2681,13.85
Haiti,2020,Both sexes,19.8369,5.5953,3.921,3.3419,2.796,61.3094
Haiti,2020,Male,13.7779,7.3559,6.6945,2.2626,2.881,59.4296
Haiti,2020,Female,20.321,11.6743,11.3987,1.3478,4.4429,68.2195
Haiti,2015,Both sexes,9.1111,2.764,8.7366,1.8918,2.5812,76.2114
Haiti,2015,Male,13.3599,3.7499,10.2164,1.7522,1.7575,85.0001
Haiti,2015,Female,17.1714,14.3202,7.1974,2.7121,1.5393,80.6516
Haiti,2010,Both sexes,21.4423,3.4569,6.255,3.6331,4.4341,78.165
Haiti,2010,Male,13.4188,8.9482,3.9756,2.0552,1.2695,54.0086
Haiti,2010,Female,18.6402,9.1104,10.8834,1.0483,2.4164,71.9854
Haiti,2005,Both sexes,23.0616,7.8547,10.0484,3.0757,1.3423,88.5378
Haiti,2005,Male,18.4697,10.0264,4.5131,3.423,3.9799,72.3096
Haiti,2005,Female,11.9603,4.2176,7.6103,4.8515,2.6347,79.1291
Haiti,2000,Both sexes,8.4148,8.7373,7.3864,3.3579,2.0801,56.2717
Haiti,2000,Male,22.7917,6.2104,8.6258,2.8847,2.1249,69.0069
Haiti,2000,Female,8.3616,10.2633,11.5157,3.2936,4.335,86.7679
Honduras,2020,Both sexes,13.747,0.2271,3.8989,1.8774,0.5984,36.9604
Honduras,2020,Male,10.2894,0.6138,3.7011,1.7082,0.7461,22.5363
Honduras,2020,Female,14.3907,0.2667,1.2516,0.8491,0.9073,35.2593
Honduras,2015,Both sexes,12.9878,0.3508,1.3145,0.7033,0.9116,30.9556
Honduras,2015,Male,14.9793,0.2968,1.9367,0.7465,0.3957,31.8545
Honduras,2015,Female,8.5071,0.2646,1.1624,1.1575,0.9572,21.6971
Honduras,2010,Both sexes,12.6719,0.8431,4.7168,1.5649,0.1224,26.2194
Honduras,2010,Male,9.0193,0.3571,4.6167,1.1555,0.4392,21.2142
Honduras,2010,Female,9.7988,0.9344,1.6803,0.4153,0.9062,25.7874
Honduras,2005,Both sexes,11.2751,0.9729,5.1804,1.5301,0.3472,36.912
Honduras,2005,Male,13.7368,0.6141,1.7739,1.6701,0.3458,26.2717
Honduras,2005,Female,14.8408,0.2287,2.5059,0.7921,0.3724,26.2239
Honduras,2000,Both sexes,12.6827,0.4371,2.2449,1.429,0.6511,29.5459
Honduras,2000,Male,9.1777,0.818,2.8615,1.0252,0.4945,25.6338
Honduras,2000,Female,9.2136,0.4307,2.2733,1.8115,0.7541,32.4728
Hungary,2020,Both sexes,6.4255,0.0222,1.7224,0.4304,0.1811,10.0722
Hungary,2020,Male,3.4327,0.0879,1.5185,0.2864,0.1414,7.3004
Hungary,2020,Female,2.6628,0.1283,2.9664,0.3612,0.0568,9.5478
Hungary,2015,Both sexes,4.1277,0.1214,0.6398,0.4475,0.1879,7.5319
Hungary,2015,Male,3.7234,0.0345,0.8555,0.2731,0.0676,9.8561
Hungary,2015,Female,3.7778,0.1042,0.6321,0.191,0.047,9.3634
Hungary,2010,Both sexes,3.4016,0.0409,2.0646,0.3891,0.0362,8.8247
Hungary,2010,Male,2.2526,0.0405,0.6363,0.149,0.1214,7.791
Hungary,2010,Female,2.1072,0.1324,2.5911,0.2248,0.0405,7.7883
Hungary,2005,Both sexes,7.9263,0.045,1.7798,0.4396,0.045,12.8735
Hungary,2005,Male,4.5666,0.0469,1.8175,0.376,0.074,8.5606
Hungary,2005,Female,4.306,0.0101,1.904,0.2317,0.0707,8.9951
Hungary,2000,Both sexes,6.0779,0.1319,0.927,0.1466,0.1288,11.2654
Hungary,2000,Male,3.3095,0.121,0.9942,0.2102,0.167,5.8338
Hungary,2000,Female,7.6998,0.0978,1.297,0.1778,0.157,13.8662
Iceland,2020,Both sexes,6.7181,0.115,1.9837,0.1292,0.0672,12.0705
Iceland,2020,Male,2.5365,0.0313,1.0253,0.3845,0.0642,7.0399
Iceland,2020,Female,4.5055,0.0742,0.7908,0.1634,0.1938,9.1101
Iceland,2015,Both sexes,7.2747,0.0592,2.9253,0.2544,0.0215,15.279
Iceland,2015,Male,7.6684,0.0231,0.555,0.2236,0.1783,11.3118
Iceland,2015,Female,4.8044,0.0781,2.5067,0.4919,0.056,9.9144
Iceland,2010,Both sexes,5.6805,0.1389,2.4701,0.226,0.1905,10.4308
Iceland,2010,Male,3.0022,0.0156,1.243,0.086,0.0816,6.9919
Iceland,2010,Female,7.947,0.0508,0.8391,0.0904,0.0993,12.8028
Iceland,2005,Both sexes,3.39,0.0391,0.8641,0.3158,0.1473,6.3555
Iceland,2005,Male,7.6564,0.0433,2.2436,0.3197,0.1258,13.8987
Iceland,2005,Female,5.8979,0.1372,2.107,0.2384,0.0772,9.8949
Iceland,2000,Both sexes,5.6464,0.0755,2.4569,0.2443,0.1197,11.1361
Iceland,2000,Male,5.0761,0.0753,2.8437,0.0743,0.1515,10.7229
Iceland,2000,Female,3.384,0.1165,2.2298,0.2824,0.0276,9.4541
India,2020,Both sexes,11.001,3.1629,4.4027,3.019,0.5504,67.9498
India,2020,Male,11.7483,7.8217,5.191,1.5982,2.5613,80.1592
India,2020,Female,11.1695,7.0198,10.5797,1.4154,1.0933,81.3665
India,2015,Both sexes,21.2529,9.3567,4.8838,1.4943,3.4895,94.7225
India,2015,Male,13.9521,14.9938,3.6527,1.4041,1.4632,66.696
India,2015,Female,8.9833,11.7723,9.3295,3.4388,2.4478,86.2701
India,2010,Both sexes,24.4747,6.5701,6.6227,1.7859,1.3895,67.3712
India,2010,Male,23.0244,12.5857,11.2804,2.0057,2.9682,103.3037
India,2010,Female,23.7718,3.3899,8.8523,1.6943,1.0222,64.5431
India,2005,Both sexes,24.9134,1.4265,3.8138,4.8313,0.604,86.197
India,2005,Male,10.9562,3.8623,11.5307,4.4185,0.7301,84.4728
India,2005,Female,14.7361,5.7658,5.327,1.922,4.7942,53.3557
India,2000,Both sexes,20.8901,8.1481,6.0349,2.3103,1.1403,58.9849
India,2000,Male,19.8324,9.6118,6.6203,1.8396,3.6882,74.5711
India,2000,Female,10.6162,13.7485,3.461,2.9675,0.8057,60.1429
Indonesia,2020,Both sexes,21.8692,8.138,7.4686,1.0784,0.9867,96.359
Indonesia,2020,Male,11.8155,8.0179,4.1099,3.6855,2.7899,88.7188
Indonesia,2020,Female,11.8049,1.7034,6.6087,3.0926,2.5919,59.2697
Indonesia,2015,Both sexes,17.1286,1.4888,6.1564,4.5946,4.7821,88.5176
Indonesia,2015,Male,18.08,8.7162,9.9556,1.6576,4.7518,95.8817
Indonesia,2015,Female,17.8615,7.1345,10.2285,4.2164,4.0082,101.6311
Indonesia,2010,Both sexes,9.5553,12.7485,4.3807,4.1678,3.2095,52.4657
Indonesia,2010,Male,22.9168,3.2495,6.299,1.5087,2.5473,64.266
Indonesia,2010,Female,12.5152,1.3496,6.3602,2.5942,2.1028,65.456
Indonesia,2005,Both sexes,10.2018,7.2865,4.3627,1.6806,4.7619,82.6222
Indonesia,2005,Male,23.1087,4.3247,10.1861,2.0189,3.2131,62.5747
Indonesia,2005,Female,24.2461,1.6946,9.3651,2.053,3.1058,69.4189
Indonesia,2000,Both sexes,22.6562,11.1444,4.7134,3.2249,1.5436,60.6842
Indonesia,2000,Male,21.7618,2.5623,6.3005,2.6456,0.7101,62.9684
Indonesia,2000,Female,19.1391,9.5165,3.9522,4.7909,4.7533,82.1259
Iran (Islamic Republic of),2020,Both sexes,10.5086,0.3529,4.141,0.5148,0.3824,34.1319
Iran (Islamic Republic of),2020,Male,5.8699,0.2561,1.6069,1.9553,0.4983,22.4525
Iran (Islamic Republic of),2020,Female,9.0845,0.4418,5.9297,0.6921,0.2032,28.8387
Iran (Islamic Republic of),2015,Both sexes,8.7269,0.8213,4.9034,1.6139,0.8532,36.374
Iran (Islamic Republic of),2015,Male,7.5975,0.4529,2.9512,0.8762,0.1249,22.1011
Iran (Islamic Republic of),2015,Female,12.2342,0.7757,3.8928,0.5432,0.8506,33.0553
Iran (Islamic Republic of),2010,Both sexes,9.9588,0.2129,5.5567,1.7584,0.2263,27.6046
Iran (Islamic Republic of),2010,Male,5.8105,0.7955,3.7705,0.8251,0.8979,20.9437
Iran (Islamic Republic of),2010,Female,7.2018,0.3132,1.8725,1.4201,0.7568,21.4568
Iran (Islamic Republic of),2005,Both sexes,11.8326,0.7097,2.8935,1.263,0.2482,26.3561
Iran (Islamic Republic of),2005,Male,5.7613,0.6092,5.2157,1.102,0.6092,22.0024
Iran (Islamic Republic of),2005,Female,13.5121,0.9362,4.2211,1.1429,0.3814,26.4488
Iran (Islamic Republic of),2000,Both sexes,9.9515,0.4486,4.2536,1.5448,0.2604,25.8071
Iran (Islamic Republic of),2000,Male,9.8059,0.1595,5.3341,0.4492,0.8733,22.3817
Iran (Islamic Republic of),2000,Female,10.9241,0.1172,5.4699,1.4359,0.4632,28.9025
Ireland,2020,Both sexes,6.9481,0.1258,2.7995,0.4531,0.0917,12.9142
Ireland,2020,Male,4.0869,0.0835,0.7371,0.076,0.0506,7.9075
Ireland,2020,Female,6.0681,0.1185,1.8603,0.1133,0.089,12.7144
Ireland,2015,Both sexes,5.3944,0.0428,2.3513,0.3725,0.1769,12.5449
Ireland,2015,Male,3.6022,0.0583,2.3923,0.2468,0.0854,8.6849
Ireland,2015,Female,7.2718,0.0142,2.0168,0.2316,0.1913,13.5639
Ireland,2010,Both sexes,6.7846,0.1446,0.917,0.1116,0.1903,11.3385
Ireland,2010,Male,5.9507,0.1035,2.4936,0.278,0.0461,13.6516
Ireland,2010,Female,7.1035,0.1406,2.3003,0.1069,0.0519,14.6805
Ireland,2005,Both sexes,7.2038,0.0472,0.7153,0.2645,0.1753,13.0769
Ireland,2005,Male,6.2502,0.0956,1.6595,0.3936,0.0907,9.6765
Ireland,2005,Female,7.0221,0.105,0.9349,0.1662,0.0208,12.8703
Ireland,2000,Both sexes,6.1848,0.0545,1.3437,0.2664,0.0693,11.5218
Ireland,2000,Male,6.0808,0.1287,0.5452,0.4964,0.1276,11.3179
Ireland,2000,Female,5.7117,0.1426,1.5008,0.359,0.1639,11.0846
Israel,2020,Both sexes,6.5163,0.1339,1.8747,0.4286,0.044,13.3229
Israel,2020,Male,2.9516,0.1135,2.049,0.2367,0.0399,10.1993
Israel,2020,Female,7.2852,0.0488,2.1587,0.3955,0.186,13.1638
Israel,2015,Both sexes,7.2311,0.0494,2.5907,0.0682,0.1552,11.1937
Israel,2015,Male,2.1755,0.1449,1.0387,0.1053,0.1262,4.743
Israel,2015,Female,6.9549,0.0114,0.8012,0.1414,0.1585,11.0771
Israel,2010,Both sexes,2.7732,0.1102,2.6288,0.2309,0.0972,10.0922
Israel,2010,Male,4.0107,0.1089,0.8915,0.4306,0.1565,9.5298
Israel,2010,Female,6.461,0.0972,2.9369,0.2058,0.0869,11.3173
Israel,2005,Both sexes,2.9646,0.1486,2.6063,0.3446,0.0639,7.722
Israel,2005,Male,6.9078,0.0537,1.7522,0.3692,0.1512,12.6376
Israel,2005,Female,6.9928,0.0576,2.9536,0.3138,0.0955,11.9233
Israel,2000,Both sexes,5.0448,0.0211,0.7434,0.2108,0.1966,7.4297
Israel,2000,Male,2.0383,0.072,1.2577,0.3097,0.0829,6.1701
Israel,2000,Female,3.7222,0.0465,2.0956,0.204,0.1859,7.8665
Italy,2020,Both sexes,5.7016,0.0581,1.375,0.0877,0.1879,11.816
Italy,2020,Male,7.8871,0.1268,2.8209,0.4968,0.0635,13.2492
Italy,2020,Female,5.7909,0.141,0.6641,0.1072,0.1637,8.5742
Italy,2015,Both sexes,3.5588,0.036,1.8735,0.0826,0.098,9.5763
Italy,2015,Male,5.804,0.0622,1.9772,0.4453,0.1852,10.6762
Italy,2015,Female,5.2399,0.14,2.1318,0.1858,0.101,10.1436
Italy,2010,Both sexes,6.6791,0.0187,1.1392,0.3426,0.154,11.5406
Italy,2010,Male,2.6419,0.0229,1.4114,0.1981,0.1041,5.7566
Italy,2010,Female,6.5662,0.0328,2.6092,0.2262,0.061,12.9064
Italy,2005,Both sexes,5.2476,0.0933,0.9874,0.168,0.0559,11.2225
Italy,2005,Male,7.778,0.0311,2.5672,0.2044,0.0966,12.3309
Italy,2005,Female,4.0512,0.1455,1.9066,0.2348,0.156,11.2727
Italy,2000,Both sexes,5.7957,0.0725,2.4055,0.3742,0.1289,10.5168
Italy,2000,Male,7.5922,0.0802,2.284,0.2802,0.144,13.6896
Italy,2000,Female,2.6151,0.0445,1.0188,0.4746,0.0708,7.7952
Jamaica,2020,Both sexes,14.3723,0.5239,3.8441,0.3712,0.5333,37.8696
Jamaica,2020,Male,11.8789,0.6957,5.3386,1.1552,0.14,29.9032
Jamaica,2020,Female,5.6784,0.7761,3.1606,1.2932,0.8358,31.3383
Jamaica,2015,Both sexes,8.0096,0.7785,5.833,1.8643,0.9909,30.2009
Jamaica,2015,Male,12.0817,0.6201,3.2611,0.3836,0.4662,36.5939
Jamaica,2015,Female,5.6735,0.9139,1.7139,1.2749,0.1099,27.102
Jamaica,2010,Both sexes,10.8217,0.8357,2.9472,1.7512,0.2528,28.5306
Jamaica,2010,Male,8.4588,0.7813,5.7585,0.7113,0.6873,31.722
Jamaica,2010,Female,11.2092,0.15,2.5986,1.7897,0.6509,22.4902
Jamaica,2005,Both sexes,5.4574,0.1062,5.3405,0.3324,0.8091,28.0103
Jamaica,2005,Male,13.7154,0.2912,5.4063,1.5452,0.3285,28.7815
Jamaica,2005,Female,14.7349,0.6972,2.7509,1.8863,0.7873,37.4709
Jamaica,2000,Both sexes,14.6888,0.4701,1.4163,1.4172,0.7192,25.731
Jamaica,2000,Male,12.4965,0.4622,4.6228,1.0463,0.3905,25.3614
Jamaica,2000,Female,6.3009,0.8961,2.5576,0.3763,0.5909,24.0334
Japan,2020,Both sexes,6.5496,0.1354,2.4573,0.4641,0.0465,12.5769
Japan,2020,Male,2.1475,0.1373,1.6066,0.2616,0.1015,7.6676
Japan,2020,Female,2.1327,0.0539,1.7132,0.063,0.1786,8.4049
Japan,2015,Both sexes,3.9417,0.1067,2.4448,0.3604,0.0958,11.0639
Japan,2015,Male,4.9319,0.048,1.4559,0.2668,0.1711,10.1961
Japan,2015,Female,6.6224,0.0367,1.6078,0.106,0.1262,10.1911
Japan,2010,Both sexes,6.0998,0.0358,1.4405,0.1464,0.0545,9.5068
Japan,2010,Male,4.6754,0.0579,1.4184,0.079,0.1246,8.4451
Japan,2010,Female,3.6418,0.0702,1.8149,0.3084,0.1111,9.0114
Japan,2005,Both sexes,7.9827,0.1263,2.522,0.3299,0.0918,14.0446
Japan,2005,Male,4.5571,0.0268,1.4044,0.2776,0.0415,8.0017
Japan,2005,Female,4.7083,0.1129,1.8106,0.4177,0.095,11.1691
Japan,2000,Both sexes,2.9817,0.0844,2.1768,0.4375,0.0331,10.3773
Japan,2000,Male,6.7689,0.0503,1.1736,0.327,0.0378,11.2921
Japan,2000,Female,6.1621,0.079,1.1938,0.0557,0.0949,10.9543
Jordan,2020,Both sexes,7.2077,0.3699,5.6671,1.4819,0.3748,32.0204
Jordan,2020,Male,5.8238,0.6365,4.6177,1.0106,0.933,30.66
Jordan,2020,Female,11.805,0.4905,3.8859,1.2614,0.4381,26.3732
Jordan,2015,Both sexes,11.5451,0.248,4.2386,1.4034,0.7821,27.2254
Jordan,2015,Male,7.7326,0.2049,1.1465,0.8954,0.5772,20.0631
Jordan,2015,Female,14.5086,0.592,4.0905,1.8591,0.7337,32.6596
Jordan,2010,Both sexes,6.5106,0.9122,3.5475,0.5278,0.3341,26.8816
Jordan,2010,Male,9.3233,0.4096,3.7287,1.4416,0.9477,30.8471
Jordan,2010,Female,14.4362,0.7597,2.7971,0.3074,0.5771,31.7948
Jordan,2005,Both sexes,9.1973,0.6928,1.4074,1.8719,0.8482,24.2202
Jordan,2005,Male,11.3853,0.9384,1.9667,0.4913,0.4285,28.9191
Jordan,2005,Female,8.9759,0.8389,5.7537,0.4613,0.1902,25.0813
Jordan,2000,Both sexes,7.7422,0.6099,3.0435,0.8661,0.7063,28.2291
Jordan,2000,Male,14.8398,0.6913,3.3334,0.9351,0.107,36.4413
Jordan,2000,Female,9.0933,0.9085,1.2635,0.6643,0.5278,21.7931
Kazakhstan,2020,Both sexes,13.941,0.4596,1.1878,1.2947,0.2735,35.7126
Kazakhstan,2020,Male,7.2995,0.3941,4.5859,1.053,0.6646,33.0165
Kazakhstan,2020,Female,7.131,0.1097,3.6905,0.3581,0.9815,31.5205
Kazakhstan,2015,Both sexes,5.3113,0.8439,3.5435,0.8434,0.518,27.5279
Kazakhstan,2015,Male,11.5167,0.8209,2.2156,1.6777,0.8357,26.1633
Kazakhstan,2015,Female,8.6853,0.194,4.7238,1.4725,0.557,20.9041
Kazakhstan,2010,Both sexes,13.6436,0.6192,1.8412,1.5323,0.5463,24.8223
Kazakhstan,2010,Male,9.7321,0.5176,1.9497,1.4868,0.9374,32.4378
Kazakhstan,2010,Female,14.6819,0.2068,3.3036,0.8287,0.901,26.2086
Kazakhstan,2005,Both sexes,6.8553,0.9825,2.4314,0.4694,0.8072,31.0292
Kazakhstan,2005,Male,13.6862,0.2932,2.2373,0.7632,0.3666,32.6129
Kazakhstan,2005,Female,12.766,0.1605,4.2262,1.714,0.5905,35.2157
Kazakhstan,2000,Both sexes,12.7092,0.6354,4.2549,1.9668,0.3015,32.8329
Kazakhstan,2000,Male,13.4478,0.765,5.1226,1.1395,0.4995,34.287
Kazakhstan,2000,Female,12.6102,0.1292,3.0885,0.3165,0.5358,29.5442
Kenya,2020,Both sexes,18.6457,10.222,3.6578,1.5602,4.2424,94.6456
Kenya,2020,Male,10.2312,8.4521,5.463,2.2883,4.5321,47.157
Kenya,2020,Female,8.5529,2.4457,11.82,3.3143,2.3658,86.6101
Kenya,2015,Both sexes,23.6544,3.4153,8.3663,1.3004,0.5797,89.6693
Kenya,2015,Male,18.4831,8.9516,9.3876,4.7734,4.378,64.5575
Kenya,2015,Female,21.5411,5.149,3.0662,2.4603,1.2843,76.4838
Kenya,2010,Both sexes,16.1859,14.1364,7.6639,4.6503,3.2985,85.474
Kenya,2010,Male,9.9942,12.4624,3.3378,4.1221,0.6124,62.451
Kenya,2010,Female,10.1282,14.7699,8.1231,4.0217,2.2978,96.9412
Kenya,2005,Both sexes,19.6546,4.6354,11.2869,3.4269,4.9368,78.8517
Kenya,2005,Male,15.3152,14.5761,11.7158,3.5071,0.9531,67.8111
Kenya,2005,Female,11.4089,7.0373,7.865,3.552,2.4066,76.2767
Kenya,2000,Both sexes,16.3571,5.8653,7.1238,3.5149,1.8822,78.9663
Kenya,2000,Male,9.0916,1.7049,11.5052,3.2149,4.5729,50.5504
Kenya,2000,Female,17.8935,1.7387,9.0625,4.9457,4.412,54.0498
Kuwait,2020,Both sexes,3.614,0.1069,0.6622,0.3795,0.0628,6.9761
Kuwait,2020,Male,6.7854,0.0741,1.6643,0.3996,0.0346,13.1425
Kuwait,2020,Female,3.8622,0.0417,1.1006,0.4426,0.1329,10.37
Kuwait,2015,Both sexes,4.7313,0.096,1.6745,0.147,0.0805,11.1387
Kuwait,2015,Male,2.0697,0.0454,1.6387,0.0877,0.141,5.6254
Kuwait,2015,Female,2.4347,0.0909,1.9554,0.2673,0.0258,8.9473
Kuwait,2010,Both sexes,4.355,0.0603,1.3919,0.2813,0.044,9.4469
Kuwait,2010,Male,4.8796,0.1253,0.9107,0.4231,0.1435,8.5503
Kuwait,2010,Female,5.6001,0.1249,1.7593,0.2497,0.0582,12.5728
Kuwait,2005,Both sexes,3.75,0.0768,2.5755,0.3069,0.1744,8.5388
Kuwait,2005,Male,6.1699,0.0591,2.16,0.2872,0.0305,11.5982
Kuwait,2005,Female,7.1607,0.0608,1.3459,0.0672,0.0588,10.8044
Kuwait,2000,Both sexes,6.6791,0.1228,2.8388,0.3268,0.1997,12.2052
Kuwait,2000,Male,2.2377,0.0559,2.7805,0.4226,0.098,10.2088
Kuwait,2000,Female,4.883,0.0393,1.0234,0.1209,0.1465,10.662
Kyrgyzstan,2020,Both sexes,6.0493,0.1762,1.1971,1.3104,0.2644,22.2708
Kyrgyzstan,2020,Male,7.4205,0.52,4.7065,1.3091,0.6489,21.8593
Kyrgyzstan,2020,Female,14.8666,0.5339,5.1381,0.5791,0.7535,31.37
Kyrgyzstan,2015,Both sexes,6.425,0.8568,5.8393,0.5099,0.383,20.1793
Kyrgyzstan,2015,Male,9.9889,0.2991,5.4492,1.9661,0.846,35.686
Kyrgyzstan,2015,Female,11.1816,0.4429,4.0027,0.9693,0.6431,23.6631
Kyrgyzstan,2010,Both sexes,12.0246,0.8276,3.6503,0.6866,0.4502,36.598
Kyrgyzstan,2010,Male,10.5965,0.8413,1.1392,0.5913,0.6019,25.5142
Kyrgyzstan,2010,Female,5.0977,0.4461,2.2333,1.4349,0.6191,23.7824
Kyrgyzstan,2005,Both sexes,8.2646,0.5132,3.2981,1.3361,0.249,19.7874
Kyrgyzstan,2005,Male,10.1771,0.373,4.1425,1.394,0.4625,34.6153
Kyrgyzstan,2005,Female,5.8787,0.9393,3.7863,0.4496,0.4091,23.2383
Kyrgyzstan,2000,Both sexes,8.5063,0.2068,4.7132,1.819,0.4608,28.6109
Kyrgyzstan,2000,Male,5.332,0.9404,2.3988,0.9618,0.785,21.4891
Kyrgyzstan,2000,Female,5.7858,0.7155,3.8248,0.8327,0.5343,29.0644
Lao People's Democratic Republic,2020,Both sexes,8.9692,0.5784,1.4407,1.086,0.9463,30.2128
Lao People's Democratic Republic,2020,Male,6.3272,0.1294,3.0683,0.9631,0.3643,30.3675
Lao People's Democratic Republic,2020,Female,10.6754,0.528,4.7508,1.7681,0.4741,24.5819
Lao People's Democratic Republic,2015,Both sexes,11.8946,0.467,4.467,1.8797,0.8083,35.1177
Lao People's Democratic Republic,2015,Male,13.0059,0.2451,5.9532,0.8159,0.5914,34.3261
Lao People's Democratic Republic,2015,Female,7.0015,0.6908,2.3895,1.7687,0.5923,18.3186
Lao People's Democratic Republic,2010,Both sexes,6.6748,0.974,3.4909,1.6286,0.148,19.8026
Lao People's Democratic Republic,2010,Male,6.0457,0.606,2.6477,1.8824,0.4587,26.0837
Lao People's Democratic Republic,2010,Female,11.3643,0.7433,3.203,0.7178,0.3437,31.614
Lao People's Democratic Republic,2005,Both sexes,12.0648,0.1616,5.2848,1.2808,0.9994,38.5826
Lao People's Democratic Republic,2005,Male,5.3159,0.4759,4.421,0.7667,0.3775,20.8568
Lao People's Democratic Republic,2005,Female,14.3621,0.2047,5.4122,1.701,0.896,38.3807
Lao People's Democratic Republic,2000,Both sexes,5.5197,0.6515,2.0176,0.3091,0.7086,24.1715
Lao People's Democratic Republic,2000,Male,10.413,0.9446,5.3668,1.2602,0.4068,28.1357
Lao People's Democratic Republic,2000,Female,12.0906,0.6956,1.2988,0.8766,0.5892,29.2847
Latvia,2020,Both sexes,7.2258,0.0208,2.7215,0.1952,0.1713,12.8797
Latvia,2020,Male,6.2845,0.0597,1.3227,0.3402,0.179,10.1277
Latvia,2020,Female,6.8104,0.0871,1.2865,0.4332,0.0489,13.2569
Latvia,2015,Both sexes,4.0367,0.0664,1.7802,0.3241,0.0811,11.1939
Latvia,2015,Male,6.889,0.1267,2.8517,0.4339,0.0803,14.3266
Latvia,2015,Female,2.4807,0.1241,0.6195,0.1691,0.0276,7.6831
Latvia,2010,Both sexes,7.3689,0.0957,1.3806,0.2838,0.1277,12.815
Latvia,2010,Male,5.2856,0.0623,2.6414,0.2527,0.1739,12.7218
Latvia,2010,Female,6.9038,0.0457,1.4901,0.0552,0.0887,11.8228
Latvia,2005,Both sexes,4.7139,0.0248,0.9979,0.3006,0.1532,7.4964
Latvia,2005,Male,5.8615,0.0597,1.562,0.3477,0.133,12.2101
Latvia,2005,Female,5.1584,0.0678,1.4639,0.3164,0.0876,10.8627
Latvia,2000,Both sexes,6.3895,0.1046,2.7885,0.3813,0.0454,13.6699
Latvia,2000,Male,2.4898,0.1021,2.4048,0.3071,0.1477,7.8423
Latvia,2000,Female,2.3621,0.0198,1.7628,0.08,0.1738,6.9606
Lebanon,2020,Both sexes,7.471,0.4557,5.9419,0.498,0.7173,26.5885
Lebanon,2020,Male,6.5954,0.2636,3.3264,1.314,0.1161,22.3551
Lebanon,2020,Female,13.7178,0.2411,1.2912,0.7675,0.2946,31.8876
Lebanon,2015,Both sexes,7.1921,0.8446,2.3114,0.4354,0.1625,25.9856
Lebanon,2015,Male,14.7587,0.1377,3.1804,1.0303,0.6133,39.1121
Lebanon,2015,Female,8.369,0.4773,1.7845,1.2423,0.7808,22.7085
Lebanon,2010,Both sexes,6.8212,0.2514,5.7378,0.8589,0.1995,26.7247
Lebanon,2010,Male,12.897,0.8914,4.8342,1.5247,0.8545,29.3339
Lebanon,2010,Female,11.5871,0.6013,2.3414,1.3944,0.6,35.6965
Lebanon,2005,Both sexes,9.982,0.3082,3.954,0.8658,0.721,32.4767
Lebanon,2005,Male,10.5536,0.5522,4.6072,1.5833,0.9743,30.8571
Lebanon,2005,Female,12.192,0.7583,5.7064,1.4028,0.1753,26.7595
Lebanon,2000,Both sexes,7.2845,0.9623,5.4082,1.3837,0.9111,22.0722
Lebanon,2000,Male,14.9633,0.2984,3.576,1.2408,0.2135,26.729
Lebanon,2000,Female,14.7479,0.8976,4.8733,0.3194,0.4537,30.1658
Lesotho,2020,Both sexes,19.0555,14.0803,8.0593,3.786,4.3315,91.289
Lesotho,2020,Male,11.3922,13.8299,7.9743,2.5042,4.5781,93.0535
Lesotho,2020,Female,19.5639,9.8958,4.0327,4.7704,2.7787,79.6626
Lesotho,2015,Both sexes,9.2274,9.8175,4.1352,4.2719,3.1735,54.0514
Lesotho,2015,Male,8.5211,6.6449,7.7658,3.3508,3.6867,63.6903
Lesotho,2015,Female,12.3806,11.5336,5.4198,2.0087,4.2474,83.5488
Lesotho,2010,Both sexes,15.8646,8.4381,3.1893,1.8149,1.0468,81.5229
Lesotho,2010,Male,22.7606,10.4841,9.5056,2.3615,4.1453,71.0906
Lesotho,2010,Female,20.3619,6.9984,3.2924,2.9063,2.6657,65.7756
Lesotho,2005,Both sexes,20.626,11.241,8.3575,2.1843,2.5278,88.3477
Lesotho,2005,Male,15.2334,12.5426,7.8527,3.0597,2.4075,78.7944
Lesotho,2005,Female,13.8809,3.0501,11.7193,1.6615,2.7915,54.6642
Lesotho,2000,Both sexes,14.3077,12.661,7.3579,4.9109,4.7527,69.9765
Lesotho,2000,Male,24.79,8.5642,3.5724,1.4317,2.9669,59.9862
Lesotho,2000,Female,8.6819,12.8253,7.9652,4.7278,4.7893,87.2655
Liberia,2020,Both sexes,22.7395,7.0382,10.5699,4.6543,1.3113,73.6249
Liberia,2020,Male,17.8375,6.3066,11.9716,3.1014,3.7586,83.8374
Liberia,2020,Female,15.4565,13.8109,6.8731,3.8996,4.1551,85.4485
Liberia,2015,Both sexes,20.3294,4.5164,5.8827,2.7442,3.5561,89.3304
Liberia,2015,Male,16.2734,12.819,11.1599,3.5201,3.2312,87.2907
Liberia,2015,Female,22.8482,7.7763,4.7212,2.3623,3.0417,88.9253
Liberia,2010,Both sexes,23.3119,8.1973,8.5389,2.2046,4.3742,67.3318
Liberia,2010,Male,15.1693,5.3186,6.6514,3.3129,4.1974,83.1202
Liberia,2010,Female,12.7061,9.0226,3.3697,2.9925,1.0503,71.7576
Liberia,2005,Both sexes,18.07,5.553,6.1256,3.3181,4.3186,58.8161
Liberia,2005,Male,23.5102,1.5498,5.3871,2.1466,2.3633,89.0883
Liberia,2005,Female,11.5813,4.808,9.1748,2.4678,1.6416,45.5684
Liberia,2000,Both sexes,18.5904,1.0893,11.5391,1.3356,4.414,53.2892
Liberia,2000,Male,18.7365,14.697,5.4124,1.2091,2.4441,77.8428
Liberia,2000,Female,20.4629,14.5205,10.3032,2.0138,4.1376,76.9354
Libya,2020,Both sexes,6.3157,0.4556,1.2768,0.4262,0.3371,23.3014
Libya,2020,Male,12.1582,0.7555,3.6906,0.4764,0.1035,26.0213
Libya,2020,Female,14.0903,0.4112,1.3528,1.682,0.5459,25.8702
Libya,2015,Both sexes,6.7968,0.704,5.6702,0.3661,0.1902,32.502
Libya,2015,Male,7.3754,0.8249,4.8318,1.4202,0.7789,32.8354
Libya,2015,Female,14.714,0.9521,4.2897,0.7633,0.3485,31.4335
Libya,2010,Both sexes,6.8098,0.4602,5.1195,1.7816,0.4993,23.4775
Libya,2010,Male,13.5439,0.805,4.2376,1.1245,0.1783,32.3995
Libya,2010,Female,9.9228,0.3393,5.8447,0.8195,0.358,26.0448
Libya,2005,Both sexes,7.4723,0.9913,4.5698,1.18,0.8033,20.746
Libya,2005,Male,13.7075,0.1232,5.6233,0.9493,0.2364,36.8229
Libya,2005,Female,9.4531,0.6432,3.5857,1.2593,0.6824,28.6378
Libya,2000,Both sexes,10.1482,0.6936,1.5853,0.4947,0.9257,29.3025
Libya,2000,Male,8.5923,0.7192,3.6409,1.9949,0.7119,21.2972
Libya,2000,Female,10.9295,0.2083,1.6344,1.0234,0.8299,20.2028
Lithuania,2020,Both sexes,2.9811,0.1414,1.9812,0.2067,0.0396,6.4164
Lithuania,2020,Male,4.3465,0.0354,1.7062,0.3696,0.0651,9.3832
Lithuania,2020,Female,7.8165,0.0972,2.0564,0.2138,0.181,13.3539
Lithuania,2015,Both sexes,3.5488,0.0412,0.5251,0.425,0.1487,9.1078
Lithuania,2015,Male,5.9404,0.053,0.9871,0.2544,0.1351,9.2147
Lithuania,2015,Female,3.9511,0.0865,1.7283,0.3738,0.1395,10.3818
Lithuania,2010,Both sexes,6.6408,0.0684,2.8763,0.0984,0.0946,14.611
Lithuania,2010,Male,2.7852,0.0324,1.459,0.4308,0.028,5.9649
Lithuania,2010,Female,7.8189,0.0339,1.5609,0.3811,0.1612,12.9631
Lithuania,2005,Both sexes,4.7227,0.0685,2.2867,0.1453,0.1422,10.9528
Lithuania,2005,Male,3.4163,0.116,2.0095,0.1154,0.1051,9.5929
Lithuania,2005,Female,2.441,0.1357,1.2473,0.1923,0.182,6.355
Lithuania,2000,Both sexes,3.0185,0.0218,1.527,0.4892,0.0805,6.3447
Lithuania,2000,Male,5.1186,0.065,1.0442,0.1656,0.073,10.4817
Lithuania,2000,Female,4.022,0.024,2.9151,0.2553,0.1771,11.0632
Luxembourg,2020,Both sexes,6.9733,0.0123,0.8266,0.0635,0.1635,12.0161
Luxembourg,2020,Male,4.5853,0.1026,1.4296,0.2288,0.1127,8.3588
Luxembourg,2020,Female,3.4923,0.0943,0.5646,0.3071,0.0435,6.719
Luxembourg,2015,Both sexes,5.7029,0.0328,1.0544,0.4789,0.0587,9.0047
Luxembourg,2015,Male,6.2407,0.0427,2.4512,0.2825,0.1381,12.2631
Luxembourg,2015,Female,3.0023,0.0133,1.0029,0.4186,0.0893,5.8164
Luxembourg,2010,Both sexes,3.0057,0.1269,0.7002,0.2962,0.1706,7.9647
Luxembourg,2010,Male,2.22,0.1465,1.6861,0.0684,0.191,6.1475
Luxembourg,2010,Female,6.4184,0.029,0.5249,0.1918,0.165,12.2415
Luxembourg,2005,Both sexes,5.9828,0.0424,0.7119,0.309,0.088,9.3347
Luxembourg,2005,Male,4.8478,0.1316,2.5191,0.4778,0.162,12.3498
Luxembourg,2005,Female,7.065,0.1397,2.4287,0.4366,0.0833,11.17
Luxembourg,2000,Both sexes,6.834,0.0687,2.7878,0.1528,0.0501,14.7235
Luxembourg,2000,Male,5.5121,0.0171,2.6363,0.149,0.026,9.5296
Luxembourg,2000,Female,7.2096,0.0155,2.2079,0.1405,0.0894,14.2334
Madagascar,2020,Both sexes,7.0584,0.6166,1.2617,1.8682,0.9132,23.6384
Madagascar,2020,Male,6.1192,0.4536,4.9142,1.7495,0.3151,30.6035
Madagascar,2020,Female,7.6975,0.1258,5.2276,1.6173,0.2859,33.8857
Madagascar,2015,Both sexes,5.5709,0.6249,4.9954,0.9676,0.9728,29.5209
Madagascar,2015,Male,10.3117,0.1102,3.5424,1.1574,0.1225,27.5347
Madagascar,2015,Female,14.3661,0.8086,2.1645,1.0894,0.8072,30.9914
Madagascar,2010,Both sexes,5.3934,0.3758,5.2266,0.7308,0.3892,29.8265
Madagascar,2010,Male,6.2211,0.1362,4.6358,1.1585,0.1337,31.8913
Madagascar,2010,Female,9.522,0.6295,5.9038,0.3518,0.926,30.5791
Madagascar,2005,Both sexes,14.3388,0.4579,1.7785,0.5241,0.2257,23.7181
Madagascar,2005,Male,8.1616,0.9764,2.1283,1.8072,0.5966,28.887
Madagascar,2005,Female,10.0723,0.5898,2.059,1.5779,0.3466,26.201
Madagascar,2000,Both sexes,5.4157,0.3477,4.9627,1.0189,0.1587,18.6014
Madagascar,2000,Male,6.4834,0.7385,1.9345,1.1792,0.1449,28.8188
Madagascar,2000,Female,14.8663,0.3443,1.3333,0.929,0.204,27.7121
Malawi,2020,Both sexes,24.407,13.6594,11.987,3.9631,0.8212,99.8359
Malawi,2020,Male,8.084,6.2461,3.2234,4.1367,3.9225,45.6092
Malawi,2020,Female,24.1808,8.6982,10.5172,4.0531,2.685,108.3019
Malawi,2015,Both sexes,18.865,1.708,6.2883,3.8904,2.043,81.3659
Malawi,2015,Male,22.7546,6.9657,10.5745,1.818,2.3827,69.9659
Malawi,2015,Female,15.7306,12.6531,7.9916,2.3519,4.6803,82.4713
Malawi,2010,Both sexes,16.7651,12.2791,11.1147,2.8794,4.5984,82.5367
Malawi,2010,Male,16.3104,4.1405,11.3357,2.3232,3.7205,81.5228
Malawi,2010,Female,19.3367,4.1651,3.0819,4.0198,4.4811,94.9903
Malawi,2005,Both sexes,10.3741,12.4423,3.6787,2.3174,1.9384,87.0618
Malawi,2005,Male,8.5096,14.0256,5.2532,1.5529,2.215,66.275
Malawi,2005,Female,13.2348,2.3351,9.0238,2.5962,3.2617,79.3824
Malawi,2000,Both sexes,19.9796,7.3008,10.9944,4.9197,3.3063,92.737
Malawi,2000,Male,11.4315,5.7244,7.1395,1.9035,2.6676,80.7643
Malawi,2000,Female,19.4484,13.1896,8.4628,3.4486,2.303,73.3274
Malaysia,2020,Both sexes,14.6991,0.1752,1.9425,1.0361,0.9876,26.4535
Malaysia,2020,Male,5.939,0.29,5.0248,0.4207,0.839,27.5905
Malaysia,2020,Female,11.726,0.7772,5.8366,1.1294,0.4915,31.1335
Malaysia,2015,Both sexes,9.4375,0.1462,2.343,1.4937,0.7546,27.0001
Malaysia,2015,Male,13.6814,0.5433,3.4741,1.1725,0.3426,24.8028
Malaysia,2015,Female,6.7715,0.4979,1.4306,1.7826,0.1902,15.8333
Malaysia,2010,Both sexes,11.9263,0.401,3.7957,0.7912,0.4172,22.4708
Malaysia,2010,Male,13.3812,0.4551,3.5139,0.4466,0.4627,36.7228
Malaysia,2010,Female,14.4461,0.5769,1.7222,1.8922,0.1149,31.5439
Malaysia,2005,Both sexes,11.8325,0.2452,3.2103,0.9429,0.8333,31.6294
Malaysia,2005,Male,9.9717,0.6148,2.6705,1.2799,0.4233,30.6968
Malaysia,2005,Female,11.1785,0.8249,3.6092,1.6464,0.6224,36.7169
Malaysia,2000,Both sexes,13.689,0.7841,3.9283,0.8513,0.1666,34.486
Malaysia,2000,Male,10.7061,0.2385,1.0425,1.5175,0.2575,27.3416
Malaysia,2000,Female,5.3039,0.2343,4.805,0.5302,0.9007,27.3785
Maldives,2020,Both sexes,14.3095,0.3414,4.5651,0.7952,0.6478,35.8158
Maldives,2020,Male,11.8953,0.425,2.8314,0.546,0.9553,31.4536
Maldives,2020,Female,11.7651,0.4676,1.2647,1.6791,0.9989,28.3432
Maldives,2015,Both sexes,7.1568,0.7117,4.7747,0.6785,0.4347,20.8604
Maldives,2015,Male,11.5889,0.151,5.7759,1.5196,0.3689,35.6893
Maldives,2015,Female,8.9386,0.1312,2.2008,1.9036,0.8725,24.6848
Maldives,2010,Both sexes,11.5123,0.4527,2.6176,1.1972,0.9988,29.115
Maldives,2010,Male,6.0659,0.7274,1.9191,1.218,0.6667,26.5504
Maldives,2010,Female,11.5785,0.2741,3.8847,1.0838,0.8156,33.0081
Maldives,2005,Both sexes,14.9941,0.6774,1.7742,0.854,0.8036,32.7001
Maldives,2005,Male,5.4821,0.3338,2.781,1.1086,0.4198,21.3152
Maldives,2005,Female,14.7717,0.8975,4.4851,1.3248,0.6168,40.9168
Maldives,2000,Both sexes,9.0691,0.9061,3.8006,1.9762,0.8498,30.1068
Maldives,2000,Male,13.7075,0.3676,2.9323,1.8942,0.7193,35.691
Maldives,2000,Female,12.8239,0.307,3.1012,1.7657,0.119,36.118
Mali,2020,Both sexes,17.6393,6.7583,8.059,4.5565,2.0152,64.2574
Mali,2020,Male,20.5536,4.3674,3.0528,2.8714,1.1501,70.5226
Mali,2020,Female,22.9348,10.4134,3.7066,3.6298,1.5484,91.8424
Mali,2015,Both sexes,14.8704,12.5649,10.9313,4.5803,4.5747,80.7891
Mali,2015,Male,13.5596,10.4233,3.7009,2.5718,0.666,90.0798
Mali,2015,Female,19.3491,12.5409,9.3612,4.847,1.4891,94.4104
Mali,2010,Both sexes,21.7334,6.5579,11.2803,2.6631,1.8931,84.6582
Mali,2010,Male,20.9588,3.1884,5.4362,3.4043,3.276,65.4953
Mali,2010,Female,21.5628,11.3313,6.3344,3.8392,2.9035,74.1634
Mali,2005,Both sexes,15.4049,6.0466,8.1203,4.8024,1.4822,80.1195
Mali,2005,Male,21.9032,10.3978,10.9354,1.9785,1.2391,89.5486
Mali,2005,Female,10.0436,4.789,11.4772,3.9845,1.5656,77.6603
Mali,2000,Both sexes,17.2563,2.1372,9.6561,3.0833,2.7614,50.8125
Mali,2000,Male,8.0979,14.8961,3.7796,2.0742,1.7203,57.5505
Mali,2000,Female,13.518,3.1868,9.0224,4.1064,4.7642,90.9436
Malta,2020,Both sexes,4.1988,0.1484,1.5258,0.2985,0.1035,10.9459
Malta,2020,Male,4.377,0.1468,1.6768,0.3474,0.0306,10.0425
Malta,2020,Female,6.1728,0.1211,0.6229,0.1953,0.1513,11.1602
Malta,2015,Both sexes,4.3313,0.1023,0.9777,0.2666,0.0792,7.1362
Malta,2015,Male,4.6922,0.0909,2.4763,0.3278,0.1376,11.6996
Malta,2015,Female,3.4253,0.1313,1.6349,0.2322,0.0703,8.7098
Malta,2010,Both sexes,4.2395,0.0505,1.2542,0.1393,0.1227,9.3045
Malta,2010,Male,3.3636,0.0755,1.46,0.4827,0.159,9.2635
Malta,2010,Female,2.4392,0.0967,2.636,0.2802,0.187,10.0941
Malta,2005,Both sexes,5.6207,0.0676,2.3725,0.3803,0.067,10.2453
Malta,2005,Male,6.0093,0.0698,1.1808,0.235,0.0803,9.9324
Malta,2005,Female,5.7169,0.0562,0.7938,0.2098,0.1036,9.5705
Malta,2000,Both sexes,4.781,0.089,1.13,0.2332,0.1869,8.6647
Malta,2000,Male,4.2787,0.1291,2.8019,0.2341,0.1822,12.2912
Malta,2000,Female,7.18,0.0382,1.954,0.2949,0.0362,14.1935
Mauritania,2020,Both sexes,10.1908,0.941,3.6674,1.2239,0.2187,34.7429
Mauritania,2020,Male,9.7918,0.7202,3.982,1.1452,0.546,29.1623
Mauritania,2020,Female,5.2564,0.8409,2.8301,0.5291,0.196,16.7334
Mauritania,2015,Both sexes,8.4125,0.6006,5.0355,1.1433,0.411,23.511
Mauritania,2015,Male,8.802,0.8016,3.6164,0.5875,0.2335,29.1369
Mauritania,2015,Female,8.9882,0.1146,1.5837,0.5144,0.6724,20.2365
Mauritania,2010,Both sexes,10.8017,0.8365,1.6453,1.8855,0.9545,23.7256
Mauritania,2010,Male,10.336,0.1361,3.6843,1.3284,0.9971,30.6244
Mauritania,2010,Female,11.0791,0.9009,5.6829,1.4211,0.4377,38.8607
Mauritania,2005,Both sexes,12.6488,0.9928,2.5418,0.983,0.6391,31.9033
Mauritania,2005,Male,13.1299,0.3647,5.3477,1.8453,0.8706,26.7549
Mauritania,2005,Female,12.1812,0.2893,4.8205,1.3845,0.2057,32.7044
Mauritania,2000,Both sexes,14.5552,0.7888,2.2391,1.6076,0.7206,35.0514
Mauritania,2000,Male,5.1823,0.3277,1.1817,0.9266,0.468,14.8209
Mauritania,2000,Female,6.9578,0.879,1.5092,1.932,0.2855,27.6536
Mauritius,2020,Both sexes,5.0756,0.1926,4.6425,1.6948,0.4625,19.7629
Mauritius,2020,Male,11.4747,0.2134,1.9983,1.7517,0.1684,33.6258
Mauritius,2020,Female,13.9803,0.9812,2.8564,0.5927,0.7259,39.044
Mauritius,2015,Both sexes,7.4348,0.7065,3.5085,0.7606,0.3275,18.3035
Mauritius,2015,Male,14.2703,0.8622,4.6273,0.7856,0.3803,33.6418
Mauritius,2015,Female,5.6027,0.3919,1.5662,0.7605,0.209,21.0981
Mauritius,2010,Both sexes,14.3444,0.7088,3.0318,1.7542,0.8782,33.1381
Mauritius,2010,Male,8.5162,0.6348,3.4254,0.3542,0.5441,20.907
Mauritius,2010,Female,6.0142,0.6428,3.7041,0.4294,0.6149,22.6227
Mauritius,2005,Both sexes,9.8587,0.7143,5.0918,0.7657,0.6125,36.2592
Mauritius,2005,Male,7.5678,0.6178,1.8584,0.6398,0.4694,29.2106
Mauritius,2005,Female,7.8487,0.4862,5.0392,0.6942,0.2733,23.7197
Mauritius,2000,Both sexes,8.0729,0.3483,4.4644,1.6565,0.7706,23.4271
Mauritius,2000,Male,13.0303,0.7917,3.7794,1.2573,0.2144,39.0719
Mauritius,2000,Female,10.3916,0.3036,4.4976,0.3098,0.1935,28.6459
Mexico,2020,Both sexes,8.1131,0.7231,3.0601,1.0298,0.7391,31.2753
Mexico,2020,Male,11.1033,0.31,1.692,0.9934,0.288,29.3706
Mexico,2020,Female,12.1615,0.6628,4.3288,0.4937,0.3761,36.6151
Mexico,2015,Both sexes,7.7262,0.7724,3.6234,1.4494,0.5277,26.6861
Mexico,2015,Male,9.1355,0.2968,4.1969,1.4936,0.5044,29.162
Mexico,2015,Female,6.2189,0.1539,2.69,1.5255,0.7377,29.6543
Mexico,2010,Both sexes,6.8115,0.2179,5.5343,1.5384,0.6611,21.6041
Mexico,2010,Male,11.8112,0.6454,3.9368,0.3001,0.68,26.5531
Mexico,2010,Female,6.8144,0.8645,1.427,1.9217,0.7426,28.7502
Mexico,2005,Both sexes,10.2516,0.1405,3.249,1.6842,0.3634,22.7482
Mexico,2005,Male,12.0905,0.7607,4.7818,1.8368,0.3901,34.9008
Mexico,2005,Female,6.0688,0.4072,4.9707,0.3266,0.4942,26.4476
Mexico,2000,Both sexes,10.6731,0.5307,3.473,1.8876,0.3767,36.3354
Mexico,2000,Male,7.5656,0.936,5.4737,1.6766,0.9864,25.9427
Mexico,2000,Female,14.6293,0.3988,2.3383,1.7233,0.8326,36.8748
Mongolia,2020,Both sexes,9.8355,0.5188,3.053,0.4586,0.2482,33.0005
Mongolia,2020,Male,13.0599,0.1123,5.493,1.5559,0.105,33.2111
Mongolia,2020,Female,10.5023,0.1734,5.4813,1.9319,0.1385,27.1732
Mongolia,2015,Both sexes,5.4341,0.3327,4.4286,1.4535,0.3197,28.5795
Mongolia,2015,Male,11.3315,0.1251,5.2949,1.27,0.2029,27.0794
Mongolia,2015,Female,14.514,0.6682,1.4439,1.9076,0.58,34.7734
Mongolia,2010,Both sexes,11.0161,0.4838,5.325,1.053,0.8722,28.0489
Mongolia,2010,Male,13.1919,0.5933,2.6031,1.3188,0.7631,33.4572
Mongolia,2010,Female,13.8421,0.2572,1.8917,1.1098,0.294,22.8062
Mongolia,2005,Both sexes,7.2808,0.3663,2.1968,1.8858,0.4594,23.9133
Mongolia,2005,Male,7.1204,0.6974,3.0898,0.4293,0.5571,24.8183
Mongolia,2005,Female,11.1098,0.9688,2.256,1.1519,0.8292,28.4884
Mongolia,2000,Both sexes,9.1103,0.1454,2.6028,1.4678,0.8552,30.8488
Mongolia,2000,Male,13.3986,0.9013,1.6749,1.6462,0.9187,28.5407
Mongolia,2000,Female,14.0002,0.6192,2.4809,1.2911,0.5583,25.2281
Montenegro,2020,Both sexes,8.5342,0.6075,3.8614,1.8452,0.7248,21.0969
Montenegro,2020,Male,7.3687,0.5503,3.2093,1.9014,0.2006,31.1235
Montenegro,2020,Female,12.8053,0.1625,2.7336,0.4093,0.6088,36.3399
Montenegro,2015,Both sexes,7.7481,0.1809,4.7323,0.984,0.3238,24.8267
Montenegro,2015,Male,13.2261,0.6408,5.4675,0.3399,0.4885,33.5487
Montenegro,2015,Female,9.2374,0.4069,4.7839,0.86,0.6706,34.8062
Montenegro,2010,Both sexes,11.6755,0.9255,2.66,1.2127,0.3313,22.875
Montenegro,2010,Male,5.9554,0.4659,4.7222,1.8484,0.147,23.8383
Montenegro,2010,Female,11.2386,0.229,1.7599,1.7391,0.1092,24.9167
Montenegro,2005,Both sexes,9.5177,0.7432,1.6516,0.5167,0.1199,30.2243
Montenegro,2005,Male,10.8661,0.364,2.7281,0.4582,0.1075,23.8999
Montenegro,2005,Female,6.6801,0.5729,5.0385,1.3018,0.1993,19.9246
Montenegro,2000,Both sexes,12.3687,0.728,2.2317,1.2046,0.3155,30.154
Montenegro,2000,Male,13.628,0.9102,1.3163,0.7528,0.2991,28.6827
Montenegro,2000,Female,7.1674,0.813,1.6585,1.8291,0.9881,22.0817
Morocco,2020,Both sexes,5.9571,0.7087,5.2937,1.8765,0.3754,19.9462
Morocco,2020,Male,5.2364,0.7117,4.1689,0.9844,0.2147,21.0211
Morocco,2020,Female,11.4197,0.9513,2.266,1.8135,0.591,24.0084
Morocco,2015,Both sexes,11.0709,0.3662,3.7765,0.9527,0.8722,25.2047
Morocco,2015,Male,10.467,0.101,3.6379,1.5526,0.7103,29.6351
Morocco,2015,Female,7.3195,0.3448,4.2772,1.1091,0.3665,20.6996
Morocco,2010,Both sexes,8.9091,0.2961,2.1659,0.5084,0.6055,22.4686
Morocco,2010,Male,10.9448,0.6957,5.322,1.8775,0.7434,35.0985
Morocco,2010,Female,9.9677,0.6703,2.5468,1.072,0.7553,29.735
Morocco,2005,Both sexes,14.8779,0.6341,4.4707,1.5486,0.6999,29.904
Morocco,2005,Male,6.3644,0.1146,1.0806,0.9242,0.8837,27.14
Morocco,2005,Female,11.9514,0.7559,2.8633,0.3321,0.8831,31.0821
Morocco,2000,Both sexes,9.0432,0.3912,2.7585,0.4709,0.621,25.5488
Morocco,2000,Male,9.282,0.6986,3.7174,1.1436,0.4869,20.7519
Morocco,2000,Female,12.176,0.6009,1.3637,1.4729,0.6774,31.4571
Mozambique,2020,Both sexes,19.7714,5.7982,10.1112,2.3389,4.182,87.4261
Mozambique,2020,Male,24.8514,2.8841,4.96,3.782,0.5254,81.9469
Mozambique,2020,Female,10.1827,2.3219,9.0933,3.7945,4.964,67.7981
Mozambique,2015,Both sexes,9.7699,12.6413,10.2289,3.8157,1.323,55.2333
Mozambique,2015,Male,20.3138,13.8576,8.0569,2.9701,2.6161,72.3894
Mozambique,2015,Female,17.8326,10.097,9.6679,4.6595,4.4241,83.8229
Mozambique,2010,Both sexes,12.6607,2.4481,8.9567,2.9568,1.5127,76.0951
Mozambique,2010,Male,9.3501,6.6284,6.1998,2.8011,2.6456,66.3572
Mozambique,2010,Female,9.4562,11.2051,10.2797,1.7975,1.0966,66.4097
Mozambique,2005,Both sexes,23.2012,11.9175,5.6523,2.2306,2.2778,101.9784
Mozambique,2005,Male,11.2617,2.6551,8.1409,1.1693,1.2971,69.1866
Mozambique,2005,Female,13.4973,1.0004,9.7086,3.5341,2.1363,70.777
Mozambique,2000,Both sexes,11.8532,10.9699,6.4106,1.9941,2.1806,70.4672
Mozambique,2000,Male,14.0349,5.9923,5.7249,2.2166,4.9693,51.0471
Mozambique,2000,Female,9.1802,4.5627,7.1341,4.0833,4.9767,64.9511
Myanmar,2020,Both sexes,16.824,1.1806,10.3617,2.3089,1.0165,61.7635
Myanmar,2020,Male,9.1494,8.5642,11.3693,1.9688,3.7669,79.7939
Myanmar,2020,Female,21.6061,12.9161,7.9058,1.6762,0.7329,90.5631
Myanmar,2015,Both sexes,11.9731,14.4068,8.9532,4.0994,0.6359,83.0547
Myanmar,2015,Male,17.1802,8.9204,11.1295,1.5188,0.974,83.4443
Myanmar,2015,Female,22.9613,8.2025,3.8869,2.815,4.8447,72.7121
Myanmar,2010,Both sexes,19.0649,2.1908,5.0887,3.0277,4.7339,85.4228
Myanmar,2010,Male,17.0603,8.6842,9.3801,3.7496,1.3727,79.8497
Myanmar,2010,Female,13.5137,6.3197,10.4137,3.5331,1.2275,62.9363
Myanmar,2005,Both sexes,13.661,9.4999,10.7133,4.2429,1.5824,87.7813
Myanmar,2005,Male,19.3813,6.4422,6.736,1.179,2.82,72.9089
Myanmar,2005,Female,24.9004,4.3642,3.8041,2.1858,3.0637,76.8282
Myanmar,2000,Both sexes,19.2513,2.3295,6.94,2.1205,1.4972,61.9639
Myanmar,2000,Male,17.4823,5.4089,5.0766,1.5841,3.9048,51.134
Myanmar,2000,Female,20.4211,2.353,5.6208,2.1567,1.893,63.7799
Namibia,2020,Both sexes,9.6521,0.2592,4.8613,0.8266,0.9299,31.1809
Namibia,2020,Male,5.6014,0.9886,1.3776,1.1872,0.6911,19.312
Namibia,2020,Female,10.623,0.4997,5.1379,1.4283,0.4927,29.1887
Namibia,2015,Both sexes,14.5763,0.5787,3.1383,0.9479,0.8109,25.6856
Namibia,2015,Male,6.753,0.8863,3.9803,1.5231,0.8361,33.0693
Namibia,2015,Female,11.9,0.996,1.4483,0.8715,0.3614,22.0575
Namibia,2010,Both sexes,7.0093,0.6244,2.6868,0.7935,0.4057,18.6083
Namibia,2010,Male,10.3583,0.8312,1.4485,1.22,0.9424,21.0004
Namibia,2010,Female,5.9668,0.3942,5.8077,0.3403,0.2483,31.1352
Namibia,2005,Both sexes,9.5037,0.3752,5.0363,0.4356,0.1379,23.1009
Namibia,2005,Male,12.5616,0.4624,3.2982,1.0105,0.5086,30.9825
Namibia,2005,Female,8.4757,0.7053,2.118,1.903,0.8211,25.2666
Namibia,2000,Both sexes,11.6491,0.714,5.6673,1.5266,0.7945,36.7784
Namibia,2000,Male,12.9545,0.3837,2.723,0.4498,0.9276,37.318
Namibia,2000,Female,14.2718,0.2199,1.8049,1.7387,0.5799,37.5042
Nepal,2020,Both sexes,11.9889,9.8535,8.0685,3.9292,0.9503,81.5261
Nepal,2020,Male,14.7884,2.7966,11.494,3.4438,3.1491,75.6635
Nepal,2020,Female,10.5911,9.0989,3.0345,4.2812,4.0028,48.3759
Nepal,2015,Both sexes,24.8722,10.7079,5.1431,2.6164,0.92,88.7603
Nepal,2015,Male,23.759,10.8086,11.446,1.886,1.277,86.0922
Nepal,2015,Female,17.1793,11.5486,4.5398,3.0481,0.5553,92.814
Nepal,2010,Both sexes,22.3146,13.22,4.0192,3.1954,3.1714,67.4956
Nepal,2010,Male,16.8563,7.9994,8.1317,3.1533,4.4903,60.2076
Nepal,2010,Female,18.601,11.2235,10.7566,3.2603,3.518,103.6084
Nepal,2005,Both sexes,9.5151,9.6684,7.294,4.7948,4.9192,77.9619
Nepal,2005,Male,20.8396,3.613,11.9511,4.609,0.7837,84.2553
Nepal,2005,Female,10.1711,1.3597,9.1125,4.5029,4.5635,63.2259
Nepal,2000,Both sexes,22.0431,4.9836,3.6667,4.2057,4.1633,54.4718
Nepal,2000,Male,21.2945,7.2025,11.9355,4.7737,1.9141,77.2166
Nepal,2000,Female,20.0487,9.6395,6.671,1.394,4.8809,60.377
Netherlands,2020,Both sexes,2.217,0.129,1.2185,0.1693,0.0718,5.8879
Netherlands,2020,Male,3.8188,0.0375,1.8947,0.2728,0.1801,10.7562
Netherlands,2020,Female,3.5787,0.0276,1.2608,0.4309,0.1785,9.5673
Netherlands,2015,Both sexes,4.1608,0.1449,0.7161,0.2773,0.1564,8.4387
Netherlands,2015,Male,2.5259,0.0251,0.5036,0.3866,0.1214,5.3173
Netherlands,2015,Female,7.6217,0.077,1.624,0.1125,0.0416,11.555
Netherlands,2010,Both sexes,5.3228,0.092,2.5922,0.1636,0.1158,11.5026
Netherlands,2010,Male,3.8331,0.0858,1.9308,0.3793,0.0842,8.7924
Netherlands,2010,Female,4.3819,0.022,2.998,0.1241,0.1626,11.0923
Netherlands,2005,Both sexes,4.6832,0.018,1.2171,0.2081,0.1565,9.6952
Netherlands,2005,Male,5.6036,0.0248,1.2011,0.1692,0.1839,8.515
Netherlands,2005,Female,5.0941,0.092,0.8994,0.2074,0.0227,10.0286
Netherlands,2000,Both sexes,7.5164,0.0862,0.9102,0.3687,0.1656,11.984
Netherlands,2000,Male,4.9818,0.0427,1.213,0.2155,0.1889,10.4142
Netherlands,2000,Female,7.9529,0.0993,2.4821,0.2999,0.1621,12.6318
New Zealand,2020,Both sexes,7.1085,0.1248,2.7644,0.095,0.0434,13.3451
New Zealand,2020,Male,3.2511,0.0158,2.9377,0.4123,0.0346,7.652
New Zealand,2020,Female,7.5836,0.0797,1.0807,0.2164,0.0238,13.1707
New Zealand,2015,Both sexes,2.6982,0.1065,2.7032,0.3418,0.1332,9.2518
New Zealand,2015,Male,6.9047,0.0453,1.3206,0.3764,0.1333,10.0272
New Zealand,2015,Female,4.2837,0.0531,0.7821,0.1443,0.1976,7.6714
New Zealand,2010,Both sexes,7.2678,0.0959,2.6751,0.4481,0.0916,13.21
New Zealand,2010,Male,7.2083,0.1357,2.0903,0.3273,0.0797,12.1844
New Zealand,2010,Female,6.8356,0.1234,0.9118,0.2429,0.1324,10.3847
New Zealand,2005,Both sexes,6.7402,0.0916,1.5746,0.1321,0.1686,13.5894
New Zealand,2005,Male,3.8281,0.1122,1.2181,0.474,0.1886,7.9165
New Zealand,2005,Female,2.4855,0.0611,2.342,0.3898,0.1646,10.1609
New Zealand,2000,Both sexes,4.4179,0.0997,1.6335,0.1436,0.0968,9.4689
New Zealand,2000,Male,3.0411,0.0753,2.9732,0.202,0.1343,8.1372
New Zealand,2000,Female,6.1697,0.0366,0.6369,0.4144,0.1741,8.8129
Nicaragua,2020,Both sexes,8.461,0.7316,2.7751,1.4827,0.5415,32.9592
Nicaragua,2020,Male,14.7561,0.6008,3.4095,1.6018,0.295,35.4128
Nicaragua,2020,Female,11.4097,0.4228,3.5157,1.05,0.2528,22.3081
Nicaragua,2015,Both sexes,13.2248,0.9202,2.5797,1.518,0.1001,27.6658
Nicaragua,2015,Male,6.3252,0.1188,4.6462,0.957,0.7464,21.5234
Nicaragua,2015,Female,13.6201,0.3842,5.3737,0.6591,0.2,38.7326
Nicaragua,2010,Both sexes,14.2276,0.1512,5.6936,1.3756,0.3195,38.5144
Nicaragua,2010,Male,9.8706,0.7899,5.0255,1.9592,0.3681,23.3271
Nicaragua,2010,Female,11.0625,0.7319,5.2529,0.828,0.6043,23.5384
Nicaragua,2005,Both sexes,12.6481,0.3982,3.7527,1.0836,0.4582,27.0818
Nicaragua,2005,Male,6.7484,0.7081,5.1294,1.4458,0.7072,31.1901
Nicaragua,2005,Female,10.0257,0.4563,2.5175,1.2206,0.1501,21.1976
Nicaragua,2000,Both sexes,8.9866,0.7806,2.9924,1.7338,0.2115,20.5143
Nicaragua,2000,Male,6.4637,0.5088,2.5846,1.595,0.5493,23.9798
Nicaragua,2000,Female,8.6753,0.4711,3.3369,0.3991,0.4033,28.0241
Niger,2020,Both sexes,9.1589,14.0862,5.5702,4.9937,1.8312,75.7954
Niger,2020,Male,8.4388,4.5123,11.6545,4.0096,0.8016,48.1153
Niger,2020,Female,10.2978,2.6863,5.8156,4.4556,4.5307,52.0079
Niger,2015,Both sexes,24.373,9.1836,3.8824,3.6048,3.6132,91.166
Niger,2015,Male,17.342,14.5705,7.7414,4.4251,1.0473,67.3256
Niger,2015,Female,24.419,6.2897,3.5139,1.4495,0.7927,54.3336
Niger,2010,Both sexes,15.3525,1.8685,3.9949,2.391,4.8869,64.7331
Niger,2010,Male,13.3009,5.7503,4.9745,4.5057,3.5653,77.0137
Niger,2010,Female,16.6044,8.083,7.1792,1.8066,2.3786,64.9879
Niger,2005,Both sexes,15.4717,3.2669,6.8993,1.313,3.6578,57.3654
Niger,2005,Male,9.7963,10.2134,10.1972,4.1525,3.9035,76.2815
Niger,2005,Female,18.894,14.9685,9.6553,4.3419,4.0098,88.8612
Niger,2000,Both sexes,11.6726,7.3244,6.8369,1.6506,2.6504,68.9512
Niger,2000,Male,18.533,5.9662,6.0033,4.4174,2.4345,59.0263
Niger,2000,Female,19.0534,6.6099,5.8482,3.7471,0.5496,76.6109
Nigeria,2020,Both sexes,10.5844,2.612,9.966,3.0803,4.6695,80.0941
Nigeria,2020,Male,9.0429,13.3658,3.4687,4.321,3.2149,48.8711
Nigeria,2020,Female,21.2729,6.8076,3.1154,2.677,1.4142,80.8374
Nigeria,2015,Both sexes,15.8166,6.4218,10.1599,1.776,4.6382,94.4083
Nigeria,2015,Male,8.9888,10.2357,7.2943,2.1394,4.6172,90.1826
Nigeria,2015,Female,24.9127,7.1885,4.1779,3.0207,4.9513,76.743
Nigeria,2010,Both sexes,8.9823,10.0753,5.1201,3.1253,4.4333,81.1899
Nigeria,2010,Male,19.8156,1.8602,11.3925,4.2223,4.99,98.4616
Nigeria,2010,Female,24.7225,12.3921,10.7355,4.1654,1.6011,82.9704
Nigeria,2005,Both sexes,12.0661,14.1671,9.3881,3.3255,4.2901,102.5178
Nigeria,2005,Male,10.4182,10.0827,7.34,4.1231,4.2036,92.6472
Nigeria,2005,Female,10.0635,14.3639,7.6829,1.7671,1.5392,61.1924
Nigeria,2000,Both sexes,13.1557,3.1201,11.7772,1.2003,0.943,70.5455
Nigeria,2000,Male,9.7178,7.6838,11.6919,4.4945,4.9074,76.5874
Nigeria,2000,Female,19.7667,9.4253,4.9374,1.3022,1.8321,61.2183
Norway,2020,Both sexes,2.3738,0.0914,2.5278,0.161,0.1768,10.2364
Norway,2020,Male,5.0565,0.0662,0.9931,0.3629,0.0207,7.7081
Norway,2020,Female,7.9802,0.0573,1.0338,0.2343,0.0238,11.1643
Norway,2015,Both sexes,6.8838,0.0278,2.1902,0.4443,0.1039,14.4858
Norway,2015,Male,5.6913,0.0648,1.5125,0.1841,0.063,8.6208
Norway,2015,Female,3.8375,0.0328,2.8289,0.0553,0.1442,8.5604
Norway,2010,Both sexes,5.7434,0.1128,0.7225,0.1853,0.1218,11.3428
Norway,2010,Male,5.1622,0.0392,1.7788,0.3101,0.0339,12.1751
Norway,2010,Female,4.5565,0.0182,2.7963,0.2192,0.0493,9.7997
Norway,2005,Both sexes,2.7843,0.0873,2.7603,0.2907,0.0898,7.091
Norway,2005,Male,7.3196,0.0933,0.8913,0.4445,0.0534,10.0129
Norway,2005,Female,4.6987,0.1321,1.4166,0.4606,0.1626,10.4361
Norway,2000,Both sexes,3.1677,0.0908,2.0478,0.1697,0.0949,9.5285
Norway,2000,Male,4.2066,0.0584,0.8985,0.258,0.0368,8.8462
Norway,2000,Female,4.4848,0.1224,2.9201,0.2971,0.1072,12.864
Oman,2020,Both sexes,6.9652,0.0856,2.7869,0.4771,0.0364,12.2496
Oman,2020,Male,6.4017,0.0211,0.9174,0.4994,0.0432,12.3286
Oman,2020,Female,6.6158,0.0892,0.8029,0.1559,0.0631,10.0184
Oman,2015,Both sexes,2.0662,0.1371,0.7135,0.3771,0.1747,4.971
Oman,2015,Male,4.4969,0.0655,2.7736,0.2201,0.1864,9.5645
Oman,2015,Female,4.8881,0.0515,0.9841,0.0536,0.1687,8.405
Oman,2010,Both sexes,2.1152,0.0301,1.5407,0.0542,0.0801,5.4737
Oman,2010,Male,3.5589,0.0312,1.6221,0.2573,0.069,9.0823
Oman,2010,Female,6.5617,0.0706,1.9975,0.2698,0.1188,11.2097
Oman,2005,Both sexes,2.8227,0.0934,0.6793,0.0602,0.1499,5.615
Oman,2005,Male,5.2119,0.0213,1.0669,0.3591,0.1988,9.9061
Oman,2005,Female,3.2912,0.1415,2.8287,0.1823,0.0437,10.3241
Oman,2000,Both sexes,2.0727,0.1157,2.771,0.302,0.0289,7.9638
Oman,2000,Male,3.4472,0.0921,2.4532,0.1854,0.145,7.8075
Oman,2000,Female,7.8552,0.126,0.5485,0.1252,0.1698,12.3882
Pakistan,2020,Both sexes,21.6261,2.1226,5.9431,2.6287,4.3086,55.1488
Pakistan,2020,Male,24.3128,7.6757,8.6516,1.9291,3.5531,84.7511
Pakistan,2020,Female,16.2935,9.8213,5.4767,3.1392,4.7931,57.1034
Pakistan,2015,Both sexes,9.8655,12.6011,11.1863,1.7953,2.7995,82.1016
Pakistan,2015,Male,17.3153,11.9686,8.705,3.0336,4.6122,86.6212
Pakistan,2015,Female,15.7244,4.879,3.6472,1.6295,4.8552,80.5393
Pakistan,2010,Both sexes,22.3541,14.1723,11.1811,3.6839,4.3122,73.6938
Pakistan,2010,Male,9.6674,2.7408,11.6199,4.0158,1.8939,79.2762
Pakistan,2010,Female,16.3001,13.2519,3.6994,1.4416,1.383,74.9818
Pakistan,2005,Both sexes,10.5508,14.5932,7.7912,2.8712,2.9665,80.1934
Pakistan,2005,Male,13.5195,3.4801,5.7303,1.2835,2.5386,56.8119
Pakistan,2005,Female,20.5351,11.1089,6.5356,3.3927,4.4499,96.2627
Pakistan,2000,Both sexes,16.0923,1.564,4.6169,2.0576,0.9501,48.512
Pakistan,2000,Male,14.3901,6.6759,8.2026,3.1105,1.6598,60.6877
Pakistan,2000,Female,14.7061,8.228,11.6218,3.0698,3.8831,90.6371
Panama,2020,Both sexes,9.5945,0.6226,3.5154,1.8714,0.1855,26.8586
Panama,2020,Male,12.8502,0.9423,1.4146,1.2334,0.3887,36.0281
Panama,2020,Female,13.9208,0.705,4.1,1.2911,0.4484,32.3195
Panama,2015,Both sexes,14.5533,0.5332,2.7011,0.9828,0.6603,29.181
Panama,2015,Male,12.869,0.8287,5.2796,1.9134,0.2423,30.8955
Panama,2015,Female,8.1541,0.9555,3.1734,1.6212,0.8745,26.0946
Panama,2010,Both sexes,11.8813,0.1199,1.9642,0.7852,0.5028,23.234
Panama,2010,Male,9.376,0.9843,1.9555,1.7352,0.9253,22.2938
Panama,2010,Female,7.5467,0.1775,4.8438,1.0351,0.5211,31.7762
Panama,2005,Both sexes,13.4087,0.8329,2.3279,1.7087,0.3475,28.5312
Panama,2005,Male,5.3843,0.3523,4.8362,1.6989,0.2276,24.1426
Panama,2005,Female,14.0176,0.219,2.0294,0.6211,0.1034,34.793
Panama,2000,Both sexes,9.6148,0.4959,2.6084,1.4919,0.5789,30.3132
Panama,2000,Male,11.372,0.6796,3.3274,0.7941,0.1964,35.2575
Panama,2000,Female,11.5935,0.4429,5.716,0.8057,0.4526,31.5739
Papua New Guinea,2020,Both sexes,23.217,1.7639,11.3856,2.1854,3.1517,91.43
Papua New Guinea,2020,Male,18.8234,9.3925,4.8618,3.9023,1.7406,54.2485
Papua New Guinea,2020,Female,18.4369,13.6336,6.224,1.9193,1.2885,78.6564
Papua New Guinea,2015,Both sexes,9.1331,6.365,4.3446,1.0036,3.9862,54.4786
Papua New Guinea,2015,Male,16.8129,4.0287,7.5899,3.8609,4.7606,83.1298
Papua New Guinea,2015,Female,10.5529,7.1961,7.1452,1.6847,0.952,51.7495
Papua New Guinea,2010,Both sexes,20.5364,1.6771,11.1068,1.4179,1.2002,64.6452
Papua New Guinea,2010,Male,16.7078,12.4868,11.37,1.9501,4.8201,89.8495
Papua New Guinea,2010,Female,19.5639,12.5688,6.4521,2.5196,0.67,82.7347
Papua New Guinea,2005,Both sexes,8.7084,9.232,7.4256,2.9036,4.8993,57.6509
Papua New Guinea,2005,Male,9.4415,5.9434,11.0661,1.1783,0.5209,80.2872
Papua New Guinea,2005,Female,20.1775,12.197,10.2604,4.8823,4.4315,108.2004
Papua New Guinea,2000,Both sexes,9.2254,8.7656,3.0329,3.8643,1.883,42.9714
Papua New Guinea,2000,Male,9.2114,12.5631,5.8805,2.2928,4.7236,58.9421
Papua New Guinea,2000,Female,8.2058,9.8404,6.796,2.2748,1.9263,71.6601
Paraguay,2020,Both sexes,14.565,0.806,2.1486,1.0625,0.6889,24.3958
Paraguay,2020,Male,12.3751,0.6387,1.9979,1.3646,0.172,25.5285
Paraguay,2020,Female,8.5325,0.4727,1.1889,0.5488,0.3181,25.2863
Paraguay,2015,Both sexes,7.9654,0.9622,4.2168,0.6212,0.7963,27.651
Paraguay,2015,Male,8.497,0.587,2.3126,1.761,0.5758,18.7504
Paraguay,2015,Female,12.7465,0.6446,1.2617,0.7356,0.9352,27.1083
Paraguay,2010,Both sexes,11.6137,0.2984,2.1549,0.9463,0.4859,31.5718
Paraguay,2010,Male,6.852,0.6631,5.0096,1.7812,0.8828,33.4535
Paraguay,2010,Female,6.7411,0.6144,5.2574,1.4274,0.5041,34.2965
Paraguay,2005,Both sexes,5.984,0.2664,3.4153,0.8809,0.9813,20.2471
Paraguay,2005,Male,11.603,0.1536,3.0804,1.4623,0.9639,22.3897
Paraguay,2005,Female,12.6437,0.6439,5.8893,0.3335,0.3962,28.7391
Paraguay,2000,Both sexes,7.6505,0.7873,2.0028,1.5506,0.8973,27.7303
Paraguay,2000,Male,5.2094,0.5711,2.0768,1.1279,0.8629,19.938
Paraguay,2000,Female,5.8217,0.3041,2.4593,1.6824,0.2896,25.5848
Peru,2020,Both sexes,14.6786,0.6999,1.8638,1.9229,0.6619,38.6823
Peru,2020,Male,7.9544,0.1721,2.8968,1.8738,0.1654,27.5832
Peru,2020,Female,12.6922,0.4977,5.5542,1.8458,0.853,28.1154
Peru,2015,Both sexes,11.2466,0.247,4.0767,1.1707,0.2571,31.2634
Peru,2015,Male,8.8194,0.266,3.0597,0.9122,0.1637,23.4907
Peru,2015,Female,7.0569,0.2821,5.6721,1.0906,0.4602,21.5389
Peru,2010,Both sexes,6.2139,0.448,1.2423,1.4728,0.6192,27.3587
Peru,2010,Male,11.1501,0.146,2.0514,1.8028,0.8694,34.2336
Peru,2010,Female,12.7463,0.458,3.8294,0.6519,0.9768,26.8622
Peru,2005,Both sexes,11.439,0.5605,4.0778,1.8609,0.4955,31.467
Peru,2005,Male,10.303,0.535,1.1978,1.6858,0.1544,23.8682
Peru,2005,Female,5.4195,0.4445,3.0152,1.9641,0.7742,24.3977
Peru,2000,Both sexes,14.6849,0.8552,4.2458,1.7964,0.6087,30.9247
Peru,2000,Male,12.9871,0.2308,4.4904,0.7759,0.5031,25.523
Peru,2000,Female,7.9282,0.5551,4.1907,0.4801,0.3783,27.2673
Philippines,2020,Both sexes,14.7997,0.1558,2.6028,0.4908,0.5522,25.0973
Philippines,2020,Male,11.0188,0.164,1.4676,0.7951,0.4048,25.6952
Philippines,2020,Female,10.8242,0.6165,3.1356,1.3441,0.7813,27.3188
Philippines,2015,Both sexes,12.4807,0.6094,1.6438,1.6673,0.5895,35.2784
Philippines,2015,Male,13.1177,0.8902,5.7381,1.8287,0.8892,32.7532
Philippines,2015,Female,11.5648,0.6021,3.3759,1.3604,0.5892,26.4524
Philippines,2010,Both sexes,6.281,0.9638,2.5863,0.3096,0.3144,24.4072
Philippines,2010,Male,8.3827,0.1438,4.8315,0.6167,0.866,20.087
Philippines,2010,Female,14.2808,0.1882,3.4897,0.4695,0.6015,36.8439
Philippines,2005,Both sexes,7.2462,0.1397,2.5502,0.9177,0.2862,16.9573
Philippines,2005,Male,8.7217,0.2667,5.0598,1.1523,0.6612,34.3825
Philippines,2005,Female,9.3208,0.5871,5.3358,0.3738,0.4219,28.9577
Philippines,2000,Both sexes,9.394,0.681,4.365,0.8924,0.86,28.7467
Philippines,2000,Male,11.1294,0.141,1.2348,0.6046,0.508,28.8184
Philippines,2000,Female,14.4308,0.9514,3.8316,1.4,0.7538,36.9077
Poland,2020,Both sexes,3.4442,0.1279,2.4082,0.2589,0.0372,8.935
Poland,2020,Male,2.729,0.0515,0.8413,0.2729,0.0913,6.6269
Poland,2020,Female,3.1848,0.0208,1.0717,0.2425,0.197,8.4573
Poland,2015,Both sexes,7.3215,0.0338,2.7062,0.4802,0.1655,13.646
Poland,2015,Male,5.8749,0.0278,0.5503,0.1466,0.0488,10.1628
Poland,2015,Female,3.7154,0.0273,2.3818,0.2825,0.07,8.8966
Poland,2010,Both sexes,6.8957,0.0826,1.6844,0.3812,0.0794,12.3765
Poland,2010,Male,7.1682,0.0444,1.6169,0.3006,0.1371,13.6146
Poland,2010,Female,7.0791,0.0601,0.5177,0.4681,0.1563,10.9223
Poland,2005,Both sexes,7.5136,0.1485,2.5485,0.2201,0.1549,13.1348
Poland,2005,Male,3.5134,0.1058,1.3996,0.2587,0.1118,7.4499
Poland,2005,Female,6.5303,0.1429,1.8519,0.0898,0.1659,12.0665
Poland,2000,Both sexes,4.7632,0.03,2.1933,0.324,0.0987,11.9643
Poland,2000,Male,7.052,0.0635,2.2566,0.1797,0.0423,10.6995
Poland,2000,Female,6.3709,0.0877,2.89,0.1221,0.1216,12.3323
Portugal,2020,Both sexes,6.6587,0.0207,1.8283,0.295,0.1914,12.9603
Portugal,2020,Male,5.937,0.0106,1.4993,0.2895,0.1627,10.806
Portugal,2020,Female,3.0646,0.1039,2.8843,0.0841,0.1242,11.0537
Portugal,2015,Both sexes,5.2702,0.0999,2.1053,0.3642,0.1364,10.2729
Portugal,2015,Male,7.908,0.0675,1.2454,0.3307,0.1875,13.7816
Portugal,2015,Female,7.6243,0.0786,0.8162,0.1351,0.0971,12.4001
Portugal,2010,Both sexes,2.259,0.0682,2.6064,0.2612,0.0797,8.2358
Portugal,2010,Male,2.9889,0.0134,1.4055,0.3741,0.1959,6.3273
Portugal,2010,Female,2.7904,0.057,2.1512,0.2882,0.1754,8.9163
Portugal,2005,Both sexes,6.3559,0.0348,1.677,0.228,0.0781,10.5072
Portugal,2005,Male,6.9067,0.0238,0.9973,0.1951,0.1035,12.456
Portugal,2005,Female,3.2811,0.1439,2.0042,0.3247,0.0947,7.246
Portugal,2000,Both sexes,5.0351,0.0939,0.6517,0.4726,0.0468,9.068
Portugal,2000,Male,7.0442,0.112,1.5334,0.3523,0.1924,12.0236
Portugal,2000,Female,6.3968,0.0542,1.8665,0.0836,0.0928,12.0889
Qatar,2020,Both sexes,5.2534,0.065,1.5901,0.2573,0.1776,8.5138
Qatar,2020,Male,5.5421,0.0432,2.3717,0.4509,0.0541,12.0147
Qatar,2020,Female,5.0502,0.0236,2.5698,0.0925,0.1186,9.0288
Qatar,2015,Both sexes,3.7853,0.0351,2.4281,0.495,0.0243,8.8155
Qatar,2015,Male,5.3901,0.1217,0.597,0.4771,0.1576,9.897
Qatar,2015,Female,6.1333,0.1049,0.9853,0.0852,0.1246,12.1687
Qatar,2010,Both sexes,7.2399,0.0866,1.8415,0.47,0.1326,13.8047
Qatar,2010,Male,5.8177,0.0765,2.8371,0.2134,0.0293,12.4093
Qatar,2010,Female,6.5667,0.1391,2.5874,0.4301,0.058,13.903
Qatar,2005,Both sexes,2.9604,0.0202,2.6063,0.2383,0.0334,7.1202
Qatar,2005,Male,4.7693,0.0493,1.258,0.2484,0.072,8.3706
Qatar,2005,Female,2.056,0.059,1.5736,0.3354,0.1329,8.4337
Qatar,2000,Both sexes,3.4801,0.1195,1.6768,0.3985,0.1219,9.4987
Qatar,2000,Male,6.3588,0.149,0.8934,0.0652,0.1302,10.11
Qatar,2000,Female,7.9509,0.0437,0.5777,0.3169,0.1189,12.5182
Republic of Korea,2020,Both sexes,2.5951,0.1324,2.8673,0.134,0.0691,7.0474
Republic of Korea,2020,Male,4.409,0.1263,1.1018,0.2057,0.064,8.0625
Republic of Korea,2020,Female,6.8004,0.0415,1.0999,0.2066,0.0447,12.0124
Republic of Korea,2015,Both sexes,3.2242,0.0659,0.7084,0.2611,0.1728,6.9076
Republic of Korea,2015,Male,5.3305,0.0674,2.8213,0.2004,0.131,11.6243
Republic of Korea,2015,Female,6.3984,0.147,1.9493,0.0983,0.0536,11.9524
Republic of Korea,2010,Both sexes,5.6959,0.0353,2.1676,0.1155,0.0519,11.877
Republic of Korea,2010,Male,3.1281,0.1219,2.7789,0.065,0.1771,7.4949
Republic of Korea,2010,Female,4.1323,0.0568,1.3641,0.2616,0.1537,9.2574
Republic of Korea,2005,Both sexes,6.7028,0.1123,2.0538,0.4795,0.1387,14.1032
Republic of Korea,2005,Male,5.3254,0.0688,0.597,0.1021,0.0932,7.1868
Republic of Korea,2005,Female,2.0314,0.091,0.9669,0.4758,0.0672,4.7049
Republic of Korea,2000,Both sexes,6.5659,0.1266,2.5781,0.38,0.1963,14.8236
Republic of Korea,2000,Male,2.2119,0.1226,2.4169,0.3369,0.1635,7.7754
Republic of Korea,2000,Female,6.4744,0.1313,1.3766,0.3404,0.0743,11.5511
Republic of Moldova,2020,Both sexes,7.0248,0.1537,2.8841,1.7054,0.8628,22.9961
Republic of Moldova,2020,Male,14.5807,0.7228,3.6678,0.4818,0.783,38.1292
Republic of Moldova,2020,Female,8.6794,0.226,1.0012,1.1581,0.3674,23.361
Republic of Moldova,2015,Both sexes,8.2693,0.4742,2.2062,1.4851,0.4839,22.888
Republic of Moldova,2015,Male,6.4889,0.5937,2.0412,1.2976,0.2674,27.3461
Republic of Moldova,2015,Female,8.056,0.4625,2.2524,1.7157,0.1999,23.4032
Republic of Moldova,2010,Both sexes,13.7665,0.5677,5.0295,0.4229,0.7505,40.5342
Republic of Moldova,2010,Male,14.9633,0.9969,2.3984,1.4742,0.3408,31.4161
Republic of Moldova,2010,Female,8.6831,0.2217,1.9576,1.2078,0.8381,27.3128
Republic of Moldova,2005,Both sexes,9.4861,0.7079,3.5213,0.9446,0.996,25.2816
Republic of Moldova,2005,Male,12.2207,0.4564,5.3282,0.8785,0.169,31.05
Republic of Moldova,2005,Female,13.862,0.2197,2.2067,1.3554,0.5257,30.7102
Republic of Moldova,2000,Both sexes,10.9304,0.2429,1.3927,1.8147,0.8219,26.2042
Republic of Moldova,2000,Male,8.9153,0.9543,2.782,1.1435,0.8101,25.5524
Republic of Moldova,2000,Female,9.1262,0.8916,4.7383,1.702,0.784,31.291
The former Yugoslav Republic of Macedonia,2020,Both sexes,11.9562,0.9163,3.7535,0.9837,0.4141,36.6417
The former Yugoslav Republic of Macedonia,2020,Male,5.0322,0.9924,5.084,0.4741,0.5085,23.6068
The former Yugoslav Republic of Macedonia,2020,Female,11.1959,0.2875,5.798,0.4046,0.6355,27.092
The former Yugoslav Republic of Macedonia,2015,Both sexes,8.5549,0.4199,4.9633,0.3873,0.9765,20.7758
The former Yugoslav Republic of Macedonia,2015,Male,12.942,0.7023,4.019,0.9463,0.3948,38.3089
The former Yugoslav Republic of Macedonia,2015,Female,5.9299,0.5354,3.4667,0.8733,0.9308,19.9489
The former Yugoslav Republic of Macedonia,2010,Both sexes,10.882,0.4766,1.2003,1.5205,0.3424,25.2376
The former Yugoslav Republic of Macedonia,2010,Male,9.8097,0.422,5.9216,1.5628,0.9902,29.1196
The former Yugoslav Republic of Macedonia,2010,Female,11.4233,0.6344,2.9174,0.3865,0.7032,26.0741
The former Yugoslav Republic of Macedonia,2005,Both sexes,5.6485,0.618,1.7611,0.6759,0.5172,26.5093
The former Yugoslav Republic of Macedonia,2005,Male,10.7998,0.2453,4.3335,0.7662,0.6521,24.4749
The former Yugoslav Republic of Macedonia,2005,Female,10.6148,0.5246,2.4214,1.2309,0.3453,25.2185
The former Yugoslav Republic of Macedonia,2000,Both sexes,10.6066,0.5981,3.9289,0.5457,0.3468,33.8942
The former Yugoslav Republic of Macedonia,2000,Male,11.0349,0.6133,3.9338,0.5277,0.2022,23.5916
The former Yugoslav Republic of Macedonia,2000,Female,11.7647,0.2891,3.2286,1.9044,0.2026,33.4632
Romania,2020,Both sexes,13.0499,0.768,5.1806,1.6671,0.4129,32.1574
Romania,2020,Male,7.6982,0.1227,2.3248,0.6071,0.7866,17.6907
Romania,2020,Female,13.2505,0.4193,3.2432,0.9912,0.6472,30.1478
Romania,2015,Both sexes,9.9826,0.8022,3.6885,0.9046,0.1923,34.6883
Romania,2015,Male,5.7706,0.6075,4.3181,1.6447,0.867,21.9818
Romania,2015,Female,5.5855,0.335,4.9199,1.1674,0.6412,25.6669
Romania,2010,Both sexes,8.3424,0.7255,2.974,0.5173,0.9648,31.7846
Romania,2010,Male,12.849,0.6107,4.2302,1.5563,0.7032,27.9721
Romania,2010,Female,12.0768,0.8166,1.7531,0.9747,0.2577,33.6469
Romania,2005,Both sexes,12.8861,0.7615,5.6632,0.747,0.5264,39.1965
Romania,2005,Male,10.1727,0.6491,2.9153,0.9383,0.6836,29.7198
Romania,2005,Female,9.402,0.5394,4.6476,1.1462,0.1254,28.1476
Romania,2000,Both sexes,6.4745,0.2199,1.1017,0.8833,0.1134,18.0798
Romania,2000,Male,8.2819,0.3352,2.0259,0.7112,0.2165,21.6224
Romania,2000,Female,9.3402,0.4772,3.4354,0.9775,0.3265,26.2117
Russian Federation,2020,Both sexes,5.886,0.6394,5.3913,0.3326,0.4866,24.8973
Russian Federation,2020,Male,7.2061,0.5623,3.6363,1.6132,0.5387,29.6962
Russian Federation,2020,Female,10.9823,0.3594,5.6494,0.5906,0.2242,28.9489
Russian Federation,2015,Both sexes,12.3566,0.1058,3.419,0.3746,0.7061,33.3816
Russian Federation,2015,Male,14.9835,0.5466,3.4522,1.4113,0.6365,31.31
Russian Federation,2015,Female,14.3311,0.3571,1.5987,1.6157,0.365,36.7203
Russian Federation,2010,Both sexes,11.4257,0.7611,5.0133,1.6835,0.1123,28.5034
Russian Federation,2010,Male,9.2125,0.1216,2.2348,1.139,0.1699,24.6336
Russian Federation,2010,Female,11.3618,0.6263,5.4981,0.6491,0.4525,35.4142
Russian Federation,2005,Both sexes,12.8565,0.9473,5.5541,1.5533,0.2386,38.7472
Russian Federation,2005,Male,6.1834,0.257,5.7166,1.4895,0.4391,19.7565
Russian Federation,2005,Female,9.099,0.5245,3.6012,0.7187,0.6654,31.188
Russian Federation,2000,Both sexes,13.398,0.1823,4.3855,1.8358,0.5925,40.0208
Russian Federation,2000,Male,8.8383,0.6631,4.8926,0.4774,0.3081,30.0175
Russian Federation,2000,Female,10.7187,0.5955,1.6551,1.9706,0.4094,27.7253
Rwanda,2020,Both sexes,17.9921,6.7031,8.4086,4.441,3.2631,57.4816
Rwanda,2020,Male,11.1361,8.2993,3.3087,3.7516,4.3738,67.9334
Rwanda,2020,Female,14.158,13.552,7.4781,4.755,3.8895,98.3159
Rwanda,2015,Both sexes,13.6867,3.7481,4.3936,3.8892,2.9903,50.5309
Rwanda,2015,Male,8.4453,1.3159,4.6463,1.7618,2.1303,75.617
Rwanda,2015,Female,8.4113,13.0633,6.2854,2.7686,2.1427,65.2659
Rwanda,2010,Both sexes,22.1388,9.0796,6.8919,1.286,4.4574,83.4239
Rwanda,2010,Male,12.6422,13.4692,8.6086,2.5586,0.6766,66.5752
Rwanda,2010,Female,16.8073,9.3572,3.6699,3.9664,4.9459,55.6076
Rwanda,2005,Both sexes,13.0783,12.3423,7.5332,2.5458,3.4897,87.6475
Rwanda,2005,Male,23.9915,7.0154,4.6436,2.3212,3.5651,60.4731
Rwanda,2005,Female,12.408,11.498,8.1658,3.3814,0.671,79.562
Rwanda,2000,Both sexes,15.3042,13.7826,8.7366,4.4888,3.2249,63.4981
Rwanda,2000,Male,22.8364,9.0097,8.0104,1.1903,2.6815,98.2509
Rwanda,2000,Female,22.3129,3.531,9.6447,2.5419,0.976,84.6151
Saudi Arabia,2020,Both sexes,3.1166,0.0476,1.339,0.1212,0.07,7.3286
Saudi Arabia,2020,Male,6.8159,0.0378,2.4128,0.3629,0.1803,13.6522
Saudi Arabia,2020,Female,4.7491,0.0446,1.5819,0.0976,0.119,9.1602
Saudi Arabia,2015,Both sexes,4.8978,0.0529,1.7105,0.3492,0.0944,10.4709
Saudi Arabia,2015,Male,2.8009,0.0877,2.1203,0.1788,0.0331,6.6512
Saudi Arabia,2015,Female,2.4836,0.0923,0.5459,0.1395,0.1485,4.4844
Saudi Arabia,2010,Both sexes,6.3676,0.0697,2.135,0.4714,0.1465,11.0642
Saudi Arabia,2010,Male,4.9788,0.0962,2.0465,0.0583,0.1305,12.0244
Saudi Arabia,2010,Female,4.6211,0.0214,1.2746,0.247,0.1118,7.6517
Saudi Arabia,2005,Both sexes,6.377,0.0223,0.7145,0.0597,0.0981,11.5164
Saudi Arabia,2005,Male,6.5931,0.0341,0.7273,0.2676,0.1268,11.5661
Saudi Arabia,2005,Female,2.9534,0.0825,2.8081,0.2755,0.062,7.9952
Saudi Arabia,2000,Both sexes,5.6614,0.04,2.2232,0.1947,0.1894,11.1951
Saudi Arabia,2000,Male,2.8121,0.0497,0.8178,0.1095,0.126,7.4681
Saudi Arabia,2000,Female,6.5083,0.066,1.3918,0.2194,0.076,13.2118
Senegal,2020,Both sexes,11.5696,0.8307,3.9624,1.4428,0.5047,28.5439
Senegal,2020,Male,14.5661,0.1125,5.1779,1.6301,0.8251,40.151
Senegal,2020,Female,5.6896,0.6844,1.2183,1.2023,0.2455,17.1142
Senegal,2015,Both sexes,5.5705,0.702,2.1832,1.3027,0.3636,19.3059
Senegal,2015,Male,7.8219,0.8188,5.4487,0.641,0.7116,34.1262
Senegal,2015,Female,7.6171,0.9395,1.0458,0.7885,0.3839,18.2792
Senegal,2010,Both sexes,7.4698,0.1181,2.007,0.5752,0.8133,22.3681
Senegal,2010,Male,14.0625,0.2384,5.7951,0.7238,0.2174,36.2566
Senegal,2010,Female,7.4955,0.8976,4.067,0.6823,0.7864,32.5404
Senegal,2005,Both sexes,7.7195,0.5127,2.3084,1.1831,0.1615,23.6813
Senegal,2005,Male,12.594,0.6081,1.335,1.2566,0.1113,23.4398
Senegal,2005,Female,9.4974,0.6967,1.141,1.9064,0.9084,29.2665
Senegal,2000,Both sexes,12.7671,0.7112,2.2237,0.6325,0.6232,31.5071
Senegal,2000,Male,5.6537,0.9386,5.4074,1.3908,0.4166,27.7095
Senegal,2000,Female,9.8757,0.9973,3.0796,1.6893,0.3093,32.0957
Serbia,2020,Both sexes,5.3361,0.7481,4.6017,1.2524,0.6552,25.2611
Serbia,2020,Male,5.6265,0.3585,5.5914,0.7335,0.5581,31.2997
Serbia,2020,Female,14.0644,0.8918,3.0402,0.7463,0.9924,36.1353
Serbia,2015,Both sexes,6.3925,0.1443,1.9564,0.3667,0.9849,19.0539
Serbia,2015,Male,10.3242,0.308,3.5856,0.8193,0.6715,28.1212
Serbia,2015,Female,9.111,0.9076,5.5404,1.5658,0.4986,25.8959
Serbia,2010,Both sexes,8.4734,0.3306,5.0219,0.3808,0.542,33.8498
Serbia,2010,Male,13.9983,0.2986,1.3291,0.6728,0.7142,32.6574
Serbia,2010,Female,5.2182,0.2243,4.4629,1.5006,0.1914,23.2751
Serbia,2005,Both sexes,11.6379,0.8732,3.8595,1.6305,0.3955,24.0986
Serbia,2005,Male,14.6339,0.5501,5.5373,1.074,0.1677,36.1974
Serbia,2005,Female,10.6017,0.7074,1.6124,1.4867,0.166,29.0034
Serbia,2000,Both sexes,14.3682,0.3152,3.6702,0.9595,0.2763,29.5628
Serbia,2000,Male,5.5226,0.7822,5.3973,0.5719,0.5367,30.8699
Serbia,2000,Female,9.1879,0.784,3.0501,0.9769,0.8063,30.3991
Sierra Leone,2020,Both sexes,12.4227,5.3764,7.338,3.3199,2.6847,83.149
Sierra Leone,2020,Male,20.424,6.7496,3.6341,4.7922,2.0096,68.1509
Sierra Leone,2020,Female,24.6821,3.9357,5.5033,1.275,0.8706,79.5082
Sierra Leone,2015,Both sexes,12.361,14.6719,5.9206,3.0296,2.9763,84.0094
Sierra Leone,2015,Male,19.121,10.0384,11.5061,2.3157,1.7207,66.9522
Sierra Leone,2015,Female,11.3677,14.0836,5.544,3.0332,3.2672,61.1175
Sierra Leone,2010,Both sexes,17.6106,5.2474,7.1478,1.0959,4.8973,69.4268
Sierra Leone,2010,Male,15.8869,11.9465,9.0417,2.2521,1.0009,91.782
Sierra Leone,2010,Female,24.5241,11.722,4.4597,4.2795,1.4546,105.0048
Sierra Leone,2005,Both sexes,18.345,10.6832,7.378,3.2158,2.6289,88.0328
Sierra Leone,2005,Male,13.9416,14.5189,9.6469,2.8023,4.8588,100.2173
Sierra Leone,2005,Female,9.9396,6.5098,10.8017,2.1421,3.9731,73.7688
Sierra Leone,2000,Both sexes,10.5712,2.83,8.6363,2.1922,4.542,60.3706
Sierra Leone,2000,Male,11.8304,10.4039,9.0215,2.5324,2.0017,90.3331
Sierra Leone,2000,Female,12.2664,11.2103,4.1366,4.3423,4.9642,59.4369
Singapore,2020,Both sexes,7.1037,0.0905,2.8644,0.4852,0.0385,13.0543
Singapore,2020,Male,5.3673,0.039,0.8314,0.2474,0.0295,11.2202
Singapore,2020,Female,5.1403,0.0806,2.4367,0.227,0.174,12.3912
Singapore,2015,Both sexes,2.6886,0.0537,1.162,0.4309,0.1869,7.4925
Singapore,2015,Male,7.1608,0.0698,2.834,0.2421,0.0363,13.4891
Singapore,2015,Female,6.3369,0.1003,2.2999,0.2984,0.0404,10.2136
Singapore,2010,Both sexes,2.406,0.1143,2.3845,0.1539,0.026,8.8431
Singapore,2010,Male,6.247,0.0425,1.0476,0.3846,0.0388,12.1248
Singapore,2010,Female,5.2612,0.0667,1.6076,0.2894,0.0577,11.1303
Singapore,2005,Both sexes,2.4904,0.0477,2.0445,0.4141,0.1946,8.7448
Singapore,2005,Male,4.7498,0.0378,2.4249,0.4013,0.1402,11.9623
Singapore,2005,Female,4.9082,0.1197,0.7599,0.1468,0.1601,8.062
Singapore,2000,Both sexes,2.9946,0.1373,2.9059,0.372,0.1597,11.1407
Singapore,2000,Male,7.6742,0.0618,2.7256,0.41,0.1163,14.5708
Singapore,2000,Female,7.0999,0.1152,1.1759,0.2057,0.1635,10.8732
Slovakia,2020,Both sexes,6.0141,0.1356,2.5569,0.1277,0.1272,12.6009
Slovakia,2020,Male,4.7738,0.1285,1.7958,0.0512,0.0766,10.5092
Slovakia,2020,Female,4.4706,0.0356,1.6545,0.2529,0.121,8.917
Slovakia,2015,Both sexes,5.9058,0.1439,1.2861,0.2086,0.116,12.018
Slovakia,2015,Male,5.2726,0.0627,1.9524,0.2997,0.1682,12.1945
Slovakia,2015,Female,2.3736,0.0575,2.3247,0.1346,0.1967,9.8082
Slovakia,2010,Both sexes,5.075,0.0187,1.5273,0.4368,0.094,10.0289
Slovakia,2010,Male,6.8384,0.0781,2.073,0.166,0.1574,10.9579
Slovakia,2010,Female,4.7554,0.0253,2.2483,0.1519,0.038,11.5434
Slovakia,2005,Both sexes,2.3117,0.0448,2.2778,0.2663,0.1598,7.9975
Slovakia,2005,Male,6.7177,0.0544,0.6299,0.2745,0.0869,11.176
Slovakia,2005,Female,3.2082,0.1232,2.6494,0.1468,0.0271,11.0958
Slovakia,2000,Both sexes,3.5517,0.1326,1.6456,0.1723,0.0854,7.5387
Slovakia,2000,Male,2.9882,0.0523,1.156,0.1264,0.1299,7.8375
Slovakia,2000,Female,3.9813,0.1302,1.1044,0.3733,0.0415,10.0089
Slovenia,2020,Both sexes,6.5405,0.13,1.7075,0.3965,0.1863,13.1862
Slovenia,2020,Male,5.1163,0.1171,2.7171,0.258,0.034,11.4612
Slovenia,2020,Female,3.2293,0.0305,1.4459,0.3713,0.1874,9.6934
Slovenia,2015,Both sexes,7.267,0.1066,2.3743,0.3812,0.1473,12.504
Slovenia,2015,Male,7.2775,0.1423,0.742,0.1122,0.0793,11.2844
Slovenia,2015,Female,7.2235,0.1056,1.6901,0.4848,0.0903,13.7354
Slovenia,2010,Both sexes,3.4328,0.0564,2.9792,0.4195,0.1533,9.5966
Slovenia,2010,Male,4.7074,0.0801,2.4261,0.142,0.1283,9.1585
Slovenia,2010,Female,7.9099,0.1004,1.0263,0.1338,0.1409,11.0025
Slovenia,2005,Both sexes,6.6321,0.0815,1.7536,0.1065,0.09,13.0789
Slovenia,2005,Male,2.163,0.0268,1.0841,0.1123,0.1078,5.5261
Slovenia,2005,Female,2.3912,0.0537,1.5239,0.3867,0.1982,8.0069
Slovenia,2000,Both sexes,4.7836,0.1223,2.4502,0.2613,0.0585,10.217
Slovenia,2000,Male,7.4553,0.1306,2.4281,0.4023,0.0952,12.7503
Slovenia,2000,Female,5.2322,0.0292,1.0703,0.3858,0.0725,11.0789
Somalia,2020,Both sexes,9.9781,0.9571,5.6111,1.3278,0.7886,37.9834
Somalia,2020,Male,6.0547,0.3959,3.9628,1.4668,0.7876,28.1179
Somalia,2020,Female,11.5678,0.6961,2.8996,0.3312,0.3632,34.9211
Somalia,2015,Both sexes,13.221,0.7766,3.5097,0.83,0.1733,25.353
Somalia,2015,Male,8.8042,0.8308,4.0254,1.3843,0.1103,26.6931
Somalia,2015,Female,12.7561,0.9512,3.7995,0.3159,0.4847,37.9044
Somalia,2010,Both sexes,14.6448,0.3816,3.432,0.3561,0.4693,25.4218
Somalia,2010,Male,7.0377,0.8727,3.5247,1.7482,0.9896,29.2107
Somalia,2010,Female,10.2333,0.2185,1.8821,1.4628,0.5228,20.7883
Somalia,2005,Both sexes,7.8714,0.7345,5.0637,0.7511,0.3308,27.839
Somalia,2005,Male,12.9285,0.7678,3.7088,1.4695,0.9021,39.3175
Somalia,2005,Female,10.7759,0.71,1.6554,1.6472,0.542,23.9173
Somalia,2000,Both sexes,11.3458,0.3271,4.8308,0.8216,0.6393,32.0043
Somalia,2000,Male,12.9791,0.8857,5.6622,0.3613,0.1861,28.5134
Somalia,2000,Female,8.9597,0.252,5.7365,1.8857,0.4446,32.3119
South Africa,2020,Both sexes,23.5565,1.7509,6.3212,2.3807,4.749,67.9402
South Africa,2020,Male,17.0615,11.0445,4.2197,1.4259,3.1528,75.1627
South Africa,2020,Female,10.6852,7.6567,7.6656,2.9674,2.0503,84.4446
South Africa,2015,Both sexes,19.8303,12.8874,4.0135,4.0739,3.3155,60.1751
South Africa,2015,Male,21.4854,6.3676,11.4059,1.8866,4.5968,104.7929
South Africa,2015,Female,13.3849,3.3559,4.6522,2.078,1.733,42.3787
South Africa,2010,Both sexes,22.572,12.7102,5.2749,1.9709,2.773,101.4276
South Africa,2010,Male,23.4044,8.6847,6.6597,4.9667,4.8141,71.3775
South Africa,2010,Female,12.7074,3.6487,6.4485,1.7896,1.2758,50.4415
South Africa,2005,Both sexes,24.7199,11.0854,10.152,3.3021,3.7385,96.9808
South Africa,2005,Male,10.3921,8.1556,7.1069,4.7011,3.2652,66.9744
South Africa,2005,Female,11.4343,9.4604,4.5369,1.5876,3.5585,81.2624
South Africa,2000,Both sexes,11.1318,7.4526,5.4049,4.8834,2.0805,76.4211
South Africa,2000,Male,23.1978,12.6019,7.582,4.7899,1.9125,94.166
South Africa,2000,Female,19.123,12.6139,4.3271,4.5383,3.5789,84.4581
South Sudan,2020,Both sexes,6.521,0.7384,4.0583,0.6647,0.294,22.3523
South Sudan,2020,Male,9.4032,0.1949,3.8287,1.3779,0.4777,26.6517
South Sudan,2020,Female,11.153,0.855,4.5735,1.5935,0.2694,25.6405
South Sudan,2015,Both sexes,5.8346,0.7039,5.6885,1.9762,0.1075,19.9973
South Sudan,2015,Male,13.8242,0.7273,5.5613,0.6067,0.9731,30.2257
South Sudan,2015,Female,13.036,0.4267,5.7304,1.6022,0.4885,41.0574
South Sudan,2010,Both sexes,10.0521,0.8914,2.2236,0.876,0.9724,30.1051
South Sudan,2010,Male,14.6713,0.7528,1.6578,0.5986,0.2263,32.1133
South Sudan,2010,Female,9.1776,0.2013,2.5114,1.0163,0.6286,23.9642
South Sudan,2005,Both sexes,14.8411,0.467,5.4754,1.6495,0.2809,36.0262
South Sudan,2005,Male,11.6792,0.8977,5.8603,1.0902,0.8111,35.0318
South Sudan,2005,Female,11.3467,0.1425,5.2966,1.2138,0.8053,25.6911
South Sudan,2000,Both sexes,6.6595,0.9653,1.5501,1.9918,0.2013,29.8269
South Sudan,2000,Male,13.8193,0.7112,5.7371,0.9785,0.9209,35.7192
South Sudan,2000,Female,9.2749,0.6682,3.1168,1.3462,0.2752,19.8304
Spain,2020,Both sexes,2.9734,0.0479,0.5233,0.2144,0.1303,5.7655
Spain,2020,Male,2.0756,0.0448,1.606,0.2268,0.1974,6.9057
Spain,2020,Female,5.3585,0.1419,0.6152,0.363,0.1788,10.8703
Spain,2015,Both sexes,5.1644,0.0518,1.8597,0.472,0.1922,9.9667
Spain,2015,Male,6.3161,0.1186,1.3464,0.2941,0.0817,13.1313
Spain,2015,Female,7.3415,0.065,1.6836,0.3958,0.039,10.6101
Spain,2010,Both sexes,2.4764,0.0295,2.0329,0.0901,0.0539,6.328
Spain,2010,Male,6.389,0.0115,2.672,0.145,0.1101,11.0129
Spain,2010,Female,3.1245,0.0862,2.1548,0.276,0.1628,6.8894
Spain,2005,Both sexes,7.1491,0.1466,1.5851,0.059,0.047,10.9149
Spain,2005,Male,6.9144,0.0617,2.5486,0.1638,0.1388,13.1104
Spain,2005,Female,5.2448,0.06,2.764,0.2828,0.0782,10.2568
Spain,2000,Both sexes,6.2615,0.0582,0.7994,0.0567,0.0814,9.9849
Spain,2000,Male,3.8861,0.0829,1.8298,0.169,0.1391,9.1651
Spain,2000,Female,4.827,0.0717,1.2113,0.2813,0.1041,9.3624
Sri Lanka,2020,Both sexes,13.2164,0.8919,1.2353,1.2744,0.8308,37.2774
Sri Lanka,2020,Male,9.5927,0.555,4.3427,1.8738,0.2403,22.2111
Sri Lanka,2020,Female,8.578,0.557,5.3139,1.3971,0.811,30.2929
Sri Lanka,2015,Both sexes,9.9421,0.2245,1.8145,1.0051,0.1578,20.3082
Sri Lanka,2015,Male,13.2825,0.9845,5.0621,1.8816,0.2746,30.6569
Sri Lanka,2015,Female,8.3521,0.325,5.267,1.6343,0.6905,29.0956
Sri Lanka,2010,Both sexes,6.7376,0.166,5.5717,0.64,0.8694,20.1996
Sri Lanka,2010,Male,12.1201,0.6968,2.3264,0.5224,0.3274,27.5443
Sri Lanka,2010,Female,13.2598,0.6358,5.5198,1.4489,0.3945,41.2207
Sri Lanka,2005,Both sexes,6.0064,0.4736,2.6033,1.2518,0.5834,21.1884
Sri Lanka,2005,Male,7.3987,0.48,3.7617,1.6424,0.2904,22.414
Sri Lanka,2005,Female,6.4197,0.8066,1.2525,1.556,0.83,23.5232
Sri Lanka,2000,Both sexes,8.4794,0.2761,1.2194,1.3629,0.7963,29.9189
Sri Lanka,2000,Male,9.5035,0.8382,4.6019,1.9768,0.2308,32.9054
Sri Lanka,2000,Female,12.4883,0.6839,3.2224,1.2071,0.5174,29.8577
Sudan,2020,Both sexes,11.5115,0.4771,2.2815,0.4923,0.7973,21.9771
Sudan,2020,Male,11.2093,0.5122,1.9521,1.7081,0.4036,28.5722
Sudan,2020,Female,8.5237,0.331,4.3498,0.7282,0.6698,21.8888
Sudan,2015,Both sexes,13.4145,0.7769,1.002,1.6214,0.1452,35.4939
Sudan,2015,Male,9.7129,0.5616,5.0295,1.9271,0.6478,36.8849
Sudan,2015,Female,14.791,0.3888,1.3962,1.4846,0.2374,27.5812
Sudan (until 2011),2010,Both sexes,11.3414,0.6364,1.9574,1.3133,0.8475,35.4468
Sudan (until 2011),2010,Male,6.2626,0.9962,2.9312,1.0827,0.4199,21.2758
Sudan (until 2011),2010,Female,11.7618,0.4917,3.4243,0.9195,0.3534,33.3711
Sudan (until 2011),2005,Both sexes,8.251,0.9286,2.775,0.9001,0.8568,22.7323
Sudan (until 2011),2005,Male,11.8633,0.4105,2.6036,1.3818,0.1451,27.9791
Sudan (until 2011),2005,Female,5.6964,0.1493,5.8196,1.5772,0.4569,23.2328
Sudan (until 2011),2000,Both sexes,6.7488,0.2838,4.2079,1.4535,0.433,29.3552
Sudan (until 2011),2000,Male,13.5574,0.4768,1.1172,0.6373,0.3563,21.6057
Sudan (until 2011),2000,Female,7.2718,0.2977,3.1509,1.1398,0.9206,28.2897
Suriname,2020,Both sexes,13.3704,0.1002,5.375,1.6458,0.7758,28.9223
Suriname,2020,Male,7.7928,0.9235,2.5073,1.1087,0.1575,27.2425
Suriname,2020,Female,11.4288,0.8595,1.4728,1.2123,0.7432,30.9501
Suriname,2015,Both sexes,11.9415,0.7681,4.7919,1.6109,0.5746,36.2555
Suriname,2015,Male,10.1265,0.251,4.0301,1.4242,0.9108,28.7737
Suriname,2015,Female,8.0531,0.2083,3.8516,0.9959,0.3817,19.0665
Suriname,2010,Both sexes,7.1264,0.1608,1.2679,1.8222,0.6167,21.1838
Suriname,2010,Male,5.3319,0.7516,1.7025,0.5764,0.5507,17.0552
Suriname,2010,Female,8.0395,0.9359,4.1127,1.9924,0.5406,34.4081
Suriname,2005,Both sexes,11.5316,0.4875,2.0391,0.502,0.5105,33.6376
Suriname,2005,Male,14.383,0.2072,3.5204,0.3254,0.2851,33.031
Suriname,2005,Female,13.712,0.5612,3.7244,1.813,0.7801,37.2905
Suriname,2000,Both sexes,12.6606,0.4139,2.4175,0.7164,0.5062,24.917
Suriname,2000,Male,12.8845,0.4373,5.7421,1.5405,0.9627,29.2892
Suriname,2000,Female,11.6498,0.6592,5.2123,1.6787,0.3347,28.2136
Sweden,2020,Both sexes,3.5617,0.1106,2.3059,0.4365,0.1429,7.5645
Sweden,2020,Male,7.4432,0.0255,0.695,0.4962,0.1893,13.0371
Sweden,2020,Female,6.0244,0.015,0.7653,0.1823,0.1394,9.3181
Sweden,2015,Both sexes,5.3626,0.1492,1.732,0.3696,0.1768,10.7939
Sweden,2015,Male,2.6659,0.0426,0.9018,0.1019,0.1689,5.5285
Sweden,2015,Female,4.6823,0.0175,2.9457,0.2331,0.0848,12.8043
Sweden,2010,Both sexes,4.7621,0.0366,0.8963,0.4316,0.128,8.8159
Sweden,2010,Male,7.1874,0.0155,1.7187,0.2154,0.0481,11.7759
Sweden,2010,Female,5.2799,0.0649,1.4103,0.316,0.1164,10.5096
Sweden,2005,Both sexes,4.2824,0.1223,2.0985,0.2767,0.0615,9.3735
Sweden,2005,Male,7.8608,0.0578,0.8226,0.3407,0.1539,13.1248
Sweden,2005,Female,2.6643,0.0722,1.5758,0.4878,0.1151,9.2252
Sweden,2000,Both sexes,4.5353,0.1046,1.1868,0.0751,0.094,7.0592
Sweden,2000,Male,2.2521,0.0812,2.7194,0.3083,0.0684,10.1189
Sweden,2000,Female,6.4394,0.1306,0.6015,0.4384,0.1998,12.7433
Switzerland,2020,Both sexes,7.5085,0.1312,2.7843,0.2666,0.0329,13.6568
Switzerland,2020,Male,3.6802,0.0114,2.5825,0.0853,0.0278,8.0434
Switzerland,2020,Female,7.1501,0.1189,1.2439,0.3022,0.0591,12.7131
Switzerland,2015,Both sexes,3.7533,0.0745,2.4732,0.1994,0.1948,9.1397
Switzerland,2015,Male,7.4646,0.1484,0.578,0.1197,0.1963,11.5614
Switzerland,2015,Female,6.5238,0.0777,2.9172,0.4321,0.1379,13.1737
Switzerland,2010,Both sexes,6.8294,0.1482,1.8165,0.2847,0.1784,13.6104
Switzerland,2010,Male,2.108,0.1156,1.2582,0.47,0.0585,5.4677
Switzerland,2010,Female,7.7769,0.0448,1.4065,0.4127,0.195,12.0873
Switzerland,2005,Both sexes,6.36,0.0854,0.666,0.3618,0.0457,10.4415
Switzerland,2005,Male,3.8285,0.1489,2.9734,0.0523,0.0382,9.6554
Switzerland,2005,Female,6.9764,0.1301,0.5982,0.2425,0.0402,9.9035
Switzerland,2000,Both sexes,3.6891,0.0236,2.1373,0.1389,0.1232,11.042
Switzerland,2000,Male,7.2365,0.1089,1.6068,0.4599,0.1606,13.3855
Switzerland,2000,Female,2.6755,0.0584,2.8723,0.1286,0.086,10.4178
Syrian Arab Republic,2020,Both sexes,12.0369,0.1063,2.23,0.7863,0.9801,29.8343
Syrian Arab Republic,2020,Male,10.407,0.4631,3.6604,1.1786,0.491,24.7675
Syrian Arab Republic,2020,Female,5.9653,0.3113,3.4118,0.7477,0.2354,25.1696
Syrian Arab Republic,2015,Both sexes,7.4189,0.837,4.5143,0.6568,0.5194,29.7816
Syrian Arab Republic,2015,Male,5.124,0.4036,1.3401,1.3185,0.7111,23.4609
Syrian Arab Republic,2015,Female,9.6877,0.8448,1.9689,0.4512,0.849,30.0471
Syrian Arab Republic,2010,Both sexes,8.0127,0.1005,2.0728,0.3989,0.5129,16.5132
Syrian Arab Republic,2010,Male,10.9836,0.377,4.6908,0.9328,0.6342,36.4261
Syrian Arab Republic,2010,Female,7.9724,0.317,1.9457,1.5251,0.3406,17.5573
Syrian Arab Republic,2005,Both sexes,7.9992,0.3102,3.8675,1.2432,0.6813,23.0232
Syrian Arab Republic,2005,Male,12.4319,0.1614,2.0762,1.0189,0.9874,25.9422
Syrian Arab Republic,2005,Female,5.4814,0.2684,5.3081,1.2618,0.1441,27.5354
Syrian Arab Republic,2000,Both sexes,14.0289,0.6,5.7109,0.9213,0.8979,32.228
Syrian Arab Republic,2000,Male,13.5226,0.3622,3.5925,1.8914,0.6061,31.6076
Syrian Arab Republic,2000,Female,11.678,0.4757,2.7615,0.3933,0.3269,30.0885
Tajikistan,2020,Both sexes,10.9322,0.4392,2.1703,1.4448,0.9594,34.2488
Tajikistan,2020,Male,13.923,0.8883,1.2489,1.8152,0.535,24.8237
Tajikistan,2020,Female,6.8533,0.9148,2.3425,1.6666,0.3985,27.7766
Tajikistan,2015,Both sexes,5.7897,0.5437,4.2712,0.6129,0.2633,18.6947
Tajikistan,2015,Male,7.3951,0.3971,3.6681,0.8031,0.32,27.4891
Tajikistan,2015,Female,12.9458,0.1961,5.7202,1.519,0.8496,30.2072
Tajikistan,2010,Both sexes,5.3467,0.9581,2.9814,0.4433,0.653,21.8818
Tajikistan,2010,Male,10.8281,0.1542,4.4693,1.6802,0.9219,25.0746
Tajikistan,2010,Female,14.9544,0.3679,3.4466,1.5221,0.3088,32.1756
Tajikistan,2005,Both sexes,13.557,0.3683,3.5629,1.5403,0.209,36.6025
Tajikistan,2005,Male,10.2145,0.3884,2.3389,0.4704,0.1055,27.4361
Tajikistan,2005,Female,5.6364,0.2479,3.2748,1.5202,0.5571,31.2363
Tajikistan,2000,Both sexes,13.3137,0.8048,3.3539,1.4557,0.9985,25.2676
Tajikistan,2000,Male,10.9898,0.2102,4.5332,1.7126,0.7255,28.9068
Tajikistan,2000,Female,6.1493,0.6714,5.7032,0.3707,0.3776,22.432
Thailand,2020,Both sexes,9.5956,2.7338,5.9639,1.0924,4.4459,41.9885
Thailand,2020,Male,23.4637,1.9875,3.3798,2.492,4.0178,79.4521
Thailand,2020,Female,19.3764,13.732,7.4667,1.5952,0.5694,101.453
Thailand,2015,Both sexes,22.0979,3.6618,7.9002,3.2335,4.1759,91.4691
Thailand,2015,Male,22.9426,12.4975,4.516,4.6694,1.8524,99.9771
Thailand,2015,Female,17.7201,8.6248,9.8442,2.5659,1.1735,98.4651
Thailand,2010,Both sexes,16.7966,2.09,11.8644,4.3798,1.5185,79.5158
Thailand,2010,Male,15.3173,14.3763,11.512,1.001,2.6086,103.5428
Thailand,2010,Female,13.3881,4.4575,4.774,1.6741,2.4119,70.8607
Thailand,2005,Both sexes,15.3881,13.035,10.8783,1.1217,1.8,66.5481
Thailand,2005,Male,21.156,3.3633,9.3404,2.3126,1.275,77.0225
Thailand,2005,Female,18.2327,12.9552,7.0846,4.6328,3.93,83.3341
Thailand,2000,Both sexes,23.1729,1.1852,7.8655,1.3878,4.9555,76.8999
Thailand,2000,Male,15.5375,8.1649,10.6464,3.4256,4.0001,100.9688
Thailand,2000,Female,18.3205,11.7722,7.3212,2.806,1.8317,93.7956
Timor-Leste,2020,Both sexes,11.3131,0.9413,2.866,1.8954,0.3203,24.6039
Timor-Leste,2020,Male,10.917,0.9183,3.4662,0.5083,0.2959,21.998
Timor-Leste,2020,Female,12.0263,0.8377,3.8956,0.6604,0.223,35.1708
Timor-Leste,2015,Both sexes,7.3743,0.8994,1.9454,0.3502,0.5962,26.6235
Timor-Leste,2015,Male,10.1236,0.2793,5.5045,1.0377,0.6449,35.6523
Timor-Leste,2015,Female,6.0422,0.3558,4.3709,0.7723,0.735,24.0895
Timor-Leste,2010,Both sexes,8.8451,0.3601,4.1663,1.7788,0.7122,27.0002
Timor-Leste,2010,Male,9.8767,0.4393,1.4975,1.3284,0.3631,18.6193
Timor-Leste,2010,Female,11.5222,0.454,4.0209,1.344,0.3973,31.1356
Timor-Leste,2005,Both sexes,14.5053,0.5901,1.6048,1.2042,0.7134,26.0178
Timor-Leste,2005,Male,11.0065,0.2439,1.3935,0.4561,0.4145,26.4476
Timor-Leste,2005,Female,12.4359,0.7221,3.6366,1.0565,0.2914,31.4571
Timor-Leste,2000,Both sexes,10.0627,0.2508,3.0139,1.9992,0.4369,25.2123
Timor-Leste,2000,Male,11.341,0.3793,3.9441,1.7199,0.3449,28.034
Timor-Leste,2000,Female,5.7093,0.553,1.4461,1.8189,0.1795,23.1966
Togo,2020,Both sexes,12.3247,12.1502,6.8788,4.2929,4.2356,86.7708
Togo,2020,Male,14.1515,11.3526,4.5731,1.4122,4.339,85.8086
Togo,2020,Female,16.0324,10.0375,11.8839,1.9098,1.4889,100.3895
Togo,2015,Both sexes,8.776,3.1808,8.0504,1.0125,0.7915,56.4897
Togo,2015,Male,10.3804,8.6586,9.1869,2.214,3.8247,69.8477
Togo,2015,Female,12.7058,2.2243,5.9288,1.4344,1.4519,42.6257
Togo,2010,Both sexes,24.5161,6.2831,3.8527,2.8912,2.2705,70.6427
Togo,2010,Male,13.6329,6.7892,11.7828,3.7085,0.7886,72.9611
Togo,2010,Female,16.1947,1.5574,5.5763,4.498,1.5182,81.1921
Togo,2005,Both sexes,11.3337,4.8358,6.8143,3.9969,4.0681,49.3357
Togo,2005,Male,18.3833,14.3791,8.8488,4.7543,4.1198,72.3669
Togo,2005,Female,12.7716,14.3509,3.2223,1.2156,1.4319,50.0109
Togo,2000,Both sexes,11.5189,5.9326,10.2923,1.0487,2.0116,66.3442
Togo,2000,Male,16.7817,1.6034,7.8292,3.6454,1.1041,54.4759
Togo,2000,Female,8.0936,3.5073,5.504,2.1574,0.8338,74.7291
Trinidad and Tobago,2020,Both sexes,5.0766,0.453,1.308,0.731,0.993,23.9859
Trinidad and Tobago,2020,Male,7.1907,0.953,1.8125,0.8625,0.69,30.8644
Trinidad and Tobago,2020,Female,5.3672,0.2271,5.4752,0.7587,0.5879,29.4393
Trinidad and Tobago,2015,Both sexes,6.0803,0.7872,4.4301,1.1694,0.7889,24.1237
Trinidad and Tobago,2015,Male,8.3886,0.1978,2.2495,1.0483,0.8561,18.1194
Trinidad and Tobago,2015,Female,13.0259,0.9831,1.328,1.1711,0.826,28.6028
Trinidad and Tobago,2010,Both sexes,10.7205,0.4435,4.4531,1.4436,0.1149,27.1912
Trinidad and Tobago,2010,Male,10.1267,0.7977,3.862,0.9581,0.2681,28.9812
Trinidad and Tobago,2010,Female,7.9349,0.4083,3.0226,0.7272,0.6894,24.6665
Trinidad and Tobago,2005,Both sexes,14.3175,0.6649,2.8181,0.5825,0.4382,30.7307
Trinidad and Tobago,2005,Male,8.9702,0.2728,2.0841,0.8941,0.9842,23.233
Trinidad and Tobago,2005,Female,5.8709,0.2314,4.3481,1.5611,0.6989,29.3196
Trinidad and Tobago,2000,Both sexes,11.1707,0.9443,5.8533,1.5864,0.9609,35.1295
Trinidad and Tobago,2000,Male,6.1384,0.9259,1.8786,1.4337,0.2813,21.6053
Trinidad and Tobago,2000,Female,8.4522,0.8987,3.9856,0.6978,0.8776,23.463
Tunisia,2020,Both sexes,10.0741,0.6629,3.1209,1.2997,0.3892,33.2201
Tunisia,2020,Male,13.7422,0.8274,3.2334,1.2702,0.9906,27.4308
Tunisia,2020,Female,9.9355,0.1621,2.2707,1.1233,0.2419,33.6399
Tunisia,2015,Both sexes,12.0226,0.4013,5.1257,1.235,0.5647,39.2779
Tunisia,2015,Male,14.9282,0.3823,3.4263,1.136,0.8136,30.8774
Tunisia,2015,Female,6.3149,0.6721,3.717,1.2613,0.4894,19.5529
Tunisia,2010,Both sexes,7.7473,0.4204,2.5238,1.5164,0.5213,21.5711
Tunisia,2010,Male,8.9458,0.2337,1.909,0.4864,0.9877,25.4124
Tunisia,2010,Female,9.2183,0.6368,1.4296,1.5744,0.4828,27.1533
Tunisia,2005,Both sexes,9.1102,0.8329,4.5706,0.531,0.6437,30.288
Tunisia,2005,Male,14.0761,0.4439,1.9812,0.4133,0.1491,28.807
Tunisia,2005,Female,12.1403,0.219,4.4504,1.9593,0.858,28.6927
Tunisia,2000,Both sexes,11.0791,0.277,2.9519,1.9269,0.6834,32.6297
Tunisia,2000,Male,8.0937,0.3137,3.0789,0.4027,0.4636,23.8166
Tunisia,2000,Female,13.2379,0.3699,3.3459,1.0535,0.1146,27.7254
Turkey,2020,Both sexes,14.5506,0.6785,2.8385,0.6166,0.6325,37.7546
Turkey,2020,Male,13.212,0.6409,1.5031,1.1251,0.1114,22.0353
Turkey,2020,Female,5.0157,0.7265,2.5482,1.7113,0.1011,24.8594
Turkey,2015,Both sexes,11.364,0.4263,4.3187,1.916,0.6545,37.109
Turkey,2015,Male,5.5114,0.8416,4.3289,1.3782,0.2701,24.8029
Turkey,2015,Female,7.5761,0.2837,2.4311,0.9016,0.2727,21.024
Turkey,2010,Both sexes,5.5952,0.5221,3.3005,1.3257,0.6879,25.499
Turkey,2010,Male,11.038,0.8208,1.9672,0.8304,0.1483,23.7387
Turkey,2010,Female,11.8659,0.2621,2.0519,1.8467,0.3821,30.9755
Turkey,2005,Both sexes,6.1449,0.1989,1.1152,1.7797,0.2345,17.9987
Turkey,2005,Male,8.8384,0.8953,5.4837,1.249,0.6222,30.4356
Turkey,2005,Female,9.5624,0.4086,2.0535,0.8522,0.6956,18.6288
Turkey,2000,Both sexes,8.6905,0.7155,2.1377,0.7988,0.749,31.94
Turkey,2000,Male,6.2103,0.1228,2.398,0.3568,0.3297,25.7263
Turkey,2000,Female,9.1895,0.721,1.637,1.6869,0.1803,23.5061
Turkmenistan,2020,Both sexes,12.5118,0.3845,4.1963,1.0657,0.1708,35.709
Turkmenistan,2020,Male,5.7101,0.1502,1.3757,0.8527,0.4835,17.178
Turkmenistan,2020,Female,5.8018,0.6488,1.671,1.1009,0.9513,29.867
Turkmenistan,2015,Both sexes,8.5477,0.3167,4.2238,1.6919,0.296,22.0229
Turkmenistan,2015,Male,14.4173,0.4481,2.6983,0.5118,0.3311,25.3942
Turkmenistan,2015,Female,11.6857,0.1725,4.5397,1.758,0.1908,32.8249
Turkmenistan,2010,Both sexes,11.7867,0.2324,3.7871,1.8258,0.645,30.9422
Turkmenistan,2010,Male,8.6192,0.3682,2.2801,1.9094,0.7119,23.9512
Turkmenistan,2010,Female,10.9366,0.1808,4.2541,0.9757,0.6786,27.9277
Turkmenistan,2005,Both sexes,5.1013,0.9197,1.5814,0.6691,0.875,28.5461
Turkmenistan,2005,Male,11.361,0.1054,3.6821,0.9352,0.5378,22.4099
Turkmenistan,2005,Female,14.1329,0.5355,3.1857,0.866,0.221,31.9015
Turkmenistan,2000,Both sexes,11.1257,0.2109,2.3394,0.5995,0.3605,23.2086
Turkmenistan,2000,Male,13.737,0.3769,4.02,1.3324,0.6962,33.4358
Turkmenistan,2000,Female,12.2397,0.9335,5.3567,1.1103,0.6518,36.6413
Uganda,2020,Both sexes,10.0495,3.2637,11.9901,4.4628,2.8895,81.3325
Uganda,2020,Male,23.3417,14.5217,8.4699,1.1284,3.5733,66.7702
Uganda,2020,Female,9.1295,3.8811,6.6424,3.5755,3.3683,61.8435
Uganda,2015,Both sexes,17.0774,11.3819,5.0269,4.0518,4.466,69.5487
Uganda,2015,Male,10.4163,8.6535,5.3139,4.0379,3.1371,57.1097
Uganda,2015,Female,8.199,13.3827,7.3151,4.5443,4.0037,58.296
Uganda,2010,Both sexes,15.1746,8.7559,6.3055,3.9161,1.6192,56.7933
Uganda,2010,Male,13.0157,8.4838,11.2243,4.7112,3.5518,59.8397
Uganda,2010,Female,16.262,3.7364,6.3147,2.3306,4.5599,89.9073
Uganda,2005,Both sexes,17.8124,3.3272,6.361,3.0128,2.2358,76.2751
Uganda,2005,Male,8.7436,13.8308,6.4518,1.0563,4.006,51.8624
Uganda,2005,Female,10.0911,5.5897,10.5296,1.0278,3.7616,84.933
Uganda,2000,Both sexes,17.4969,6.2092,8.8571,1.9605,0.7679,76.9078
Uganda,2000,Male,13.8338,11.6375,8.5275,1.4032,3.1168,89.751
Uganda,2000,Female,20.3959,5.7435,6.0073,2.0408,1.0859,51.2079
Ukraine,2020,Both sexes,11.5229,0.9569,5.0895,0.601,0.9706,29.9074
Ukraine,2020,Male,13.456,0.7641,1.1918,0.3485,0.8303,25.8849
Ukraine,2020,Female,11.9249,0.6377,5.354,1.8458,0.1988,28.0412
Ukraine,2015,Both sexes,9.2993,0.8928,3.5637,0.314,0.2096,27.9304
Ukraine,2015,Male,11.7297,0.1446,2.9913,1.5513,0.635,33.3729
Ukraine,2015,Female,7.7538,0.3314,3.4858,0.5587,0.4104,30.5262
Ukraine,2010,Both sexes,8.0631,0.5185,4.3371,1.8508,0.1314,29.0783
Ukraine,2010,Male,12.8899,0.3043,1.0638,1.8178,0.5875,26.4847
Ukraine,2010,Female,9.4642,0.7695,5.3578,1.4116,0.4491,32.3985
Ukraine,2005,Both sexes,12.9838,0.9273,3.2337,1.4428,0.191,35.7048
Ukraine,2005,Male,13.2242,0.4814,2.7148,0.3091,0.8217,25.0385
Ukraine,2005,Female,13.5756,0.4079,1.6912,1.9743,0.9236,37.316
Ukraine,2000,Both sexes,14.1664,0.9654,3.1973,1.7923,0.7809,33.3721
Ukraine,2000,Male,9.3099,0.5004,3.4816,1.8217,0.8402,27.88
Ukraine,2000,Female,8.1887,0.5401,3.0182,1.4207,0.2948,28.0083
United Arab Emirates,2020,Both sexes,5.4932,0.0592,2.1967,0.2052,0.0674,12.1583
United Arab Emirates,2020,Male,4.227,0.1373,1.5522,0.4521,0.0575,8.9232
United Arab Emirates,2020,Female,5.6064,0.0897,2.9035,0.1812,0.1577,10.4993
United Arab Emirates,2015,Both sexes,6.2335,0.1167,1.9982,0.3032,0.1906,12.2017
United Arab Emirates,2015,Male,6.1304,0.1237,2.5187,0.0949,0.149,12.0814
United Arab Emirates,2015,Female,4.2473,0.0579,0.7734,0.4649,0.1787,7.1161
United Arab Emirates,2010,Both sexes,3.0012,0.0707,1.4932,0.1133,0.135,8.6004
United Arab Emirates,2010,Male,4.5832,0.1288,1.3421,0.1512,0.0898,10.1259
United Arab Emirates,2010,Female,2.8556,0.0609,1.9237,0.3012,0.0966,7.2646
United Arab Emirates,2005,Both sexes,7.3406,0.1212,2.6528,0.3938,0.0336,12.6948
United Arab Emirates,2005,Male,4.0753,0.1417,0.6958,0.3287,0.0257,9.406
United Arab Emirates,2005,Female,2.9268,0.0972,0.6814,0.1545,0.1452,7.6296
United Arab Emirates,2000,Both sexes,2.1527,0.1138,2.6258,0.0504,0.0989,9.4304
United Arab Emirates,2000,Male,5.8749,0.1227,1.0321,0.3907,0.1194,10.6785
United Arab Emirates,2000,Female,5.8214,0.1283,2.1719,0.4933,0.1204,12.6256
United Kingdom of Great Britain and Northern Ireland,2020,Both sexes,8.406,0.4555,3.7144,1.6769,0.3496,23.5235
United Kingdom of Great Britain and Northern Ireland,2020,Male,5.7171,0.1461,5.1645,1.0824,0.5283,27.5147
United Kingdom of Great Britain and Northern Ireland,2020,Female,9.0963,0.4617,1.6254,1.8364,0.5237,19.6012
United Kingdom of Great Britain and Northern Ireland,2015,Both sexes,8.1122,0.7064,1.6489,0.9967,0.4496,24.2817
United Kingdom of Great Britain and Northern Ireland,2015,Male,11.7712,0.5053,3.7841,1.1924,0.8386,37.121
United Kingdom of Great Britain and Northern Ireland,2015,Female,11.0578,0.7741,5.7319,1.1111,0.506,28.3481
United Kingdom of Great Britain and Northern Ireland,2010,Both sexes,8.6459,0.4213,3.075,1.061,0.6433,19.1939
United Kingdom of Great Britain and Northern Ireland,2010,Male,7.1789,0.6713,2.6347,1.6178,0.906,21.6252
United Kingdom of Great Britain and Northern Ireland,2010,Female,14.8804,0.2678,4.0334,1.1955,0.8796,38.4964
United Kingdom of Great Britain and Northern Ireland,2005,Both sexes,9.54,0.7744,5.6522,0.8384,0.9014,30.9278
United Kingdom of Great Britain and Northern Ireland,2005,Male,11.8827,0.5911,5.1846,0.7389,0.343,34.2901
United Kingdom of Great Britain and Northern Ireland,2005,Female,6.4055,0.2837,5.9774,0.3642,0.1315,18.9678
United Kingdom of Great Britain and Northern Ireland,2000,Both sexes,9.8559,0.3627,1.1128,1.2914,0.335,19.8329
United Kingdom of Great Britain and Northern Ireland,2000,Male,5.2754,0.7737,1.5643,0.6909,0.3508,17.1662
United Kingdom of Great Britain and Northern Ireland,2000,Female,10.0546,0.5343,4.0473,0.5518,0.9184,27.2052
United Republic of Tanzania,2020,Both sexes,14.6402,0.2944,5.1029,1.4115,0.6843,38.3067
United Republic of Tanzania,2020,Male,8.8421,0.9705,2.4262,1.4581,0.1735,33.5715
United Republic of Tanzania,2020,Female,5.39,0.7436,2.1961,1.5787,0.2218,25.8548
United Republic of Tanzania,2015,Both sexes,5.3096,0.9614,4.9349,1.1561,0.2401,18.3811
United Republic of Tanzania,2015,Male,8.8799,0.4844,1.2819,1.8199,0.6674,31.7331
United Republic of Tanzania,2015,Female,6.6002,0.5276,2.8469,1.8918,0.7619,24.1494
United Republic of Tanzania,2010,Both sexes,5.2335,0.9082,3.529,1.6725,0.8737,23.2983
United Republic of Tanzania,2010,Male,12.5621,0.5725,3.8017,1.3805,0.9466,33.6108
United Republic of Tanzania,2010,Female,9.5852,0.7366,4.6431,0.8163,0.2815,29.7672
United Republic of Tanzania,2005,Both sexes,7.8924,0.327,2.7742,1.971,0.3788,28.2331
United Republic of Tanzania,2005,Male,14.0008,0.5021,4.0634,0.766,0.3163,32.8234
United Republic of Tanzania,2005,Female,6.1614,0.2111,3.9269,0.6445,0.4229,17.2293
United Republic of Tanzania,2000,Both sexes,14.5592,0.2854,3.7381,1.0517,0.9232,33.7759
United Republic of Tanzania,2000,Male,8.1397,0.1008,4.2024,0.3966,0.6176,31.8178
United Republic of Tanzania,2000,Female,13.884,0.1353,2.2972,1.9634,0.7644,27.3147
United States of America,2020,Both sexes,5.6177,0.1468,0.7116,0.3148,0.1082,10.1969
United States of America,2020,Male,6.9602,0.0439,0.7982,0.3006,0.0252,11.468
United States of America,2020,Female,7.9041,0.1029,1.0615,0.3451,0.0316,11.604
United States of America,2015,Both sexes,3.7304,0.1275,1.7505,0.2737,0.1168,7.3789
United States of America,2015,Male,7.7668,0.0871,2.6011,0.0644,0.1494,15.568
United States of America,2015,Female,4.3369,0.0314,2.2532,0.3255,0.0588,8.4007
United States of America,2010,Both sexes,4.3131,0.1119,2.4726,0.3723,0.1499,9.2922
United States of America,2010,Male,4.0423,0.094,1.3774,0.2375,0.1659,7.2728
United States of America,2010,Female,5.2484,0.1124,1.5116,0.3908,0.0941,8.6645
United States of America,2005,Both sexes,2.9249,0.1178,1.4842,0.1522,0.1544,8.0209
United States of America,2005,Male,5.3223,0.1466,0.9797,0.1496,0.0927,11.4614
United States of America,2005,Female,5.2502,0.0903,0.653,0.1226,0.1421,7.3381
United States of America,2000,Both sexes,6.5714,0.0578,1.9773,0.2174,0.1575,13.4786
United States of America,2000,Male,7.0019,0.1008,2.973,0.4312,0.1985,13.3059
United States of America,2000,Female,4.6426,0.0196,0.9171,0.4226,0.0822,7.4428
Uruguay,2020,Both sexes,8.0233,0.9077,1.2334,0.9508,0.4699,16.6924
Uruguay,2020,Male,7.5933,0.2074,4.8977,1.3015,0.2491,27.6496
Uruguay,2020,Female,6.9462,0.3951,2.2629,1.5254,0.2837,18.0438
Uruguay,2015,Both sexes,5.5765,0.8342,5.1482,0.7101,0.7241,18.3578
Uruguay,2015,Male,8.4245,0.6376,4.5197,0.5858,0.9253,24.5852
Uruguay,2015,Female,7.7025,0.4543,5.7284,1.9526,0.4551,35.6005
Uruguay,2010,Both sexes,14.6642,0.5261,3.0446,1.3498,0.2619,28.9449
Uruguay,2010,Male,10.5771,0.8691,4.3098,1.9684,0.3566,27.9804
Uruguay,2010,Female,8.4728,0.406,3.3243,0.8742,0.5095,24.9905
Uruguay,2005,Both sexes,10.8047,0.8827,4.1529,1.4952,0.3616,29.3059
Uruguay,2005,Male,6.392,0.1793,3.248,0.6784,0.3102,30.7709
Uruguay,2005,Female,9.4404,0.7991,1.9432,0.744,0.7624,27.5056
Uruguay,2000,Both sexes,11.2623,0.8628,3.5395,1.1702,0.1071,29.2649
Uruguay,2000,Male,9.889,0.2636,3.6429,0.8434,0.5853,28.5604
Uruguay,2000,Female,9.0178,0.4873,5.053,0.585,0.8144,21.346
Uzbekistan,2020,Both sexes,14.9385,0.2489,4.6776,0.7469,0.3396,40.2248
Uzbekistan,2020,Male,13.8031,0.7359,4.319,0.3608,0.643,31.4198
Uzbekistan,2020,Female,11.2341,0.5818,1.5669,1.4975,0.702,29.7423
Uzbekistan,2015,Both sexes,10.6938,0.6718,4.6031,1.1366,0.6895,26.7699
Uzbekistan,2015,Male,11.2066,0.2768,3.5015,0.4602,0.5013,26.1389
Uzbekistan,2015,Female,7.0131,0.2906,5.4705,0.5919,0.4119,33.0392
Uzbekistan,2010,Both sexes,8.9514,0.1373,5.5994,0.4743,0.8523,25.8941
Uzbekistan,2010,Male,5.3946,0.3899,1.2758,1.3414,0.7826,27.4941
Uzbekistan,2010,Female,9.7555,0.6038,5.1032,0.4602,0.3891,24.8313
Uzbekistan,2005,Both sexes,10.4302,0.8721,1.1885,1.5823,0.1927,22.8302
Uzbekistan,2005,Male,7.2775,0.7002,2.8358,0.3349,0.1646,27.2011
Uzbekistan,2005,Female,14.6403,0.4919,3.7115,0.7239,0.1848,27.9519
Uzbekistan,2000,Both sexes,14.0945,0.9578,1.7405,1.8141,0.6246,38.81
Uzbekistan,2000,Male,12.2214,0.7473,4.7316,1.5215,0.1465,37.5459
Uzbekistan,2000,Female,10.3339,0.9371,1.0418,0.424,0.4032,23.4658
Venezuela (Bolivarian Republic of),2020,Both sexes,13.6997,0.5748,1.843,1.6959,0.7779,33.9803
Venezuela (Bolivarian Republic of),2020,Male,6.3065,0.333,3.904,1.1382,0.3649,20.9149
Venezuela (Bolivarian Republic of),2020,Female,12.9051,0.1475,4.5719,1.7395,0.787,27.0184
Venezuela (Bolivarian Republic of),2015,Both sexes,6.2482,0.7535,5.5832,1.3213,0.7709,20.586
Venezuela (Bolivarian Republic of),2015,Male,12.9421,0.2092,4.5275,1.4591,0.3212,37.0268
Venezuela (Bolivarian Republic of),2015,Female,7.7577,0.3725,4.3589,1.989,0.7559,28.0213
Venezuela (Bolivarian Republic of),2010,Both sexes,13.7709,0.5792,2.9717,0.695,0.773,32.6969
Venezuela (Bolivarian Republic of),2010,Male,14.4404,0.608,1.0064,1.3607,0.4577,35.4824
Venezuela (Bolivarian Republic of),2010,Female,6.488,0.6405,1.6008,1.0825,0.2894,28.3075
Venezuela (Bolivarian Republic of),2005,Both sexes,9.6268,0.2496,3.6728,0.3671,0.5691,22.8025
Venezuela (Bolivarian Republic of),2005,Male,14.8099,0.4418,4.3756,0.3246,0.9293,37.109
Venezuela (Bolivarian Republic of),2005,Female,9.8341,0.6555,3.0872,0.5027,0.6757,23.5793
Venezuela (Bolivarian Republic of),2000,Both sexes,13.6355,0.9728,4.6534,1.4035,0.2556,37.5414
Venezuela (Bolivarian Republic of),2000,Male,10.8873,0.7549,3.6093,1.2642,0.7145,35.7444
Venezuela (Bolivarian Republic of),2000,Female,8.7533,0.9303,1.3709,1.2408,0.4845,29.9917
Viet Nam,2020,Both sexes,12.8583,11.671,4.7281,1.1274,3.1619,86.6956
Viet Nam,2020,Male,11.4548,9.284,10.56,2.8772,3.8033,93.5485
Viet Nam,2020,Female,20.9506,3.6883,9.5242,4.6985,2.8173,72.9866
Viet Nam,2015,Both sexes,14.5712,10.3336,11.0529,2.5904,4.1629,78.0628
Viet Nam,2015,Male,16.6917,9.7273,4.058,3.4997,3.7497,77.2901
Viet Nam,2015,Female,16.3695,9.4346,11.912,4.1193,3.2678,105.0095
Viet Nam,2010,Both sexes,17.8137,7.857,4.8847,4.1357,1.1786,79.6771
Viet Nam,2010,Male,22.7148,8.4012,3.106,3.0771,4.2618,90.2267
Viet Nam,2010,Female,24.6726,5.6822,11.9768,4.4318,4.7116,102.3764
Viet Nam,2005,Both sexes,14.9289,8.2704,5.5297,2.5655,1.1163,73.6463
Viet Nam,2005,Male,22.0678,3.7658,9.0122,4.5548,2.6971,89.1823
Viet Nam,2005,Female,20.997,12.2724,4.5901,1.9609,1.665,67.4039
Viet Nam,2000,Both sexes,17.75,3.6009,8.2221,2.1209,3.8954,87.2942
Viet Nam,2000,Male,24.2528,2.1895,11.1363,1.2125,3.7473,74.5951
Viet Nam,2000,Female,11.4081,7.1074,5.8816,4.1823,1.134,64.341
Yemen,2020,Both sexes,6.0926,0.6925,4.3513,1.009,0.8893,29.0684
Yemen,2020,Male,13.5396,0.4939,1.9395,0.6895,0.2629,24.2971
Yemen,2020,Female,9.3915,0.3491,4.124,0.694,0.8175,21.1588
Yemen,2015,Both sexes,13.4697,0.6024,2.6823,1.8324,0.5113,32.7923
Yemen,2015,Male,13.9309,0.4123,2.056,1.7177,0.3954,23.9806
Yemen,2015,Female,5.6246,0.9396,2.5659,1.241,0.2424,28.2867
Yemen,2010,Both sexes,13.8346,0.9304,1.8942,1.3474,0.2509,35.3641
Yemen,2010,Male,9.4832,0.5521,5.5096,1.1064,0.6957,37.1185
Yemen,2010,Female,10.1043,0.3951,2.9859,0.9658,0.5954,26.4701
Yemen,2005,Both sexes,11.2659,0.7634,2.2264,1.8563,0.2099,24.5097
Yemen,2005,Male,14.2638,0.133,3.242,0.5135,0.2014,37.7097
Yemen,2005,Female,5.1912,0.5273,2.6027,1.0114,0.1651,21.9713
Yemen,2000,Both sexes,9.7684,0.4027,4.7221,0.8858,0.7694,30.4973
Yemen,2000,Male,11.8772,0.9285,5.8561,1.1469,0.7407,37.7616
Yemen,2000,Female,12.2271,0.1108,3.1902,1.078,0.1526,24.1208
Zambia,2020,Both sexes,19.7731,8.7394,10.7493,3.0756,3.0212,65.1217
Zambia,2020,Male,10.2854,11.3693,8.0928,1.5597,0.881,74.0207
Zambia,2020,Female,13.0897,7.7903,4.4151,3.0526,4.5669,90.0662
Zambia,2015,Both sexes,14.0982,2.1956,9.2156,1.9697,4.582,59.8884
Zambia,2015,Male,21.6754,14.6145,7.6209,1.7373,3.642,91.1108
Zambia,2015,Female,12.7389,8.2521,8.8555,1.2593,4.6679,93.0913
Zambia,2010,Both sexes,11.582,9.5986,11.0072,4.0506,4.1515,67.7167
Zambia,2010,Male,24.2766,4.3125,6.9639,2.7098,4.2284,99.3219
Zambia,2010,Female,8.1507,7.769,11.1106,3.5066,3.0637,71.9348
Zambia,2005,Both sexes,24.963,7.0081,9.756,3.9104,1.8773,62.7034
Zambia,2005,Male,19.506,2.0485,7.3974,3.7173,1.4801,65.8905
Zambia,2005,Female,22.084,2.4862,8.429,2.882,1.9724,72.6177
Zambia,2000,Both sexes,13.0085,12.7246,5.9302,2.5516,3.3282,67.2526
Zambia,2000,Male,8.2434,4.3575,11.8524,2.5038,1.277,57.4396
Zambia,2000,Female,20.5438,3.7294,9.0062,3.5602,1.6639,72.3987
Zimbabwe,2020,Both sexes,22.1805,8.0688,3.3946,2.9792,2.6063,90.1217
Zimbabwe,2020,Male,20.5881,11.7625,5.9396,4.3965,1.5487,102.555
Zimbabwe,2020,Female,10.4285,1.8673,8.6098,4.4988,3.1489,68.8486
Zimbabwe,2015,Both sexes,20.8083,9.0753,3.507,1.6822,4.6543,81.296
Zimbabwe,2015,Male,21.0717,2.6689,3.215,1.5449,3.8664,73.0027
Zimbabwe,2015,Female,19.1952,1.5105,7.0502,3.5216,3.4989,63.6388
Zimbabwe,2010,Both sexes,21.024,1.7384,5.9942,2.2049,3.1222,88.915
Zimbabwe,2010,Male,22.3807,12.6783,6.9447,1.0743,2.6958,87.3673
Zimbabwe,2010,Female,18.4313,2.6516,5.3642,4.5546,1.3395,61.6719
Zimbabwe,2005,Both sexes,9.5063,1.6321,4.4825,1.9076,4.5262,77.5565
Zimbabwe,2005,Male,16.2897,7.1306,9.2023,4.7171,1.6184,57.1727
Zimbabwe,2005,Female,9.32,12.8159,7.6311,3.8697,0.9109,55.9627
Zimbabwe,2000,Both sexes,14.9282,4.6737,4.8014,4.0506,3.8751,72.7109
Zimbabwe,2000,Male,14.9208,6.904,5.8763,1.8058,1.2903,88.5699
Zimbabwe,2000,Female,9.1222,1.5589,8.3263,1.9368,2.1735,74.2463
Afghanistan,2025,Both sexes,8.4808,2.919,4.5588,1.2176,3.455,53.0621
Afghanistan,2025,Male,22.2291,6.2264,10.8712,1.8534,1.9643,79.3243
Afghanistan,2025,Female,10.5625,9.6878,6.7788,3.4531,3.9275,82.6801
Albania,2025,Both sexes,10.457,0.6649,5.6763,0.8084,0.4232,28.6503
Albania,2025,Male,12.177,0.6502,1.8927,0.9395,0.5211,22.7456
Albania,2025,Female,9.1939,0.2604,5.6222,1.5959,0.5332,35.267
Algeria,2025,Both sexes,11.8006,0.9076,1.6809,0.7256,0.5884,29.332
Algeria,2025,Male,12.9901,0.1326,5.9201,1.0733,0.4233,37.8522
Algeria,2025,Female,7.9272,0.2569,4.9579,1.9242,0.4723,24.2043
Angola,2025,Both sexes,24.1912,12.5332,7.3295,3.6961,2.4574,107.3193
Angola,2025,Male,17.4983,1.8126,9.2664,1.2113,4.1769,80.7127
Angola,2025,Female,22.0241,4.3191,5.913,2.9252,3.185,56.4515
Argentina,2025,Both sexes,7.8735,0.6332,2.4889,0.3943,0.1023,19.2582
Argentina,2025,Male,6.0115,0.813,5.8072,1.0258,0.5614,28.1168
Argentina,2025,Female,6.4685,0.5959,1.7233,1.3391,0.9399,26.5614
Armenia,2025,Both sexes,6.957,0.7881,1.1175,0.9383,0.1997,21.6202
Armenia,2025,Male,8.5248,0.2562,2.8665,1.0098,0.3705,22.4149
Armenia,2025,Female,11.5662,0.927,3.003,0.627,0.3437,25.6954
Australia,2025,Both sexes,7.124,0.09,1.6375,0.1173,0.101,10.3838
Australia,2025,Male,3.671,0.142,2.7102,0.0878,0.113,10.8144
Australia,2025,Female,3.3504,0.0675,2.6921,0.2874,0.0802,10.2781
Austria,2025,Both sexes,3.2473,0.122,2.0613,0.2606,0.0591,10.5516
Austria,2025,Male,4.0055,0.1444,1.8002,0.2303,0.1139,9.9877
Austria,2025,Female,6.6739,0.0576,0.9468,0.3132,0.1397,11.2296
Azerbaijan,2025,Both sexes,12.1272,0.8938,2.8559,0.4281,0.9625,27.3618
Azerbaijan,2025,Male,9.3501,0.6609,4.3315,1.2291,0.2847,25.6258
Azerbaijan,2025,Female,12.5514,0.8234,3.7649,1.1306,0.2025,32.2354
Bahamas,2025,Both sexes,5.8395,0.4056,2.5542,1.9212,0.8053,20.0903
Bahamas,2025,Male,11.5992,0.5659,1.8368,1.9634,0.4375,28.6812
Bahamas,2025,Female,6.0693,0.5444,5.37,1.8084,0.1099,28.7506
Bahrain,2025,Both sexes,7.3178,0.048,0.5974,0.4315,0.1755,10.0194
Bahrain,2025,Male,5.5774,0.0904,2.5328,0.4038,0.1802,11.7924
Bahrain,2025,Female,5.3165,0.1455,2.9904,0.1024,0.1729,12.5093
Bangladesh,2025,Both sexes,16.497,6.4259,8.5177,1.2239,2.7791,92.2077
Bangladesh,2025,Male,22.8051,3.9885,6.8375,4.7579,2.4285,65.2028
Bangladesh,2025,Female,14.0922,7.1675,7.6751,3.528,4.1031,93.9338
Barbados,2025,Both sexes,9.521,0.8357,3.6686,0.8754,0.6922,29.6223
Barbados,2025,Male,12.1772,0.6022,1.2831,0.5888,0.3568,27.7912
Barbados,2025,Female,7.8263,0.7061,1.0917,1.5847,0.3388,31.1932
Belarus,2025,Both sexes,8.1002,0.5751,2.0796,1.8036,0.1768,19.1422
Belarus,2025,Male,9.4438,0.8645,4.0792,0.797,0.4787,29.9972
Belarus,2025,Female,12.0669,0.9759,5.4657,0.8821,0.9984,29.3053
Belgium,2025,Both sexes,2.021,0.0139,2.5596,0.1398,0.0309,6.6691
Belgium,2025,Male,3.4229,0.0697,2.3264,0.331,0.0628,9.7477
Belgium,2025,Female,5.0196,0.1397,2.5375,0.1954,0.1968,9.9022
Belize,2025,Both sexes,12.0862,0.1562,1.1758,0.5863,0.7551,32.4102
Belize,2025,Male,6.8374,0.5603,1.4663,1.8655,0.4096,18.6759
Belize,2025,Female,14.0813,0.9504,1.0306,1.089,0.1222,23.7849
Benin,2025,Both sexes,23.4478,8.2577,3.6745,1.4411,2.2258,96.6487
Benin,2025,Male,23.984,10.7007,10.8086,2.4658,0.6945,76.5875
Benin,2025,Female,24.5634,1.2404,11.5289,2.4747,0.5454,62.0209
Bhutan,2025,Both sexes,11.8916,0.9825,5.8281,0.5736,0.2631,25.2106
Bhutan,2025,Male,10.6554,0.6736,4.6971,0.6078,0.9631,26.8574
Bhutan,2025,Female,11.3874,0.8623,3.7003,1.0043,0.9795,29.7331
Bolivia (Plurinational State of),2025,Both sexes,10.8212,0.8802,5.7665,1.4481,0.594,36.9874
Bolivia (Plurinational State of),2025,Male,5.0351,0.136,2.0043,0.6162,0.3293,21.0347
Bolivia (Plurinational State of),2025,Female,8.0493,0.4241,3.1027,0.4681,0.1381,19.3277
Bosnia and Herzegovina,2025,Both sexes,11.7394,0.5836,3.2207,1.3785,0.8449,37.4784
Bosnia and Herzegovina,2025,Male,9.2769,0.677,5.7679,1.7274,0.4834,30.9239
Bosnia and Herzegovina,2025,Female,11.4472,0.2594,3.8026,1.9683,0.5665,36.8608
Botswana,2025,Both sexes,23.7699,6.7027,11.9896,3.3169,0.6902,63.6997
Botswana,2025,Male,17.9748,4.844,3.2923,4.2834,1.7408,57.8326
Botswana,2025,Female,21.5413,5.035,4.7489,4.8957,2.1274,92.2567
Brazil,2025,Both sexes,11.0138,0.649,3.8024,1.855,0.707,25.5249
Brazil,2025,Male,9.0373,0.8761,1.9053,1.2252,0.9555,24.7776
Brazil,2025,Female,11.254,0.8353,4.2678,1.7269,0.95,32.4924
Brunei Darussalam,2025,Both sexes,7.7292,0.2527,3.42,1.4932,0.3045,32.4204
Brunei Darussalam,2025,Male,5.041,0.4086,5.8443,1.4814,0.4612,20.8908
Brunei Darussalam,2025,Female,6.9258,0.4205,1.8492,0.4807,0.9161,21.5234
Bulgaria,2025,Both sexes,14.9765,0.2477,1.2726,0.8605,0.5155,33.7168
Bulgaria,2025,Male,7.0482,0.3713,2.0044,1.6162,0.7413,20.8992
Bulgaria,2025,Female,11.3495,0.4485,5.5452,1.9482,0.2563,39.0252
Burkina Faso,2025,Both sexes,11.7912,8.3588,3.8213,2.7458,3.1181,73.778
Burkina Faso,2025,Male,16.8753,5.6327,7.882,4.8352,1.4271,66.6682
Burkina Faso,2025,Female,19.1321,1.6076,3.5977,3.2073,0.9722,60.5913
Burundi,2025,Both sexes,8.3799,3.4012,8.0836,3.8134,1.4112,68.4181
Burundi,2025,Male,19.3604,3.5547,8.5211,2.6478,3.4421,75.704
Burundi,2025,Female,24.9159,14.1294,3.0385,4.5418,0.7992,64.0534
Cabo Verde,2025,Both sexes,14.5305,0.3536,2.9102,0.4558,0.201,24.0482
Cabo Verde,2025,Male,12.2674,0.9499,4.0537,1.5169,0.7858,33.3318
Cabo Verde,2025,Female,7.6281,0.1407,1.0094,0.8961,0.3173,26.4897
Cambodia,2025,Both sexes,9.0594,3.5134,4.1205,4.6595,1.1312,78.7316
Cambodia,2025,Male,17.14,9.3035,7.8914,1.3962,1.9346,87.032
Cambodia,2025,Female,8.8716,6.5394,4.6974,3.2465,3.6176,72.4011
Cameroon,2025,Both sexes,17.046,7.0793,6.486,4.3668,1.4872,81.5295
Cameroon,2025,Male,20.4817,11.6048,6.7728,2.1892,2.6174,74.4141
Cameroon,2025,Female,9.5846,1.643,4.0044,1.7486,2.7688,48.5537
Canada,2025,Both sexes,7.0948,0.043,2.8379,0.4797,0.1926,13.8358
Canada,2025,Male,7.0254,0.0609,0.6817,0.306,0.1206,12.5854
Canada,2025,Female,7.0999,0.1494,1.7704,0.2053,0.0535,13.1467
Central African Republic,2025,Both sexes,8.0816,8.1276,7.9997,4.2998,2.7706,89.4001
Central African Republic,2025,Male,23.58,9.7932,10.563,1.5932,4.349,65.9103
Central African Republic,2025,Female,19.4774,3.3833,4.7079,4.706,0.645,91.7251
Chad,2025,Both sexes,15.8631,5.3887,8.9857,4.3585,2.1217,59.9361
Chad,2025,Male,15.2573,14.7468,10.0552,4.5888,2.4744,98.6667
Chad,2025,Female,11.9793,6.7661,9.4448,1.4377,1.7171,49.4123
Chile,2025,Both sexes,5.4664,0.4891,5.1372,0.3419,0.7078,24.3611
Chile,2025,Male,14.325,0.3132,4.4682,1.9577,0.9661,33.7936
Chile,2025,Female,7.3493,0.1903,1.7414,1.4935,0.7532,23.4355
China,2025,Both sexes,11.7424,0.4025,1.8489,1.2873,0.5353,34.9368
China,2025,Male,12.2883,0.4972,2.6932,0.7989,0.2903,28.0725
China,2025,Female,7.6575,0.1853,2.7343,0.3622,0.2678,30.2242
Colombia,2025,Both sexes,12.4677,0.3929,4.3412,1.5187,0.6231,37.0501
Colombia,2025,Male,14.587,0.1193,4.6933,1.9299,0.876,36.4931
Colombia,2025,Female,6.6789,0.3941,1.8623,1.3222,0.741,17.6743
Comoros,2025,Both sexes,8.1707,0.5856,4.4546,1.0163,0.8686,21.2093
Comoros,2025,Male,12.7155,0.1582,4.1056,0.7001,0.6018,34.4408
Comoros,2025,Female,14.5689,0.8912,3.0226,0.7956,0.311,38.5061
Congo,2025,Both sexes,17.0528,2.5995,7.9435,1.0053,1.9573,73.7837
Congo,2025,Male,11.7389,14.5971,9.5452,2.3986,0.9178,83.0003
Congo,2025,Female,16.7856,3.9883,7.8279,4.3414,3.2711,84.8919
Costa Rica,2025,Both sexes,11.3379,0.5869,5.6363,1.8842,0.5615,32.8006
Costa Rica,2025,Male,8.0576,0.5136,1.9328,1.3818,0.5501,22.0271
Costa Rica,2025,Female,6.033,0.2779,3.3982,1.8089,0.6098,26.6833
Côte d’Ivoire,2025,Both sexes,11.8154,0.4051,3.8571,1.0605,0.6932,23.1807
Côte d’Ivoire,2025,Male,5.5058,0.544,2.48,0.8545,0.9648,24.4721
Côte d’Ivoire,2025,Female,6.8269,0.3801,3.5495,1.7671,0.475,27.0225
Croatia,2025,Both sexes,6.4632,0.1299,1.275,0.2267,0.0842,11.7193
Croatia,2025,Male,6.9971,0.0162,1.2711,0.3557,0.1218,12.4049
Croatia,2025,Female,4.6177,0.0856,0.994,0.2438,0.1103,7.654
Cuba,2025,Both sexes,14.0119,0.3348,5.3391,1.3952,0.1183,29.6821
Cuba,2025,Male,12.2463,0.132,5.9869,1.7835,0.3676,34.3872
Cuba,2025,Female,7.5741,0.4433,2.7808,0.933,0.3864,18.3634
Cyprus,2025,Both sexes,5.7268,0.033,2.615,0.4156,0.1058,11.3682
Cyprus,2025,Male,7.1164,0.0446,0.5439,0.3286,0.1024,10.9301
Cyprus,2025,Female,5.403,0.1359,2.9248,0.3355,0.1575,11.5914
Czechia,2025,Both sexes,2.5029,0.0325,2.333,0.2441,0.1003,8.6753
Czechia,2025,Male,3.8516,0.095,0.9629,0.3321,0.0513,9.1512
Czechia,2025,Female,2.383,0.0563,1.0779,0.45,0.0299,6.6392
Democratic People's Republic of Korea,2025,Both sexes,6.7661,0.5938,3.4053,0.3779,0.1065,27.83
Democratic People's Republic of Korea,2025,Male,14.8807,0.693,2.827,1.0997,0.3399,38.9298
Democratic People's Republic of Korea,2025,Female,8.4487,0.6841,5.4141,0.613,0.8563,33.548
Democratic Republic of the Congo,2025,Both sexes,10.0665,4.0099,3.3346,1.5632,4.6279,56.4041
Democratic Republic of the Congo,2025,Male,15.8105,2.0873,11.6375,4.516,3.8961,82.1577
Democratic Republic of the Congo,2025,Female,23.869,4.0818,10.5273,3.76,4.4139,99.1071
Denmark,2025,Both sexes,6.7815,0.0585,2.436,0.1681,0.0791,14.1018
Denmark,2025,Male,2.6474,0.1409,1.2275,0.2843,0.0904,9.302
Denmark,2025,Female,7.7596,0.0569,2.4464,0.4349,0.0984,15.5719
Djibouti,2025,Both sexes,8.7817,0.773,5.5645,1.5834,0.3044,31.5771
Djibouti,2025,Male,13.8831,0.4488,3.8811,1.7134,0.2696,36.031
Djibouti,2025,Female,12.8451,0.6365,5.4667,0.5923,0.4786,27.0495
Dominican Republic,2025,Both sexes,13.3284,0.1173,1.561,1.984,0.3524,29.9032
Dominican Republic,2025,Male,14.7554,0.2643,2.8055,1.5799,0.692,29.794
Dominican Republic,2025,Female,10.8112,0.5769,5.2172,0.6994,0.4982,36.7009
Ecuador,2025,Both sexes,6.5545,0.6363,2.2527,0.8675,0.5241,27.7508
Ecuador,2025,Male,5.2677,0.1827,4.4296,1.0292,0.8783,17.5774
Ecuador,2025,Female,11.9467,0.1073,4.0836,0.4593,0.8028,25.0786
Egypt,2025,Both sexes,14.9151,0.5781,4.4139,0.7034,0.4938,31.3704
Egypt,2025,Male,13.561,0.2507,2.3277,1.0572,0.741,26.5369
Egypt,2025,Female,8.7588,0.935,1.4723,0.9304,0.7381,29.8016
El Salvador,2025,Both sexes,7.2599,0.6908,1.8211,0.3952,0.2089,22.8944
El Salvador,2025,Male,14.2998,0.5966,4.9817,0.8655,0.6334,36.1485
El Salvador,2025,Female,9.9495,0.9512,4.7379,1.5419,0.1417,23.0674
Equatorial Guinea,2025,Both sexes,10.4967,0.5203,5.6392,0.7375,0.3429,27.0763
Equatorial Guinea,2025,Male,9.1135,0.319,1.6459,1.7576,0.6024,27.03
Equatorial Guinea,2025,Female,13.6136,0.848,2.4102,1.2312,0.1749,32.8446
Eritrea,2025,Both sexes,14.1525,0.4638,2.9684,0.8147,0.5146,24.2116
Eritrea,2025,Male,7.5176,0.4374,4.9997,1.7182,0.3738,34.2216
Eritrea,2025,Female,9.6901,0.8864,1.2634,1.8115,0.2973,28.1912
Estonia,2025,Both sexes,6.0712,0.0916,1.8824,0.4367,0.0383,11.3001
Estonia,2025,Male,4.0822,0.0854,2.5282,0.1474,0.1645,9.1465
Estonia,2025,Female,4.3978,0.0364,2.3975,0.0909,0.1127,10.8722
Eswatini,2025,Both sexes,9.0859,5.9898,8.4097,3.2245,2.3209,76.9049
Eswatini,2025,Male,15.2938,4.1748,7.1029,4.813,4.327,57.3633
Eswatini,2025,Female,10.469,1.4169,11.4017,3.107,2.9203,82.7692
Ethiopia,2025,Both sexes,21.2722,5.4056,7.3372,4.8747,3.5247,98.8826
Ethiopia,2025,Male,10.6137,2.8652,4.8384,4.0668,1.8292,69.1768
Ethiopia,2025,Female,8.3636,14.2184,4.5274,1.0382,1.5671,65.6942
Fiji,2025,Both sexes,7.3503,0.4798,5.6019,1.7946,0.5112,33.5406
Fiji,2025,Male,9.109,0.5995,2.2173,0.3887,0.9453,24.0781
Fiji,2025,Female,6.867,0.2786,3.3623,1.1357,0.1166,23.4945
Finland,2025,Both sexes,2.8877,0.0629,2.2093,0.1528,0.0961,7.0714
Finland,2025,Male,5.3441,0.1344,1.3152,0.1101,0.1081,9.3236
Finland,2025,Female,6.4803,0.0254,1.5617,0.058,0.026,12.1065
France,2025,Both sexes,4.8977,0.0517,2.6128,0.321,0.1017,12.8088
France,2025,Male,4.4476,0.0796,0.6011,0.4518,0.1997,9.1452
France,2025,Female,3.0889,0.0269,0.8589,0.3475,0.1391,8.9831
Gabon,2025,Both sexes,13.4792,0.7766,3.2484,1.3419,0.7195,26.9487
Gabon,2025,Male,10.1274,0.5281,4.2255,1.2477,0.6795,28.637
Gabon,2025,Female,11.1285,0.7473,4.214,1.1836,0.7136,23.161
Gambia,2025,Both sexes,9.4948,0.3175,1.0071,1.2519,0.6316,20.1592
Gambia,2025,Male,14.7205,0.4253,2.9707,0.6431,0.1635,28.9275
Gambia,2025,Female,12.728,0.3247,4.0445,1.4692,0.5241,25.3365
Georgia,2025,Both sexes,13.7635,0.4994,2.4245,1.8232,0.8754,26.9718
Georgia,2025,Male,6.6404,0.1234,1.4499,0.7871,0.975,21.554
Georgia,2025,Female,10.5852,0.4359,5.4436,1.0703,0.3837,23.4549
Germany,2025,Both sexes,7.6473,0.1289,2.6092,0.2805,0.1621,12.1061
Germany,2025,Male,3.0761,0.0903,2.9596,0.1809,0.163,10.2776
Germany,2025,Female,4.9429,0.0156,2.4075,0.1259,0.1337,11.0527
Ghana,2025,Both sexes,9.4563,14.2561,5.6255,1.9059,1.0811,71.2974
Ghana,2025,Male,24.082,10.9667,9.6749,2.9976,2.6363,75.8755
Ghana,2025,Female,9.8704,8.8378,5.2222,4.9086,4.0846,69.7372
Greece,2025,Both sexes,4.478,0.0312,2.4633,0.1049,0.0541,10.8061
Greece,2025,Male,3.2691,0.088,2.4676,0.1914,0.0352,8.3762
Greece,2025,Female,4.7872,0.1147,1.0542,0.149,0.1905,9.8553
Guatemala,2025,Both sexes,14.5415,0.9914,5.0383,0.6199,0.2908,37.228
Guatemala,2025,Male,8.4023,0.3863,5.7826,1.6414,0.7516,24.5608
Guatemala,2025,Female,6.8596,0.9186,5.1394,0.5782,0.8841,32.4431
Guinea,2025,Both sexes,12.6282,2.1322,8.9114,3.6152,0.9272,69.6981
Guinea,2025,Male,13.4205,14.8994,9.1058,3.9203,1.4581,80.1228
Guinea,2025,Female,9.3393,4.8766,5.2401,1.9382,1.3674,50.91
Guinea-Bissau,2025,Both sexes,10.7476,0.3953,5.1017,0.6127,0.5182,25.0602
Guinea-Bissau,2025,Male,5.1366,0.5335,1.2792,1.9621,0.8115,26.2721
Guinea-Bissau,2025,Female,9.9011,0.1779,3.9622,1.5899,0.2716,30.8872
Guyana,2025,Both sexes,10.6821,0.8328,4.8412,1.6651,0.8914,24.5139
Guyana,2025,Male,14.3768,0.465,3.8438,1.6441,0.7274,32.4252
Guyana,2025,Female,14.9552,0.1123,2.7757,0.7777,0.3361,25.1287
Haiti,2025,Both sexes,11.783,10.9277,3.7628,3.9664,3.6204,55.3875
Haiti,2025,Male,12.2637,4.5397,8.6597,4.0487,4.4442,54.6716
Haiti,2025,Female,22.4864,14.5084,8.2325,4.6346,4.1383,90.0622
Honduras,2025,Both sexes,13.9467,0.1105,5.8295,1.105,0.8184,30.2794
Honduras,2025,Male,6.272,0.4563,2.3573,0.7958,0.2109,29.456
Honduras,2025,Female,13.0576,0.1083,2.5625,0.5965,0.6301,28.2957
Hungary,2025,Both sexes,3.5255,0.0463,1.7208,0.3437,0.0418,10.2383
Hungary,2025,Male,3.0531,0.0446,2.9344,0.2287,0.1278,7.8585
Hungary,2025,Female,3.4493,0.0787,0.6853,0.0656,0.1044,9.3387
Iceland,2025,Both sexes,4.392,0.0292,2.219,0.4968,0.0912,11.9473
Iceland,2025,Male,5.7474,0.1448,2.5788,0.2586,0.1527,10.6531
Iceland,2025,Female,2.7688,0.0817,1.1977,0.1225,0.0967,6.1308
India,2025,Both sexes,10.2272,10.7858,7.1062,3.1246,1.1587,49.0658
India,2025,Male,10.3761,9.1678,11.8651,1.385,1.7858,55.6075
India,2025,Female,22.7808,2.0118,10.883,3.0971,2.3372,92.2332
Indonesia,2025,Both sexes,13.2646,5.1596,5.7522,4.5392,3.7571,57.0625
Indonesia,2025,Male,19.3853,12.1825,5.314,3.4722,2.5703,95.4218
Indonesia,2025,Female,21.3015,5.3296,8.7886,4.5288,2.3097,61.1797
Iran (Islamic Republic of),2025,Both sexes,5.6662,0.5644,2.7299,1.4428,0.9559,21.7044
Iran (Islamic Republic of),2025,Male,9.8561,0.5196,4.2729,0.4759,0.3282,32.5418
Iran (Islamic Republic of),2025,Female,14.1898,0.7029,1.0672,0.6479,0.7146,31.6385
Ireland,2025,Both sexes,6.5864,0.1276,1.2304,0.469,0.1195,11.3749
Ireland,2025,Male,6.1792,0.0935,0.8069,0.4834,0.0421,12.5708
Ireland,2025,Female,3.5293,0.1239,2.0465,0.4272,0.1128,8.1561
Israel,2025,Both sexes,4.262,0.1391,0.5906,0.4353,0.0615,8.0015
Israel,2025,Male,7.0924,0.0295,1.9505,0.4496,0.1052,12.521
Israel,2025,Female,6.4794,0.1227,2.3412,0.4664,0.1004,11.5123
Italy,2025,Both sexes,3.0388,0.0167,1.1161,0.1144,0.1204,6.3085
Italy,2025,Male,3.1097,0.0155,0.59,0.4242,0.1265,6.8513
Italy,2025,Female,4.1485,0.1352,0.6755,0.4911,0.1309,7.0886
Jamaica,2025,Both sexes,6.8346,0.7112,4.8169,1.0299,0.8755,26.8784
Jamaica,2025,Male,6.5073,0.351,1.4675,0.6585,0.3149,23.763
Jamaica,2025,Female,14.1763,0.1703,3.1371,1.2051,0.9088,36.1672
Japan,2025,Both sexes,7.9862,0.1155,2.927,0.4042,0.1934,13.3837
Japan,2025,Male,6.2436,0.0212,1.5048,0.341,0.0831,11.5158
Japan,2025,Female,3.6403,0.0908,2.8338,0.0657,0.1585,11.6804
Jordan,2025,Both sexes,12.2273,0.9676,5.6536,1.5958,0.5684,26.7455
Jordan,2025,Male,7.0427,0.5907,4.8268,1.8226,0.8107,21.7871
Jordan,2025,Female,6.9527,0.6397,2.6609,0.3156,0.2802,20.5811
Kazakhstan,2025,Both sexes,6.1322,0.8584,2.2925,0.784,0.9639,16.9917
Kazakhstan,2025,Male,8.7909,0.1086,2.4192,0.5028,0.1925,23.7995
Kazakhstan,2025,Female,5.7749,0.6339,1.9467,0.9141,0.8758,20.3477
Kenya,2025,Both sexes,15.2137,13.8197,7.4814,2.5953,3.8768,73.8622
Kenya,2025,Male,9.244,2.2527,8.8678,2.9478,4.0569,52.6796
Kenya,2025,Female,23.5766,6.4371,8.3677,3.0028,4.9172,82.7325
Kuwait,2025,Both sexes,6.9865,0.1376,1.1359,0.3976,0.0678,10.8804
Kuwait,2025,Male,3.2525,0.1422,0.5483,0.4844,0.0469,8.2403
Kuwait,2025,Female,6.9166,0.0486,1.3768,0.1475,0.1254,10.5345
Kyrgyzstan,2025,Both sexes,8.481,0.6917,1.0782,0.4094,0.1897,29.6596
Kyrgyzstan,2025,Male,9.1899,0.8333,5.4409,0.7162,0.6169,34.9096
Kyrgyzstan,2025,Female,12.6836,0.3599,3.045,1.1908,0.2214,33.1301
Lao People's Democratic Republic,2025,Both sexes,5.2598,0.2375,4.1343,0.4252,0.2707,24.6826
Lao People's Democratic Republic,2025,Male,8.3785,0.1701,1.9585,1.8492,0.1174,21.4095
Lao People's Democratic Republic,2025,Female,11.5343,0.446,4.3632,1.3008,0.3011,31.8202
Latvia,2025,Both sexes,7.0833,0.0789,2.5563,0.2327,0.1972,12.1465
Latvia,2025,Male,6.6229,0.1452,1.7858,0.2632,0.156,11.0699
Latvia,2025,Female,7.2817,0.145,1.3114,0.4094,0.0579,12.7309
Lebanon,2025,Both sexes,10.4557,0.2619,2.737,1.8833,0.2315,34.0431
Lebanon,2025,Male,11.324,0.6337,1.6037,0.8542,0.6067,26.3715
Lebanon,2025,Female,6.8718,0.8206,5.8608,0.6651,0.2682,32.7782
Lesotho,2025,Both sexes,15.7339,11.4687,5.5344,1.0795,2.9355,61.2102
Lesotho,2025,Male,24.2622,6.4779,6.7812,4.8756,3.6257,82.0767
Lesotho,2025,Female,20.2259,8.8778,11.7715,3.7555,4.5276,88.4257
Liberia,2025,Both sexes,19.8894,11.2916,5.6137,2.2139,4.0234,90.2445
Liberia,2025,Male,13.044,8.8788,5.2442,4.2679,0.9973,66.0595
Liberia,2025,Female,22.1006,9.4382,4.6822,3.1681,1.7712,81.7052
Libya,2025,Both sexes,8.2347,0.4164,1.3166,1.9761,0.1284,21.32
Libya,2025,Male,11.625,0.4341,4.2301,0.9056,0.7064,32.3768
Libya,2025,Female,12.2924,0.7215,1.5698,1.4167,0.352,29.3299
Lithuania,2025,Both sexes,2.1728,0.0681,1.5839,0.2602,0.1469,8.9612
Lithuania,2025,Male,3.8531,0.0541,0.6514,0.3591,0.1222,7.8269
Lithuania,2025,Female,4.0966,0.1087,1.8434,0.2612,0.112,9.0466
Luxembourg,2025,Both sexes,5.8181,0.1024,1.2224,0.1133,0.0482,10.5691
Luxembourg,2025,Male,5.8363,0.1322,1.5237,0.1263,0.1562,11.9296
Luxembourg,2025,Female,6.9949,0.1333,2.0171,0.4373,0.0228,13.2161
Madagascar,2025,Both sexes,6.0724,0.1833,4.563,0.4183,0.5467,18.3414
Madagascar,2025,Male,9.7271,0.3796,5.352,0.5897,0.4172,30.7383
Madagascar,2025,Female,12.7417,0.1274,4.3648,1.6879,0.939,32.2987
Malawi,2025,Both sexes,22.897,5.4714,8.2773,1.3092,1.6604,92.8345
Malawi,2025,Male,9.6018,5.4126,10.8767,2.3887,3.0285,52.063
Malawi,2025,Female,15.3675,7.4248,11.7261,2.1846,3.323,84.6079
Malaysia,2025,Both sexes,9.2006,0.155,3.4467,1.6827,0.1889,33.2764
Malaysia,2025,Male,5.6959,0.2383,4.822,1.5308,0.6085,31.6815
Malaysia,2025,Female,9.6823,0.8995,4.8335,1.6803,0.8319,31.1737
Maldives,2025,Both sexes,11.4272,0.5122,5.3234,1.8742,0.1214,28.3822
Maldives,2025,Male,5.5155,0.9629,2.3858,1.7847,0.4499,18.1003
Maldives,2025,Female,6.191,0.1724,1.7825,0.7248,0.5397,28.939
Mali,2025,Both sexes,19.9255,14.8096,6.9736,3.0727,2.8482,65.217
Mali,2025,Male,17.1704,8.2484,3.079,1.0069,0.9395,55.7627
Mali,2025,Female,9.7265,10.8686,4.8442,4.5789,4.6787,53.1461
Malta,2025,Both sexes,7.8554,0.1415,1.1797,0.2794,0.0516,14.196
Malta,2025,Male,6.8373,0.1344,2.6282,0.245,0.1566,12.4116
Malta,2025,Female,2.5855,0.0156,2.3831,0.2414,0.1992,8.9506
Mauritania,2025,Both sexes,5.9725,0.8701,3.3999,1.7062,0.8354,21.6805
Mauritania,2025,Male,14.1599,0.3681,5.749,0.5578,0.1738,28.5341
Mauritania,2025,Female,9.3162,0.8455,3.3671,1.7098,0.7567,28.2526
Mauritius,2025,Both sexes,7.0943,0.954,1.3039,1.8271,0.374,20.9994
Mauritius,2025,Male,10.0015,0.4801,1.8592,0.9088,0.2736,26.106
Mauritius,2025,Female,7.0389,0.2684,3.4451,1.6565,0.6121,29.5301
Mexico,2025,Both sexes,13.9321,0.6729,4.4467,1.4349,0.5045,38.9611
Mexico,2025,Male,11.8934,0.1627,5.2993,1.6223,0.3207,25.5372
Mexico,2025,Female,12.6803,0.1114,2.0862,0.4107,0.8022,22.7586
Mongolia,2025,Both sexes,12.5587,0.8323,1.0224,1.1521,0.7344,22.9744
Mongolia,2025,Male,6.554,0.6848,1.4206,0.6083,0.5282,24.07
Mongolia,2025,Female,11.5357,0.2313,1.9261,0.6476,0.3148,22.6446
Montenegro,2025,Both sexes,7.2655,0.4556,4.2689,1.0447,0.7984,30.9641
Montenegro,2025,Male,12.1927,0.2139,1.2442,1.7925,0.1718,33.759
Montenegro,2025,Female,6.4834,0.1199,4.1417,1.29,0.9882,19.1463
Morocco,2025,Both sexes,13.8693,0.4698,2.8579,0.8046,0.2372,30.197
Morocco,2025,Male,6.3808,0.2191,1.5706,0.7089,0.376,25.0019
Morocco,2025,Female,14.6158,0.6206,5.938,0.9332,0.5119,32.5808
Mozambique,2025,Both sexes,13.5178,3.5604,4.2885,4.7803,4.9406,56.0679
Mozambique,2025,Male,8.7635,3.1048,6.8117,1.7453,2.1375,70.3308
Mozambique,2025,Female,10.1946,7.3912,5.4453,2.4076,0.9244,60.7737
Myanmar,2025,Both sexes,15.2782,14.7656,5.9595,4.5057,4.2944,81.9697
Myanmar,2025,Male,24.185,12.0615,8.9364,4.4263,0.8404,108.4904
Myanmar,2025,Female,15.8681,14.8496,9.9264,4.8483,4.0084,84.191
Namibia,2025,Both sexes,13.7488,0.7359,4.8025,1.1894,0.9318,38.2301
Namibia,2025,Male,13.2504,0.8595,4.365,0.8178,0.1321,31.0301
Namibia,2025,Female,14.3566,0.6275,2.4907,0.5535,0.8466,31.4625
Nepal,2025,Both sexes,22.2208,12.4031,8.8057,2.4641,1.8683,75.3927
Nepal,2025,Male,8.1454,12.6705,3.7869,3.523,2.7683,82.6066
Nepal,2025,Female,16.9537,13.974,3.2845,4.0936,0.7342,97.2243
Netherlands,2025,Both sexes,2.2289,0.0702,0.6577,0.4051,0.1153,6.7941
Netherlands,2025,Male,2.1742,0.0157,2.0317,0.4128,0.0988,6.976
Netherlands,2025,Female,5.3275,0.122,2.0263,0.1511,0.1303,11.335
New Zealand,2025,Both sexes,5.7697,0.1128,2.0522,0.4862,0.0555,10.1791
New Zealand,2025,Male,7.7065,0.0854,2.1799,0.0948,0.0885,12.4326
New Zealand,2025,Female,6.6163,0.109,0.6003,0.296,0.0359,10.2347
Nicaragua,2025,Both sexes,14.9586,0.9076,1.1054,1.7597,0.9275,30.2583
Nicaragua,2025,Male,8.5355,0.7476,3.2105,1.4139,0.4063,33.4503
Nicaragua,2025,Female,8.2256,0.482,1.7278,1.7129,0.4138,30.4311
Niger,2025,Both sexes,14.8025,13.5168,7.4696,3.177,4.8042,77.1327
Niger,2025,Male,23.0743,3.3725,7.2589,4.8852,2.1756,98.5191
Niger,2025,Female,14.3167,3.7304,4.0289,3.9612,3.9651,64.2479
Nigeria,2025,Both sexes,24.4732,11.8279,5.1902,1.1605,4.9345,85.9963
Nigeria,2025,Male,13.7877,5.3676,11.1536,3.3404,1.4669,67.547
Nigeria,2025,Female,23.1146,14.9071,3.7801,4.449,2.2573,105.4434
Norway,2025,Both sexes,5.1444,0.1381,2.9334,0.168,0.0583,12.8088
Norway,2025,Male,2.4831,0.0887,0.534,0.2354,0.0332,4.558
Norway,2025,Female,4.4314,0.0156,2.588,0.1444,0.0791,9.9252
Oman,2025,Both sexes,7.2203,0.1145,1.0476,0.0824,0.1488,13.4578
Oman,2025,Male,4.3442,0.1173,1.6132,0.2057,0.1012,10.9504
Oman,2025,Female,6.4914,0.1363,0.6244,0.2859,0.0259,9.8829
Pakistan,2025,Both sexes,15.963,13.394,6.2543,4.7298,3.3377,77.4014
Pakistan,2025,Male,23.8806,11.6003,3.9309,1.9246,2.2738,84.387
Pakistan,2025,Female,10.8918,7.9288,7.2423,4.825,2.4518,81.3921
Panama,2025,Both sexes,12.8563,0.9477,5.3849,0.6547,0.5464,30.6041
Panama,2025,Male,8.4774,0.4599,2.804,1.7048,0.5069,33.7192
Panama,2025,Female,10.2369,0.9842,1.2999,1.1295,0.7967,29.3226
Papua New Guinea,2025,Both sexes,10.5698,9.5614,5.1552,4.4696,1.9719,55.0103
Papua New Guinea,2025,Male,13.5941,9.3747,4.6521,2.1396,2.3748,71.2967
Papua New Guinea,2025,Female,14.0118,8.3483,8.3968,3.2667,3.4438,62.2773
Paraguay,2025,Both sexes,8.0775,0.2138,4.804,1.7463,0.3313,24.9105
Paraguay,2025,Male,9.0709,0.5487,3.6666,1.4211,0.1374,33.8344
Paraguay,2025,Female,12.2148,0.1558,3.3414,1.707,0.5061,24.3895
Peru,2025,Both sexes,6.4909,0.9865,5.4464,1.6112,0.4704,23.9455
Peru,2025,Male,6.8385,0.9473,3.6618,1.749,0.4079,23.0177
Peru,2025,Female,8.3529,0.987,3.6092,0.5392,0.2977,29.2091
Philippines,2025,Both sexes,9.8194,0.1382,3.3127,1.0122,0.8014,34.8344
Philippines,2025,Male,8.5494,0.9843,1.9038,1.3047,0.1807,20.6274
Philippines,2025,Female,12.3386,0.9953,5.0957,1.2447,0.5363,28.9964
Poland,2025,Both sexes,7.0102,0.141,2.973,0.2284,0.1984,15.074
Poland,2025,Male,2.9356,0.0455,0.7225,0.1723,0.1582,8.9453
Poland,2025,Female,7.1175,0.119,2.0777,0.2813,0.1476,14.3134
Portugal,2025,Both sexes,4.345,0.1278,2.193,0.364,0.1165,11.5363
Portugal,2025,Male,7.3114,0.0453,1.4529,0.3999,0.1087,14.2208
Portugal,2025,Female,7.3353,0.0585,1.4233,0.4499,0.1036,11.9505
Qatar,2025,Both sexes,5.0967,0.0566,1.1917,0.3452,0.0416,10.4389
Qatar,2025,Male,7.2756,0.1191,0.9769,0.3623,0.1285,13.7097
Qatar,2025,Female,3.1072,0.0482,1.5225,0.3647,0.135,8.0662
Republic of Korea,2025,Both sexes,5.1934,0.1176,2.3948,0.328,0.1617,9.464
Republic of Korea,2025,Male,4.0056,0.1334,2.0373,0.4201,0.1183,10.4022
Republic of Korea,2025,Female,3.3106,0.0859,1.4278,0.3639,0.1056,7.2926
Republic of Moldova,2025,Both sexes,13.3611,0.7103,4.4227,0.6692,0.9858,35.7163
Republic of Moldova,2025,Male,13.4168,0.8101,2.6511,1.2106,0.2234,25.6322
Republic of Moldova,2025,Female,10.3848,0.2313,3.7652,1.4028,0.4512,21.6207
The former Yugoslav Republic of Macedonia,2025,Both sexes,9.9854,0.8881,1.5428,1.6459,0.2537,29.6936
The former Yugoslav Republic of Macedonia,2025,Male,5.3671,0.267,4.8252,0.9887,0.8853,27.3117
The former Yugoslav Republic of Macedonia,2025,Female,10.2471,0.12,4.5836,0.4874,0.8104,25.3611
Romania,2025,Both sexes,6.681,0.4109,4.8064,1.9222,0.4343,29.0455
Romania,2025,Male,13.294,0.2717,5.0359,1.4177,0.2735,27.9602
Romania,2025,Female,8.025,0.2186,2.9148,0.6462,0.6796,20.2632
Russian Federation,2025,Both sexes,14.9451,0.1108,3.7046,1.2752,0.9228,30.0725
Russian Federation,2025,Male,10.0601,0.5893,3.3583,0.7571,0.1504,33.7879
Russian Federation,2025,Female,9.0866,0.1473,3.7525,0.8224,0.5802,32.1843
Rwanda,2025,Both sexes,10.283,14.0568,11.0507,1.76,2.0455,62.7583
Rwanda,2025,Male,18.4294,2.3396,6.1911,2.0044,4.6198,84.7964
Rwanda,2025,Female,22.4927,9.1177,7.6831,4.7229,4.6959,93.4322
Saudi Arabia,2025,Both sexes,7.816,0.0276,0.9014,0.3545,0.1175,11.6788
Saudi Arabia,2025,Male,2.1108,0.0187,2.7202,0.441,0.0843,6.7962
Saudi Arabia,2025,Female,7.3463,0.0931,2.5148,0.2423,0.0404,11.9163
Senegal,2025,Both sexes,9.3373,0.5116,3.7547,0.4795,0.9923,34.9098
Senegal,2025,Male,7.4414,0.2787,3.634,1.2133,0.4958,29.5314
Senegal,2025,Female,12.7189,0.565,4.0485,1.5304,0.1225,32.7013
Serbia,2025,Both sexes,10.7064,0.8958,1.0869,0.9888,0.9336,32.4394
Serbia,2025,Male,8.5315,0.5129,5.9077,0.6389,0.1587,22.38
Serbia,2025,Female,13.5942,0.8816,3.3604,1.1742,0.8522,28.7883
Sierra Leone,2025,Both sexes,20.5555,4.7121,3.152,2.9188,4.3651,89.8802
Sierra Leone,2025,Male,23.2292,14.3872,10.9161,3.3202,2.5007,100.8508
Sierra Leone,2025,Female,21.1724,11.3575,7.8433,1.3493,4.6674,76.3988
Singapore,2025,Both sexes,4.7336,0.0609,2.0739,0.3532,0.0579,12.0275
Singapore,2025,Male,7.0216,0.0506,0.9667,0.2329,0.1515,10.4413
Singapore,2025,Female,7.7927,0.1233,2.8509,0.1133,0.0328,15.8621
Slovakia,2025,Both sexes,5.3462,0.0506,2.5701,0.3524,0.1947,11.4762
Slovakia,2025,Male,3.5288,0.078,1.7531,0.1576,0.1262,8.5442
Slovakia,2025,Female,4.6597,0.0725,1.4068,0.0576,0.114,10.5499
Slovenia,2025,Both sexes,4.0115,0.0102,1.2699,0.1754,0.0908,7.1696
Slovenia,2025,Male,2.7911,0.0811,2.2311,0.3336,0.1647,7.418
Slovenia,2025,Female,4.712,0.0827,2.526,0.2425,0.1463,11.7995
Somalia,2025,Both sexes,9.346,0.476,4.801,0.5972,0.4047,30.4767
Somalia,2025,Male,7.2417,0.4232,2.1519,1.285,0.8184,24.83
Somalia,2025,Female,12.8661,0.4281,5.9438,1.3096,0.4595,27.738
South Africa,2025,Both sexes,22.2042,11.2182,9.7435,1.7846,2.6075,73.8771
South Africa,2025,Male,22.6511,8.0565,9.1511,3.3517,4.2906,76.6295
South Africa,2025,Female,12.8375,9.0567,4.1091,3.7608,3.7939,88.9375
South Sudan,2025,Both sexes,5.4284,0.7082,3.0735,0.511,0.4779,25.001
South Sudan,2025,Male,6.9423,0.474,2.9217,1.5553,0.7968,26.615
South Sudan,2025,Female,11.0703,0.1204,5.6551,1.4666,0.1308,33.9365
Spain,2025,Both sexes,6.913,0.038,1.9481,0.26,0.0956,13.2825
Spain,2025,Male,7.3383,0.0712,0.6884,0.476,0.1857,13.0889
Spain,2025,Female,6.1066,0.0755,0.7321,0.4058,0.0336,9.3554
Sri Lanka,2025,Both sexes,5.686,0.5836,1.8006,0.3131,0.4808,14.924
Sri Lanka,2025,Male,6.3722,0.2445,1.3846,0.6487,0.7439,27.8947
Sri Lanka,2025,Female,13.0893,0.5073,3.5328,0.3555,0.1624,27.7781
Sudan,2025,Both sexes,7.5757,0.5895,4.6978,1.3285,0.4529,30.3973
Sudan,2025,Male,6.1832,0.8027,2.8189,1.5513,0.5617,21.3904
Sudan,2025,Female,12.3866,0.9166,5.6051,1.2097,0.5604,27.1196
Sudan (until 2011),2025,Both sexes,7.6568,0.9422,3.2896,0.5169,0.4894,28.1041
Sudan (until 2011),2025,Male,6.2705,0.5523,3.8064,0.8742,0.1645,21.8751
Sudan (until 2011),2025,Female,14.435,0.796,5.1944,0.9237,0.7847,27.6249
Suriname,2025,Both sexes,9.8537,0.281,1.6221,0.8866,0.2238,22.5843
Suriname,2025,Male,14.9827,0.1443,3.2057,1.0686,0.3706,33.5043
Suriname,2025,Female,10.7135,0.235,4.9196,0.8652,0.6322,33.8857
Sweden,2025,Both sexes,6.2938,0.1345,2.5895,0.3237,0.0899,10.7107
Sweden,2025,Male,5.0192,0.1176,2.6939,0.0967,0.0893,12.1639
Sweden,2025,Female,6.6567,0.0704,1.3306,0.2351,0.1285,9.9134
Switzerland,2025,Both sexes,7.9988,0.079,1.0212,0.1233,0.0276,14.0916
Switzerland,2025,Male,5.3529,0.0862,1.0131,0.3629,0.1534,9.3427
Switzerland,2025,Female,3.5546,0.0582,2.9762,0.2184,0.1569,11.7133
Syrian Arab Republic,2025,Both sexes,9.5273,0.814,4.8451,1.4352,0.8693,32.0149
Syrian Arab Republic,2025,Male,14.3922,0.622,2.1873,0.9777,0.7825,25.9293
Syrian Arab Republic,2025,Female,11.5088,0.26,1.2562,1.461,0.326,27.1625
Tajikistan,2025,Both sexes,9.9967,0.7721,3.8133,0.4416,0.267,26.0098
Tajikistan,2025,Male,7.1933,0.3321,3.827,1.1567,0.2828,22.9726
Tajikistan,2025,Female,5.6755,0.2543,5.9219,1.0965,0.8806,24.2473
Thailand,2025,Both sexes,22.4288,8.1613,9.3602,1.771,3.5978,69.1891
Thailand,2025,Male,12.6305,12.6489,3.7535,4.0926,0.9497,51.8685
Thailand,2025,Female,22.9802,5.2589,8.8895,2.95,2.1484,71.8786
Timor-Leste,2025,Both sexes,11.4544,0.9528,1.2063,1.862,0.6482,30.4525
Timor-Leste,2025,Male,13.0731,0.4455,3.3592,1.777,0.4734,26.2751
Timor-Leste,2025,Female,10.3466,0.1182,1.793,1.3909,0.7453,26.9131
Togo,2025,Both sexes,17.9042,3.0063,7.0086,2.4204,2.7305,89.6322
Togo,2025,Male,22.7956,11.8621,3.7559,4.5612,2.623,63.1107
Togo,2025,Female,20.6457,2.9605,9.0365,1.9453,2.4727,75.925
Trinidad and Tobago,2025,Both sexes,5.1686,0.2364,1.4604,0.7076,0.19,22.4377
Trinidad and Tobago,2025,Male,11.9191,0.1261,4.0887,0.5392,0.9506,27.8243
Trinidad and Tobago,2025,Female,14.3309,0.303,4.0721,0.3476,0.9386,33.9002
Tunisia,2025,Both sexes,10.2299,0.1389,2.7125,0.4306,0.4536,24.447
Tunisia,2025,Male,11.6993,0.5229,2.9186,0.5026,0.3204,35.2661
Tunisia,2025,Female,6.0014,0.8267,1.6762,1.3121,0.4085,16.7191
Turkey,2025,Both sexes,7.2598,0.6755,3.285,0.9802,0.6336,18.6359
Turkey,2025,Male,9.9127,0.3731,3.7953,1.4381,0.124,30.7562
Turkey,2025,Female,9.6587,0.1519,1.932,1.2529,0.8796,22.4861
Turkmenistan,2025,Both sexes,13.8281,0.1629,3.0955,1.2911,0.2324,32.4032
Turkmenistan,2025,Male,12.6543,0.7698,5.5167,0.3144,0.295,30.8419
Turkmenistan,2025,Female,13.2719,0.7035,5.4719,0.3972,0.6373,33.9787
Uganda,2025,Both sexes,17.6738,1.4994,7.6217,3.4381,1.3608,88.7626
Uganda,2025,Male,12.6466,9.9649,7.2147,4.4321,2.0407,89.3795
Uganda,2025,Female,12.5332,14.7881,11.2002,1.116,3.9683,64.67
Ukraine,2025,Both sexes,6.1033,0.1247,2.3685,0.7579,0.8374,16.602
Ukraine,2025,Male,12.1067,0.9834,4.5576,1.011,0.729,25.7939
Ukraine,2025,Female,14.9946,0.7391,4.8084,1.8952,0.2023,40.7383
United Arab Emirates,2025,Both sexes,6.2287,0.1291,2.8859,0.1449,0.1107,10.7376
United Arab Emirates,2025,Male,6.0833,0.0446,2.0012,0.1659,0.08,12.5252
United Arab Emirates,2025,Female,4.6491,0.0841,1.6234,0.2719,0.0737,8.1052
United Kingdom of Great Britain and Northern Ireland,2025,Both sexes,6.5897,0.1426,1.9799,1.2893,0.8075,30.4187
United Kingdom of Great Britain and Northern Ireland,2025,Male,6.6925,0.1977,4.7465,0.8188,0.9563,27.6153
United Kingdom of Great Britain and Northern Ireland,2025,Female,12.1432,0.3941,2.4477,1.1903,0.1712,26.6326
United Republic of Tanzania,2025,Both sexes,6.1768,0.2583,4.8736,1.1736,0.1095,26.0989
United Republic of Tanzania,2025,Male,11.7352,0.4813,3.5543,0.664,0.5966,33.3562
United Republic of Tanzania,2025,Female,14.7915,0.1661,2.4196,0.7131,0.3237,34.3401
United States of America,2025,Both sexes,4.2722,0.1245,2.7821,0.141,0.1177,9.7211
United States of America,2025,Male,5.8214,0.0831,1.5852,0.1364,0.1079,12.1815
United States of America,2025,Female,4.4073,0.1214,2.409,0.1103,0.0359,10.6343
Uruguay,2025,Both sexes,14.0815,0.582,5.289,0.3989,0.5739,40.1543
Uruguay,2025,Male,10.3943,0.8746,1.488,0.7088,0.4659,22.5911
Uruguay,2025,Female,13.6584,0.945,5.9636,1.9306,0.1053,38.5395
Uzbekistan,2025,Both sexes,5.4771,0.2328,2.7443,1.7109,0.9034,18.8972
Uzbekistan,2025,Male,6.8683,0.6577,5.5868,1.0883,0.1932,23.2389
Uzbekistan,2025,Female,9.5781,0.4382,3.8883,1.0457,0.1156,34.2073
Venezuela (Bolivarian Republic of),2025,Both sexes,14.94,0.5892,3.3682,1.9228,0.2403,36.4855
Venezuela (Bolivarian Republic of),2025,Male,6.8924,0.8272,2.3042,1.6587,0.3444,20.4352
Venezuela (Bolivarian Republic of),2025,Female,5.3319,0.5653,1.9834,1.5883,0.6771,15.4055
Viet Nam,2025,Both sexes,23.7012,11.9618,4.627,4.2006,3.3878,74.9473
Viet Nam,2025,Male,19.3722,12.6517,8.1644,2.864,3.3649,77.2532
Viet Nam,2025,Female,13.0653,3.5564,8.5493,1.9354,0.8596,86.1625
Yemen,2025,Both sexes,5.0055,0.6475,2.8107,1.5789,0.4377,27.1894
Yemen,2025,Male,9.86,0.4664,4.2529,0.9054,0.9674,29.8052
Yemen,2025,Female,14.3615,0.8632,5.6015,1.0635,0.5828,28.3098
Zambia,2025,Both sexes,20.6156,10.746,11.0161,3.8653,4.9905,91.0957
Zambia,2025,Male,13.9246,12.662,9.2787,3.7655,1.9663,75.8723
Zambia,2025,Female,21.3552,13.6053,4.9669,3.502,2.2646,79.3129
Zimbabwe,2025,Both sexes,24.8223,7.7037,5.0549,2.5274,3.4423,71.5369
Zimbabwe,2025,Male,9.2935,9.4504,11.381,4.4015,0.8045,60.9346
Zimbabwe,2025,Female,24.8876,10.7822,4.4605,1.0497,1.2708,96.2847
