location,period,sex,total_prob,prob_cancer,prob_card,prob_resp,prob_diab
Afghanistan,2000,Both sexes,34.4,14.2839,13.928,4.9026,1.2855
Afghanistan,2000,Female,32.1,12.8952,14.2995,4.2521,0.6532
Afghanistan,2000,Male,36.6,15.4455,14.8633,5.2003,1.0909
Afghanistan,2005,Both sexes,34.1,14.5168,14.6501,4.5288,0.4043
Afghanistan,2005,Female,31.6,14.1392,14.1657,2.844,0.4511
Afghanistan,2005,Male,36.5,15.7088,14.9112,5.42,0.46
Afghanistan,2010,Both sexes,31.7,13.3646,13.1416,4.1009,1.0929
Afghanistan,2010,Female,29.4,12.4304,12.9142,3.5266,0.5288
Afghanistan,2010,Male,34.1,13.8778,14.1381,5.2433,0.8408
Afghanistan,2015,Both sexes,29.8,12.975,11.9507,3.4202,1.4541
Afghanistan,2015,Female,27.8,11.3749,11.5429,4.0206,0.8616
Afghanistan,2015,Male,31.9,14.0877,13.0987,4.1626,0.551
Afghanistan,2020,Both sexes,29.8,12.4781,13.3366,2.8148,1.1705
Afghanistan,2020,Female,27.7,11.1604,12.2797,3.3169,0.943
Afghanistan,2020,Male,31.8,13.6719,12.9681,4.6436,0.5164
Afghanistan,2025,Both sexes,30.4348,12.7396,13.6211,2.8833,1.1908
Afghanistan,2025,Female,28.2908,11.4489,12.5243,3.3641,0.9535
Afghanistan,2025,Male,32.478,14.0008,13.2201,4.7259,0.5312
Albania,2000,Both sexes,19.4,8.3646,8.081,2.7111,0.2433
Albania,2000,Female,14.9,6.435,6.621,1.4136,0.4304
Albania,2000,Male,23.1,9.5992,9.6156,2.9801,0.9051
Albania,2005,Both sexes,18.8,7.5252,8.2865,2.2687,0.7196
Albania,2005,Female,15.0,6.2688,6.0869,1.9764,0.6679
Albania,2005,Male,22.1,9.6456,9.6923,2.4757,0.2864
Albania,2010,Both sexes,18.6,7.7718,7.7013,2.5372,0.5897
Albania,2010,Female,14.6,6.5604,6.4037,1.3738,0.2621
Albania,2010,Male,22.3,9.0771,9.8144,3.1189,0.2896
Albania,2015,Both sexes,17.4,7.4802,7.762,1.9222,0.2356
Albania,2015,Female,13.7,5.7462,5.6659,1.6967,0.5912
Albania,2015,Male,20.9,8.5648,8.4073,3.447,0.4809
Albania,2020,Both sexes,17.0,7.3631,7.065,2.0483,0.5236
Albania,2020,Female,13.1,5.7477,5.8554,1.179,0.3179
Albania,2020,Male,20.7,8.8458,8.4713,2.373,1.0099
Albania,2025,Both sexes,17.3991,7.5294,7.2391,2.0947,0.5359
Albania,2025,Female,13.4033,5.8868,5.9922,1.1981,0.3262
Albania,2025,Male,21.0133,8.9613,8.5709,2.4431,1.038
Algeria,2000,Both sexes,21.1,9.303,9.3481,2.2321,0.2168
Algeria,2000,Female,19.1,7.7545,7.9624,2.4717,0.9114
Algeria,2000,Male,23.1,9.8299,9.7221,3.1117,0.4363
Algeria,2005,Both sexes,17.6,7.2042,7.8255,2.0147,0.5556
Algeria,2005,Female,16.2,6.5691,6.6646,2.5275,0.4388
Algeria,2005,Male,18.9,8.323,8.4068,1.7408,0.4294
Algeria,2010,Both sexes,15.4,6.3362,6.2193,2.5121,0.3324
Algeria,2010,Female,14.4,6.2161,6.3875,1.296,0.5004
Algeria,2010,Male,16.4,6.6922,7.3224,1.6913,0.6941
Algeria,2015,Both sexes,14.4,5.8377,5.7826,2.2691,0.5106
Algeria,2015,Female,13.3,5.4858,5.5929,1.6864,0.5349
Algeria,2015,Male,15.4,6.4021,6.5516,1.7333,0.713
Algeria,2020,Both sexes,14.2,5.7649,6.1864,1.6746,0.5741
Algeria,2020,Female,13.2,5.625,5.5622,1.8674,0.1454
Algeria,2020,Male,15.2,6.5066,6.6659,1.5753,0.4522
Algeria,2025,Both sexes,14.5485,5.9006,6.3591,1.7068,0.582
Algeria,2025,Female,13.4163,5.7276,5.6335,1.9063,0.1489
Algeria,2025,Male,15.3868,6.5748,6.7403,1.6123,0.4594
Angola,2000,Both sexes,24.0,9.6199,10.2145,3.7081,0.4575
Angola,2000,Female,23.8,9.9802,10.6347,2.8162,0.3689
Angola,2000,Male,24.2,10.4607,9.891,2.9375,0.9108
Angola,2005,Both sexes,21.3,9.1947,9.0906,2.7248,0.2899
Angola,2005,Female,21.2,8.5232,9.1063,2.7839,0.7866
Angola,2005,Male,21.5,9.498,8.9448,2.6818,0.3754
Angola,2010,Both sexes,18.1,7.683,8.132,1.9288,0.3562
Angola,2010,Female,17.8,7.7681,7.4473,1.9564,0.6282
Angola,2010,Male,18.6,8.0651,8.1483,2.0238,0.3628
Angola,2015,Both sexes,16.9,7.0007,6.7912,2.5271,0.581
Angola,2015,Female,16.3,7.2602,6.7152,2.067,0.2576
Angola,2015,Male,17.6,7.4824,7.0853,2.6602,0.3721
Angola,2020,Both sexes,16.5,6.8666,7.028,1.9764,0.629
Angola,2020,Female,16.0,6.6014,6.7978,2.2482,0.3526
Angola,2020,Male,17.2,7.1927,7.7157,1.548,0.7436
Angola,2025,Both sexes,16.8459,6.981,7.199,2.0295,0.6364
Angola,2025,Female,16.251,6.6959,6.9206,2.2733,0.3612
Angola,2025,Male,17.5714,7.3609,7.8603,1.5871,0.7631
Antigua and Barbuda,2000,Both sexes,23.4,9.7407,10.2334,2.5838,0.8421
Antigua and Barbuda,2000,Female,20.8,8.4174,8.7024,3.2515,0.4287
Antigua and Barbuda,2000,Male,26.8,11.858,11.6012,2.4636,0.8772
Antigua and Barbuda,2005,Both sexes,21.6,9.3566,8.6455,3.243,0.3549
Antigua and Barbuda,2005,Female,21.3,8.7588,9.2785,2.8475,0.4152
Antigua and Barbuda,2005,Male,21.8,9.3181,9.4742,2.2212,0.7865
Antigua and Barbuda,2010,Both sexes,21.6,9.5981,9.4823,1.944,0.5756
Antigua and Barbuda,2010,Female,19.3,8.3052,7.7289,2.9946,0.2713
Antigua and Barbuda,2010,Male,24.2,9.7818,9.8756,3.4308,1.1118
Antigua and Barbuda,2015,Both sexes,22.6,9.3133,9.1452,3.1044,1.0371
Antigua and Barbuda,2015,Female,19.7,8.224,8.5951,1.977,0.9039
Antigua and Barbuda,2015,Male,25.5,11.348,11.0072,2.544,0.6008
Antigua and Barbuda,2020,Both sexes,22.6,9.4254,9.1682,2.9444,1.062
Antigua and Barbuda,2020,Female,20.0,8.8172,8.5552,2.0039,0.6237
Antigua and Barbuda,2020,Male,25.2,11.1854,10.405,2.6923,0.9173
Antigua and Barbuda,2025,Both sexes,23.0367,9.631,9.285,3.0326,1.0881
Antigua and Barbuda,2025,Female,20.406,9.0461,8.6624,2.0586,0.6389
Antigua and Barbuda,2025,Male,25.804,11.5015,10.6145,2.7597,0.9283
Argentina,2000,Both sexes,20.6,9.2598,8.3843,2.3229,0.633
Argentina,2000,Female,14.7,6.3963,6.1442,1.8398,0.3197
Argentina,2000,Male,26.9,11.9401,11.7563,2.421,0.7826
Argentina,2005,Both sexes,18.9,8.3643,7.8595,2.359,0.3172
Argentina,2005,Female,13.6,5.8276,5.5061,1.7957,0.4706
Argentina,2005,Male,24.6,10.5249,10.9915,2.214,0.8696
Argentina,2010,Both sexes,17.8,7.4494,7.1338,2.3778,0.839
Argentina,2010,Female,13.2,5.843,5.4743,1.5473,0.3354
Argentina,2010,Male,22.8,9.6081,10.222,2.052,0.9179
Argentina,2015,Both sexes,16.1,6.5972,7.0216,2.1394,0.3418
Argentina,2015,Female,12.4,5.5431,5.5514,1.116,0.1895
Argentina,2015,Male,20.2,8.1046,8.7319,3.0184,0.3451
Argentina,2020,Both sexes,15.8,6.5128,7.0887,1.7921,0.4064
Argentina,2020,Female,12.2,5.1866,5.2319,1.4191,0.3624
Argentina,2020,Male,19.7,8.7587,8.5017,1.773,0.6666
Argentina,2025,Both sexes,16.1746,6.698,7.2272,1.8334,0.416
Argentina,2025,Female,12.3536,5.2396,5.3112,1.4365,0.3663
Argentina,2025,Male,20.2397,9.0177,8.7166,1.8211,0.6843
Armenia,2000,Both sexes,27.8,11.8377,11.5689,3.2312,1.1622
Armenia,2000,Female,21.0,8.4266,9.4108,2.2504,0.9122
Armenia,2000,Male,35.4,14.6394,14.937,5.3586,0.465
Armenia,2005,Both sexes,26.5,10.886,11.4253,3.8332,0.3555
Armenia,2005,Female,19.2,8.2919,8.377,1.728,0.8031
Armenia,2005,Male,34.9,14.0502,14.8872,4.8589,1.1037
Armenia,2010,Both sexes,25.9,10.7311,11.1251,3.7532,0.2906
Armenia,2010,Female,17.9,7.2737,7.6274,2.2686,0.7303
Armenia,2010,Male,35.1,14.1055,15.4837,4.6541,0.8567
Armenia,2015,Both sexes,23.0,10.1152,10.2235,2.1204,0.5409
Armenia,2015,Female,15.7,6.3082,6.6455,2.2485,0.4978
Armenia,2015,Male,31.6,13.2334,12.7885,4.5311,1.047
Armenia,2020,Both sexes,22.3,9.8224,9.8233,2.007,0.6473
Armenia,2020,Female,15.0,6.5987,6.4875,1.35,0.5638
Armenia,2020,Male,30.9,13.771,13.15,3.0501,0.9289
Armenia,2025,Both sexes,22.7541,10.043,10.016,2.041,0.6541
Armenia,2025,Female,15.3597,6.7782,6.6415,1.3689,0.5711
Armenia,2025,Male,31.644,14.0224,13.5424,3.1341,0.9451
Australia,2000,Both sexes,13.1,5.801,5.6714,1.4112,0.2164
Australia,2000,Female,10.0,4.2929,4.4701,0.9068,0.3302
Australia,2000,Male,16.1,6.4968,6.9571,2.468,0.1781
Australia,2005,Both sexes,11.4,4.6587,4.8073,1.6383,0.2957
Australia,2005,Female,8.8,3.6848,3.7954,1.0547,0.2651
Australia,2005,Male,13.9,5.988,6.0014,1.7464,0.1642
Australia,2010,Both sexes,10.0,4.058,4.023,1.8027,0.1163
Australia,2010,Female,7.8,3.1582,3.3117,1.1044,0.2257
Australia,2010,Male,12.1,5.3576,5.2657,1.1262,0.3505
Australia,2015,Both sexes,9.3,4.164,4.0631,0.837,0.2359
Australia,2015,Female,7.3,3.0499,3.1966,0.9763,0.0772
Australia,2015,Male,11.3,4.8656,4.7571,1.4523,0.225
Australia,2020,Both sexes,9.1,3.9567,3.8261,1.1632,0.154
Australia,2020,Female,7.2,3.1373,3.1177,0.7925,0.1525
Australia,2020,Male,11.0,4.486,4.5376,1.6247,0.3517
Australia,2025,Both sexes,9.2789,4.0162,3.9287,1.1767,0.1573
Australia,2025,Female,7.3729,3.2072,3.1968,0.8137,0.1552
Australia,2025,Male,11.2678,4.6189,4.6206,1.6666,0.3617
Austria,2000,Both sexes,15.3,6.7767,6.4482,1.4626,0.6125
Austria,2000,Female,10.7,4.5503,4.7222,1.1836,0.2439
Austria,2000,Male,20.0,8.7545,8.1031,2.2203,0.9221
Austria,2005,Both sexes,12.7,5.1927,5.5566,1.4138,0.5369
Austria,2005,Female,9.1,3.9933,3.7951,0.8819,0.4297
Austria,2005,Male,16.5,7.4172,6.9404,1.7319,0.4105
Austria,2010,Both sexes,12.2,5.3768,5.0519,1.5916,0.1797
Austria,2010,Female,8.7,3.7998,3.8295,0.8856,0.1851
Austria,2010,Male,15.8,6.8704,6.8169,1.422,0.6907
Austria,2015,Both sexes,11.5,4.6399,4.6579,2.0788,0.1234
Austria,2015,Female,8.5,3.5356,3.7591,1.1125,0.0928
Austria,2015,Male,14.6,5.9089,6.3386,2.1649,0.1876
Austria,2020,Both sexes,11.4,4.7813,4.9267,1.3691,0.3229
Austria,2020,Female,8.5,3.8085,3.7848,0.765,0.1417
Austria,2020,Male,14.4,6.1528,6.4379,1.4429,0.3664
Austria,2025,Both sexes,11.6038,4.905,4.98,1.3872,0.3316
Austria,2025,Female,8.6254,3.8606,3.838,0.7832,0.1436
Austria,2025,Male,14.5951,6.2249,6.5181,1.482,0.3701
Azerbaijan,2000,Both sexes,29.3,13.1654,12.2683,3.1389,0.7274
Azerbaijan,2000,Female,22.9,10.0226,9.5908,2.9811,0.3055
Azerbaijan,2000,Male,36.1,15.9071,16.1498,3.249,0.7941
Azerbaijan,2005,Both sexes,29.0,12.4964,11.7466,4.3694,0.3876
Azerbaijan,2005,Female,22.3,9.7075,9.0107,3.2832,0.2986
Azerbaijan,2005,Male,36.1,15.7052,14.5713,4.2756,1.5479
Azerbaijan,2010,Both sexes,24.8,10.5331,9.9914,3.4824,0.7931
Azerbaijan,2010,Female,18.9,7.6706,7.6951,2.7695,0.7648
Azerbaijan,2010,Male,31.3,13.211,13.9093,3.4274,0.7523
Azerbaijan,2015,Both sexes,22.5,9.7108,9.5045,2.7958,0.4889
Azerbaijan,2015,Female,16.4,7.2091,7.2075,1.7596,0.2238
Azerbaijan,2015,Male,29.1,12.1182,12.6185,3.1965,1.1668
Azerbaijan,2020,Both sexes,22.2,9.874,9.312,2.7823,0.2317
Azerbaijan,2020,Female,16.1,7.2048,7.2052,1.449,0.241
Azerbaijan,2020,Male,28.7,12.7792,11.611,3.6562,0.6536
Azerbaijan,2025,Both sexes,22.6758,10.1225,9.48,2.8391,0.2342
Azerbaijan,2025,Female,16.4452,7.3946,7.3272,1.4756,0.2478
Azerbaijan,2025,Male,29.254,12.9126,11.9235,3.7535,0.6644
Bahamas,2000,Both sexes,20.1,8.0857,8.3224,2.7268,0.9651
Bahamas,2000,Female,16.7,6.9116,6.8371,2.4746,0.4767
Bahamas,2000,Male,23.9,10.6239,10.1045,2.3398,0.8318
Bahamas,2005,Both sexes,18.5,7.9123,8.2966,1.719,0.5721
Bahamas,2005,Female,15.1,6.5138,6.4812,1.4097,0.6953
Bahamas,2005,Male,22.4,9.6649,9.7392,2.3646,0.6313
Bahamas,2010,Both sexes,16.9,6.9489,7.5739,2.1999,0.1773
Bahamas,2010,Female,13.8,5.8841,6.2051,1.532,0.1788
Bahamas,2010,Male,20.3,9.1044,8.1638,2.1052,0.9266
Bahamas,2015,Both sexes,15.6,6.3327,6.3317,2.3745,0.5611
Bahamas,2015,Female,12.8,5.3599,5.3029,1.5645,0.5727
Bahamas,2015,Male,18.8,8.2213,8.0684,1.692,0.8183
Bahamas,2020,Both sexes,15.5,6.8023,6.6328,1.6469,0.418
Bahamas,2020,Female,12.7,5.0872,5.3776,2.0796,0.1556
Bahamas,2020,Male,18.6,8.2829,7.5434,2.2212,0.5525
Bahamas,2025,Both sexes,15.751,6.8722,6.786,1.6698,0.423
Bahamas,2025,Female,12.9496,5.1752,5.4944,2.1214,0.1586
Bahamas,2025,Male,19.0212,8.4746,7.7258,2.2561,0.5647
Bahrain,2000,Both sexes,23.5,10.5747,10.571,2.115,0.2393
Bahrain,2000,Female,24.3,10.0205,10.2674,3.6435,0.3686
Bahrain,2000,Male,22.7,9.9528,10.1523,2.043,0.5519
Bahrain,2005,Both sexes,18.1,8.1178,8.0021,1.629,0.3511
Bahrain,2005,Female,17.2,6.9285,7.6237,1.9166,0.7312
Bahrain,2005,Male,18.7,7.9182,7.8679,2.5224,0.3915
Bahrain,2010,Both sexes,13.8,6.1176,5.5512,1.9787,0.1525
Bahrain,2010,Female,13.7,5.583,5.887,1.8843,0.3457
Bahrain,2010,Male,14.2,5.9473,6.2555,1.2944,0.7028
Bahrain,2015,Both sexes,11.7,5.0806,4.7751,1.301,0.5433
Bahrain,2015,Female,12.2,5.2542,5.1351,1.2335,0.5772
Bahrain,2015,Male,11.4,5.0288,5.1014,1.026,0.2438
Bahrain,2020,Both sexes,11.3,4.7196,4.8498,1.5825,0.1481
Bahrain,2020,Female,11.9,5.079,4.9442,1.3705,0.5063
Bahrain,2020,Male,10.9,4.891,4.8975,0.981,0.1305
Bahrain,2025,Both sexes,11.5249,4.8245,4.9329,1.6151,0.1524
Bahrain,2025,Female,12.1115,5.1646,5.0275,1.4059,0.5135
Bahrain,2025,Male,11.1497,5.008,5.003,1.0066,0.1321
Bangladesh,2000,Both sexes,21.4,8.7174,9.5514,2.4959,0.6353
Bangladesh,2000,Female,23.1,9.809,9.6197,2.8551,0.8162
Bangladesh,2000,Male,19.7,8.1344,8.3322,2.2641,0.9693
Bangladesh,2005,Both sexes,21.8,9.1968,9.7055,2.3759,0.5218
Bangladesh,2005,Female,22.3,9.6136,9.8815,2.007,0.7979
Bangladesh,2005,Male,21.5,9.1525,9.4424,2.349,0.5561
Bangladesh,2010,Both sexes,22.2,9.7182,9.5685,2.066,0.8473
Bangladesh,2010,Female,21.9,9.1439,9.406,2.7875,0.5626
Bangladesh,2010,Male,22.4,9.1985,9.1127,3.8517,0.2371
Bangladesh,2015,Both sexes,21.7,9.518,9.2444,1.981,0.9566
Bangladesh,2015,Female,20.7,8.6976,8.4187,3.3529,0.2308
Bangladesh,2015,Male,22.7,9.7064,9.7167,2.2539,1.023
Bangladesh,2020,Both sexes,21.6,9.6704,9.2947,2.2214,0.4135
Bangladesh,2020,Female,20.4,8.2758,8.845,2.6506,0.6286
Bangladesh,2020,Male,22.6,9.799,9.7385,2.5127,0.5498
Bangladesh,2025,Both sexes,21.8785,9.788,9.4032,2.2694,0.4179
Bangladesh,2025,Female,20.7376,8.456,8.9559,2.6873,0.6384
Bangladesh,2025,Male,23.0771,9.9106,10.0293,2.5771,0.5601
Barbados,2000,Both sexes,21.0,8.6198,8.789,2.9742,0.617
Barbados,2000,Female,17.6,7.6978,7.0723,2.4762,0.3537
Barbados,2000,Male,25.1,10.8159,10.503,3.0657,0.7154
Barbados,2005,Both sexes,18.8,8.1102,7.5969,2.248,0.8449
Barbados,2005,Female,14.9,6.5606,6.5175,1.563,0.2589
Barbados,2005,Male,23.3,10.3928,9.3912,3.025,0.491
Barbados,2010,Both sexes,18.0,7.2798,7.3086,2.8998,0.5118
Barbados,2010,Female,14.6,6.344,5.8687,1.7745,0.6128
Barbados,2010,Male,22.0,9.027,9.2007,3.1093,0.663
Barbados,2015,Both sexes,16.3,7.2509,6.9063,1.5446,0.5982
Barbados,2015,Female,13.1,5.3507,5.4225,2.1031,0.2237
Barbados,2015,Male,19.9,8.1315,8.1513,3.3857,0.2315
Barbados,2020,Both sexes,16.2,6.6745,6.5414,2.7385,0.2456
Barbados,2020,Female,12.9,5.5734,5.2773,1.742,0.3073
Barbados,2020,Male,19.7,8.0061,8.0296,3.3579,0.3064
Barbados,2025,Both sexes,16.4479,6.8107,6.6163,2.7686,0.2523
Barbados,2025,Female,13.1241,5.686,5.3619,1.7621,0.3141
Barbados,2025,Male,20.2194,8.205,8.251,3.4502,0.3132
Belarus,2000,Both sexes,34.0,14.0181,13.8732,5.515,0.5937
Belarus,2000,Female,22.1,8.9287,9.4196,3.168,0.5837
Belarus,2000,Male,47.2,19.5528,19.2892,6.1929,2.1651
Belarus,2005,Both sexes,34.7,14.5099,15.0007,4.0501,1.1393
Belarus,2005,Female,21.6,8.8962,8.7499,3.6058,0.3481
Belarus,2005,Male,49.2,20.556,22.1068,4.853,1.6842
Belarus,2010,Both sexes,31.0,13.6232,13.1726,3.7864,0.4178
Belarus,2010,Female,18.4,7.7571,7.4774,2.7726,0.3929
Belarus,2010,Male,45.2,19.2939,19.4063,4.7001,1.7997
Belarus,2015,Both sexes,24.5,10.2622,9.8246,3.8526,0.5606
Belarus,2015,Female,14.4,6.4012,6.1874,1.296,0.5154
Belarus,2015,Male,36.4,14.9448,15.156,5.7607,0.5385
Belarus,2020,Both sexes,23.7,10.3253,10.5408,2.133,0.7009
Belarus,2020,Female,13.8,5.8875,5.6873,1.9386,0.2866
Belarus,2020,Male,35.2,15.0165,14.2686,4.9329,0.982
Belarus,2025,Both sexes,24.1794,10.5158,10.7833,2.1649,0.7154
Belarus,2025,Female,14.0041,5.9495,5.7887,1.9739,0.292
Belarus,2025,Male,35.8358,15.2862,14.5052,5.0508,0.9936
Belgium,2000,Both sexes,15.2,6.5327,6.4384,1.8265,0.4024
Belgium,2000,Female,10.6,4.7515,4.3059,1.1268,0.4158
Belgium,2000,Male,20.1,8.3906,8.9742,1.8664,0.8688
Belgium,2005,Both sexes,13.5,5.6272,5.4907,2.2128,0.1693
Belgium,2005,Female,9.7,4.0035,4.2105,1.094,0.392
Belgium,2005,Male,17.4,7.8213,7.2404,1.6006,0.7377
Belgium,2010,Both sexes,12.8,5.2751,5.1935,1.8907,0.4407
Belgium,2010,Female,9.6,4.0709,4.0956,1.3175,0.116
Belgium,2010,Male,16.2,6.7138,6.9508,2.2734,0.262
Belgium,2015,Both sexes,11.6,5.179,4.9629,1.0768,0.3813
Belgium,2015,Female,8.8,3.6624,3.7072,1.1637,0.2667
Belgium,2015,Male,14.4,5.9616,6.314,1.8726,0.2518
Belgium,2020,Both sexes,11.4,5.12,4.6239,1.3608,0.2953
Belgium,2020,Female,8.6,3.5509,3.5135,1.2196,0.316
Belgium,2020,Male,14.1,6.3235,6.2502,1.269,0.2573
Belgium,2025,Both sexes,11.6025,5.2056,4.6944,1.3983,0.3042
Belgium,2025,Female,8.7828,3.6484,3.5775,1.2321,0.3248
Belgium,2025,Male,14.4193,6.5102,6.3556,1.2893,0.2642
Belize,2000,Both sexes,26.2,11.2923,11.1788,2.5301,1.1988
Belize,2000,Female,22.7,9.362,9.9244,3.1561,0.2575
Belize,2000,Male,29.7,13.0511,12.1052,3.8764,0.6673
Belize,2005,Both sexes,24.3,10.3804,10.8214,2.2485,0.8497
Belize,2005,Female,21.1,8.7933,8.5869,2.8386,0.8812
Belize,2005,Male,27.6,11.2013,12.337,3.0927,0.969
Belize,2010,Both sexes,23.2,9.7894,9.7173,3.032,0.6613
Belize,2010,Female,20.0,8.2322,8.8996,2.3611,0.5071
Belize,2010,Male,26.0,10.7918,11.3719,3.0535,0.7828
Belize,2015,Both sexes,22.4,9.1433,9.144,3.1589,0.9538
Belize,2015,Female,18.8,8.3446,7.8889,1.7645,0.802
Belize,2015,Male,25.7,11.1348,10.9521,2.9872,0.6259
Belize,2020,Both sexes,22.1,9.8769,9.0403,2.9031,0.2797
Belize,2020,Female,18.5,7.5293,8.1356,2.5009,0.3342
Belize,2020,Male,25.5,11.1449,10.9325,2.309,1.1136
Belize,2025,Both sexes,22.5384,10.0407,9.261,2.9496,0.2871
Belize,2025,Female,18.9865,7.7322,8.3705,2.5447,0.3391
Belize,2025,Male,26.0269,11.3874,11.1537,2.3588,1.127
Benin,2000,Both sexes,20.0,8.1525,8.5763,2.5858,0.6854
Benin,2000,Female,19.3,8.6132,8.1551,2.2513,0.2804
Benin,2000,Male,20.8,8.7611,9.0859,1.9676,0.9854
Benin,2005,Both sexes,20.1,8.5484,8.6545,2.6815,0.2156
Benin,2005,Female,19.8,8.6097,8.8333,1.782,0.575
Benin,2005,Male,20.5,9.0939,9.1554,1.845,0.4057
Benin,2010,Both sexes,19.8,8.2622,8.0998,2.5205,0.9175
Benin,2010,Female,19.5,8.7236,7.9495,2.1746,0.6523
Benin,2010,Male,20.1,8.6263,8.4429,2.4584,0.5724
Benin,2015,Both sexes,19.7,8.6653,8.0277,2.6293,0.3777
Benin,2015,Female,19.4,8.4331,8.2864,2.291,0.3895
Benin,2015,Male,20.0,8.7223,8.72,1.8448,0.7129
Benin,2020,Both sexes,19.6,8.3985,8.5872,1.764,0.8503
Benin,2020,Female,19.3,8.5368,7.843,2.4204,0.4998
Benin,2020,Male,19.9,8.3004,8.7772,2.5354,0.287
Benin,2025,Both sexes,19.8963,8.5566,8.6803,1.8005,0.8589
Benin,2025,Female,19.6427,8.6349,8.0131,2.4888,0.5059
Benin,2025,Male,20.2365,8.3864,8.9533,2.6052,0.2916
Bhutan,2000,Both sexes,30.8,12.4514,13.8552,3.5667,0.9267
Bhutan,2000,Female,33.1,13.5874,14.7263,4.1837,0.6026
Bhutan,2000,Male,28.8,12.3774,11.6166,3.6541,1.1519
Bhutan,2005,Both sexes,27.8,11.6237,11.927,3.2682,0.9811
Bhutan,2005,Female,29.6,13.2624,12.06,3.4907,0.7869
Bhutan,2005,Male,26.3,10.5372,11.3926,3.9199,0.4503
Bhutan,2010,Both sexes,25.1,10.9656,10.6075,3.0504,0.4765
Bhutan,2010,Female,26.8,11.3878,11.2814,2.8821,1.2487
Bhutan,2010,Male,23.7,10.0161,9.6469,3.6327,0.4043
Bhutan,2015,Both sexes,23.7,9.8772,10.4314,3.15,0.2414
Bhutan,2015,Female,25.4,11.3282,10.5999,2.8654,0.6065
Bhutan,2015,Male,22.4,9.3335,9.4059,2.955,0.7056
Bhutan,2020,Both sexes,23.3,10.4673,10.2973,2.1862,0.3492
Bhutan,2020,Female,24.9,10.6961,10.4568,3.4436,0.3035
Bhutan,2020,Male,21.9,9.7683,9.7125,1.971,0.4482
Bhutan,2025,Both sexes,23.8443,10.6788,10.5898,2.2197,0.356
Bhutan,2025,Female,25.4604,10.9514,10.6813,3.5159,0.3118
Bhutan,2025,Male,22.3423,10.0554,9.8192,2.0089,0.4588
Bolivia (Plurinational State of),2000,Both sexes,23.0,10.1841,10.1548,2.07,0.5911
Bolivia (Plurinational State of),2000,Female,22.7,10.0973,9.0948,3.2033,0.3046
Bolivia (Plurinational State of),2000,Male,23.3,10.0983,9.5588,3.1367,0.5062
Bolivia (Plurinational State of),2005,Both sexes,20.8,8.3405,8.4283,3.1577,0.8735
Bolivia (Plurinational State of),2005,Female,20.4,8.2614,8.408,2.9372,0.7934
Bolivia (Plurinational State of),2005,Male,21.2,8.6693,9.1719,2.9449,0.4139
Bolivia (Plurinational State of),2010,Both sexes,18.8,7.9042,7.5439,3.0465,0.3054
Bolivia (Plurinational State of),2010,Female,18.5,7.6053,7.6137,2.5987,0.6823
Bolivia (Plurinational State of),2010,Male,19.1,8.3238,8.2693,2.2953,0.2116
Bolivia (Plurinational State of),2015,Both sexes,17.4,7.3087,7.4469,2.3624,0.282
Bolivia (Plurinational State of),2015,Female,17.0,7.1173,7.0301,2.2446,0.608
Bolivia (Plurinational State of),2015,Male,17.8,7.2819,7.887,1.7795,0.8516
Bolivia (Plurinational State of),2020,Both sexes,17.2,7.044,6.9114,2.7478,0.4968
Bolivia (Plurinational State of),2020,Female,16.8,7.1008,7.1605,2.0746,0.4641
Bolivia (Plurinational State of),2020,Male,17.7,7.5799,7.1382,2.2559,0.726
Bolivia (Plurinational State of),2025,Both sexes,17.5595,7.1244,7.0985,2.8274,0.5092
Bolivia (Plurinational State of),2025,Female,17.2132,7.2813,7.3576,2.1051,0.4692
Bolivia (Plurinational State of),2025,Male,17.9989,7.6844,7.2441,2.3235,0.7469
Bosnia and Herzegovina,2000,Both sexes,24.4,9.7824,10.8754,3.3832,0.359
Bosnia and Herzegovina,2000,Female,18.8,8.1323,8.3,2.0245,0.3432
Bosnia and Herzegovina,2000,Male,30.5,13.0792,12.6179,3.8218,0.9811
Bosnia and Herzegovina,2005,Both sexes,22.8,9.7375,9.8422,2.7572,0.4631
Bosnia and Herzegovina,2005,Female,17.2,7.3321,7.0276,2.4809,0.3594
Bosnia and Herzegovina,2005,Male,28.8,11.7207,12.7223,2.935,1.422
Bosnia and Herzegovina,2010,Both sexes,20.9,9.158,8.5064,2.3006,0.935
Bosnia and Herzegovina,2010,Female,15.7,6.6138,6.2976,2.4628,0.3258
Bosnia and Herzegovina,2010,Male,26.6,11.2883,11.8298,2.394,1.0879
Bosnia and Herzegovina,2015,Both sexes,18.2,7.6255,7.8172,2.3802,0.3771
Bosnia and Herzegovina,2015,Female,13.2,5.5678,5.4743,1.525,0.6329
Bosnia and Herzegovina,2015,Male,23.6,10.1765,9.9231,2.7433,0.7571
Bosnia and Herzegovina,2020,Both sexes,17.8,7.305,7.1436,3.0442,0.3072
Bosnia and Herzegovina,2020,Female,12.9,5.6873,5.3805,1.5694,0.2628
Bosnia and Herzegovina,2020,Male,23.1,9.9134,9.7267,2.404,1.0559
Bosnia and Herzegovina,2025,Both sexes,18.148,7.501,7.2178,3.1189,0.3103
Bosnia and Herzegovina,2025,Female,13.2044,5.8175,5.5347,1.5853,0.2669
Bosnia and Herzegovina,2025,Male,23.6281,10.135,9.9665,2.4462,1.0804
Botswana,2000,Both sexes,23.1,10.1304,9.3631,3.306,0.3005
Botswana,2000,Female,19.6,8.2661,8.0815,2.4142,0.8382
Botswana,2000,Male,27.6,12.0449,11.7238,2.7953,1.036
Botswana,2005,Both sexes,23.7,10.3481,9.7347,3.3506,0.2666
Botswana,2005,Female,20.2,8.5813,8.6828,2.4638,0.4721
Botswana,2005,Male,28.0,11.5672,12.0331,4.0621,0.3376
Botswana,2010,Both sexes,22.2,9.3121,9.2005,3.1496,0.5378
Botswana,2010,Female,19.5,8.2641,8.4471,1.863,0.9258
Botswana,2010,Male,25.6,11.1604,10.6203,2.9833,0.836
Botswana,2015,Both sexes,20.7,8.7134,8.6765,2.6734,0.6367
Botswana,2015,Female,18.2,7.3553,7.8289,2.6552,0.3606
Botswana,2015,Male,23.7,9.5357,9.677,3.5506,0.9367
Botswana,2020,Both sexes,20.3,8.1312,8.2589,2.9761,0.9338
Botswana,2020,Female,17.9,7.7552,7.317,1.9941,0.8337
Botswana,2020,Male,23.4,10.3825,10.059,2.1625,0.796
Botswana,2025,Both sexes,20.6214,8.2171,8.45,3.0064,0.9479
Botswana,2025,Female,18.2317,7.955,7.3967,2.0335,0.8465
Botswana,2025,Male,23.9195,10.6584,10.2479,2.204,0.8092
Brazil,2000,Both sexes,24.4,10.8117,10.7904,2.2425,0.5554
Brazil,2000,Female,20.0,8.23,8.1206,3.3879,0.2615
Brazil,2000,Male,29.2,12.8902,11.734,3.5873,0.9885
Brazil,2005,Both sexes,20.8,8.9107,9.2721,2.381,0.2362
Brazil,2005,Female,16.9,7.5805,7.5579,1.521,0.2406
Brazil,2005,Male,25.0,10.8718,10.3717,2.5821,1.1744
Brazil,2010,Both sexes,19.0,7.8372,8.065,2.7397,0.3581
Brazil,2010,Female,15.4,6.7033,6.8724,1.559,0.2653
Brazil,2010,Male,23.0,10.3358,10.2857,2.1122,0.2663
Brazil,2015,Both sexes,17.0,7.1791,6.9574,2.325,0.5385
Brazil,2015,Female,13.8,5.9746,5.9977,1.242,0.5857
Brazil,2015,Male,20.5,9.0948,8.9505,1.845,0.6097
Brazil,2020,Both sexes,16.6,7.3035,7.2166,1.7332,0.3467
Brazil,2020,Female,13.5,6.0192,5.4924,1.3403,0.6481
Brazil,2020,Male,20.0,8.5902,8.361,2.7755,0.2733
Brazil,2025,Both sexes,16.941,7.4144,7.4216,1.7513,0.3537
Brazil,2025,Female,13.6786,6.1053,5.5505,1.3616,0.6612
Brazil,2025,Male,20.441,8.7979,8.5233,2.8414,0.2784
Brunei Darussalam,2000,Both sexes,20.5,8.4394,8.2431,3.5977,0.2198
Brunei Darussalam,2000,Female,18.3,7.9419,7.5197,1.96,0.8784
Brunei Darussalam,2000,Male,22.6,10.1561,9.5234,2.3471,0.5734
Brunei Darussalam,2005,Both sexes,17.5,7.6722,7.3655,1.9923,0.47
Brunei Darussalam,2005,Female,15.5,6.4748,6.4226,2.2638,0.3388
Brunei Darussalam,2005,Male,19.5,8.5191,8.0328,2.6669,0.2812
Brunei Darussalam,2010,Both sexes,17.4,7.6549,7.8282,1.566,0.3509
Brunei Darussalam,2010,Female,15.8,6.8157,7.0102,1.422,0.5521
Brunei Darussalam,2010,Male,19.0,8.3288,7.9818,2.1346,0.5548
Brunei Darussalam,2015,Both sexes,17.0,7.5531,7.3235,1.795,0.3284
Brunei Darussalam,2015,Female,15.3,6.7891,6.5246,1.377,0.6093
Brunei Darussalam,2015,Male,18.7,7.5028,8.2935,2.7007,0.203
Brunei Darussalam,2020,Both sexes,16.6,7.2179,6.9221,1.8127,0.6473
Brunei Darussalam,2020,Female,14.8,6.5051,6.1559,1.6205,0.5185
Brunei Darussalam,2020,Male,18.5,7.4605,7.6916,2.7637,0.5842
Brunei Darussalam,2025,Both sexes,16.8963,7.2959,7.0868,1.8511,0.6625
Brunei Darussalam,2025,Female,14.9946,6.5934,6.2328,1.6421,0.5263
Brunei Darussalam,2025,Male,18.8103,7.5651,7.8426,2.808,0.5946
Bulgaria,2000,Both sexes,28.5,11.5304,12.6504,3.7315,0.5877
Bulgaria,2000,Female,20.2,8.9507,8.8976,1.818,0.5337
Bulgaria,2000,Male,36.9,14.999,16.3997,3.7218,1.7795
Bulgaria,2005,Both sexes,27.5,12.0426,11.957,3.0561,0.4443
Bulgaria,2005,Female,18.5,7.8967,7.9485,2.0406,0.6142
Bulgaria,2005,Male,36.6,16.133,15.0507,4.7226,0.6937
Bulgaria,2010,Both sexes,25.1,11.0184,10.4794,3.2931,0.3091
Bulgaria,2010,Female,16.8,7.5557,6.8661,1.9439,0.4343
Bulgaria,2010,Male,33.7,15.1129,14.9692,3.033,0.5849
Bulgaria,2015,Both sexes,23.8,9.7957,10.6419,2.506,0.8564
Bulgaria,2015,Female,15.7,6.4186,6.4531,2.5543,0.274
Bulgaria,2015,Male,32.2,13.8585,13.7054,4.017,0.6191
Bulgaria,2020,Both sexes,23.6,10.3679,9.5455,3.0564,0.6302
Bulgaria,2020,Female,15.5,6.6754,6.3295,1.7256,0.7695
Bulgaria,2020,Male,32.0,14.2066,14.3116,2.88,0.6018
Bulgaria,2025,Both sexes,23.974,10.5416,9.6819,3.1119,0.6386
Bulgaria,2025,Female,15.8254,6.81,6.4655,1.7613,0.7886
Bulgaria,2025,Male,32.475,14.4676,14.4732,2.9222,0.612
Burkina Faso,2000,Both sexes,22.6,9.1856,9.4187,3.0976,0.8981
Burkina Faso,2000,Female,21.5,9.1455,8.6069,3.2858,0.4618
Burkina Faso,2000,Male,24.0,9.7929,10.5816,2.5867,1.0388
Burkina Faso,2005,Both sexes,22.5,9.7847,9.7652,2.1684,0.7817
Burkina Faso,2005,Female,21.8,9.6703,8.7519,2.4397,0.9381
Burkina Faso,2005,Male,23.5,10.2844,9.5864,2.5662,1.063
Burkina Faso,2010,Both sexes,22.4,9.5936,9.2591,2.5361,1.0112
Burkina Faso,2010,Female,21.8,9.6654,9.4921,1.962,0.6805
Burkina Faso,2010,Male,23.1,10.161,10.0005,2.079,0.8595
Burkina Faso,2015,Both sexes,21.9,9.5082,8.8434,2.5838,0.9646
Burkina Faso,2015,Female,21.4,9.4424,8.9322,2.2311,0.7943
Burkina Faso,2015,Male,22.6,9.5995,9.5831,2.6559,0.7615
Burkina Faso,2020,Both sexes,21.7,9.2777,8.7744,3.0764,0.5715
Burkina Faso,2020,Female,21.2,9.0056,8.5659,3.2297,0.3988
Burkina Faso,2020,Male,22.5,9.4193,9.2922,2.9124,0.8761
Burkina Faso,2025,Both sexes,22.1355,9.4589,8.9713,3.1194,0.5859
Burkina Faso,2025,Female,21.5693,9.1009,8.7915,3.2722,0.4047
Burkina Faso,2025,Male,22.9112,9.5645,9.4791,2.9711,0.8965
Burundi,2000,Both sexes,23.5,10.2029,9.9239,2.881,0.4922
Burundi,2000,Female,24.7,10.0821,10.8616,2.824,0.9323
Burundi,2000,Male,22.3,10.0318,9.3952,2.2474,0.6256
Burundi,2005,Both sexes,22.8,10.2245,9.9746,2.2542,0.3467
Burundi,2005,Female,23.8,9.9051,10.1015,2.822,0.9714
Burundi,2005,Male,21.8,9.5465,8.7468,3.2694,0.2373
Burundi,2010,Both sexes,22.8,9.4631,9.9273,3.1202,0.2894
Burundi,2010,Female,23.1,9.2928,10.2466,2.43,1.1306
Burundi,2010,Male,22.5,9.6549,9.3891,2.6721,0.7839
Burundi,2015,Both sexes,22.8,9.737,10.2178,2.3054,0.5398
Burundi,2015,Female,22.7,10.1438,9.8608,2.4069,0.2885
Burundi,2015,Male,23.0,9.9275,10.2718,2.4763,0.3244
Burundi,2020,Both sexes,22.9,9.8664,10.2835,2.061,0.6891
Burundi,2020,Female,22.7,9.9651,9.2014,2.6154,0.9181
Burundi,2020,Male,23.1,9.5401,9.9723,2.8577,0.7299
Burundi,2025,Both sexes,23.4613,10.0845,10.5634,2.1093,0.7041
Burundi,2025,Female,23.0036,10.1243,9.2958,2.6473,0.9362
Burundi,2025,Male,23.5807,9.711,10.1948,2.9294,0.7455
Cabo Verde,2000,Both sexes,20.9,8.8632,8.4826,3.2406,0.3136
Cabo Verde,2000,Female,20.3,8.619,8.1852,2.8203,0.6755
Cabo Verde,2000,Male,21.9,9.5107,9.2312,2.7635,0.3946
Cabo Verde,2005,Both sexes,19.4,8.5078,8.5794,1.746,0.5668
Cabo Verde,2005,Female,18.3,8.1626,7.8842,1.647,0.6062
Cabo Verde,2005,Male,20.9,9.0144,8.4972,3.1523,0.2361
Cabo Verde,2010,Both sexes,18.3,7.3485,7.9163,2.5825,0.4527
Cabo Verde,2010,Female,17.2,7.0396,7.627,1.8271,0.7063
Cabo Verde,2010,Male,20.0,8.8644,8.4732,1.8,0.8624
Cabo Verde,2015,Both sexes,17.4,7.3252,7.5155,2.1086,0.4507
Cabo Verde,2015,Female,16.1,7.1597,6.6251,2.0169,0.2983
Cabo Verde,2015,Male,19.1,7.9019,8.5797,2.1147,0.5037
Cabo Verde,2020,Both sexes,17.2,7.0699,6.9508,2.5391,0.6402
Cabo Verde,2020,Female,15.9,6.4801,6.7037,1.9571,0.7591
Cabo Verde,2020,Male,19.0,8.2218,7.8596,2.006,0.9126
Cabo Verde,2025,Both sexes,17.622,7.2632,7.117,2.5882,0.6536
Cabo Verde,2025,Female,16.2781,6.6561,6.8466,2.0001,0.7753
Cabo Verde,2025,Male,19.3903,8.4268,8.0039,2.0289,0.9307
Cambodia,2000,Both sexes,25.5,10.4135,10.3333,3.849,0.9042
Cambodia,2000,Female,23.7,9.5416,10.1214,3.1278,0.9092
Cambodia,2000,Male,27.7,12.0585,11.1237,3.2035,1.3143
Cambodia,2005,Both sexes,24.0,10.0208,9.6398,4.024,0.3154
Cambodia,2005,Female,21.7,9.4281,9.5486,2.3326,0.3907
Cambodia,2005,Male,26.9,11.2939,10.9385,3.788,0.8796
Cambodia,2010,Both sexes,22.2,9.0382,9.4338,2.9571,0.7709
Cambodia,2010,Female,20.3,8.4514,8.6455,2.9288,0.2743
Cambodia,2010,Male,24.9,10.8346,10.6568,3.1499,0.2587
Cambodia,2015,Both sexes,21.3,8.8306,9.2602,2.2634,0.9458
Cambodia,2015,Female,19.4,7.8618,7.9948,2.5838,0.9596
Cambodia,2015,Male,24.0,10.5358,9.6475,3.1153,0.7014
Cambodia,2020,Both sexes,21.1,8.7238,9.2814,2.6218,0.473
Cambodia,2020,Female,19.1,8.0148,8.0983,2.3374,0.6495
Cambodia,2020,Male,23.9,10.104,9.5739,3.9139,0.3082
Cambodia,2025,Both sexes,21.5385,8.8974,9.4947,2.6619,0.4845
Cambodia,2025,Female,19.585,8.2065,8.3278,2.385,0.6657
Cambodia,2025,Male,24.2745,10.2315,9.7367,3.9943,0.312
Cameroon,2000,Both sexes,24.5,10.3667,10.8636,2.312,0.9577
Cameroon,2000,Female,24.5,10.2545,11.0099,2.9513,0.2843
Cameroon,2000,Male,24.6,10.7535,10.3634,2.8967,0.5864
Cameroon,2005,Both sexes,22.8,9.3804,10.2558,2.052,1.1118
Cameroon,2005,Female,22.5,9.0812,9.0345,3.9274,0.4569
Cameroon,2005,Male,23.2,10.0344,9.5115,2.7909,0.8632
Cameroon,2010,Both sexes,21.8,8.9589,9.7837,2.5456,0.5118
Cameroon,2010,Female,21.1,8.9656,9.0259,2.2905,0.818
Cameroon,2010,Male,22.6,9.2458,9.9324,2.6004,0.8214
Cameroon,2015,Both sexes,21.8,9.213,9.4215,2.4885,0.677
Cameroon,2015,Female,21.0,8.6595,8.5675,2.8307,0.9423
Cameroon,2015,Male,22.6,9.8667,9.1322,3.3205,0.2806
Cameroon,2020,Both sexes,21.6,9.5806,9.4112,1.944,0.6642
Cameroon,2020,Female,20.9,9.2951,8.9322,1.881,0.7917
Cameroon,2020,Male,22.3,9.2985,9.8285,2.8785,0.2945
Cameroon,2025,Both sexes,21.9184,9.7159,9.5305,1.9994,0.6726
Cameroon,2025,Female,21.1592,9.4001,9.0223,1.9217,0.8151
Cameroon,2025,Male,22.769,9.4735,10.0588,2.9389,0.2978
Canada,2000,Both sexes,14.4,6.3169,5.8542,1.5263,0.7026
Canada,2000,Female,11.2,4.5751,4.7711,1.5909,0.2629
Canada,2000,Male,17.6,7.4393,7.2477,2.6852,0.2278
Canada,2005,Both sexes,12.6,5.3643,5.2663,1.5445,0.4249
Canada,2005,Female,10.1,4.1704,4.3717,1.3256,0.2323
Canada,2005,Male,15.2,6.2043,6.3772,1.8771,0.7414
Canada,2010,Both sexes,11.1,4.5397,4.5718,1.4461,0.5424
Canada,2010,Female,9.1,3.7525,4.0362,1.0582,0.2531
Canada,2010,Male,13.2,5.3994,5.8439,1.5647,0.392
Canada,2015,Both sexes,10.0,4.2962,4.4562,1.0634,0.1842
Canada,2015,Female,8.3,3.3746,3.6171,0.9235,0.3848
Canada,2015,Male,11.8,5.0876,5.0926,1.1558,0.464
Canada,2020,Both sexes,9.8,4.3448,4.2036,0.9817,0.2699
Canada,2020,Female,8.1,3.6048,3.4108,0.9137,0.1707
Canada,2020,Male,11.5,5.017,4.8798,1.0864,0.5168
Canada,2025,Both sexes,10.0606,4.46,4.3234,0.9994,0.2778
Canada,2025,Female,8.2683,3.706,3.4514,0.937,0.1739
Canada,2025,Male,11.6599,5.0798,4.9396,1.1179,0.5226
Central African Republic,2000,Both sexes,24.9,10.6019,10.5686,2.8163,0.9132
Central African Republic,2000,Female,24.5,10.6632,10.0473,2.8845,0.905
Central African Republic,2000,Male,25.3,10.2967,10.1579,4.2808,0.5646
Central African Republic,2005,Both sexes,24.3,9.7705,9.9002,3.4272,1.2021
Central African Republic,2005,Female,23.8,10.2806,10.5528,2.2957,0.6709
Central African Republic,2005,Male,25.0,11.2064,10.0062,2.5856,1.2018
Central African Republic,2010,Both sexes,24.9,10.0311,10.6213,3.0658,1.1818
Central African Republic,2010,Female,24.2,10.81,10.0625,2.5945,0.733
Central African Republic,2010,Male,25.7,10.3306,10.4369,4.2107,0.7218
Central African Republic,2015,Both sexes,23.7,10.2666,10.0424,2.3537,1.0373
Central African Republic,2015,Female,23.1,9.4777,9.3693,3.7727,0.4803
Central African Republic,2015,Male,24.5,10.7869,10.5171,2.205,0.991
Central African Republic,2020,Both sexes,23.1,10.1974,9.7377,2.7042,0.4607
Central African Republic,2020,Female,22.4,9.1477,9.0011,3.3674,0.8838
Central African Republic,2020,Male,23.9,10.2975,10.4046,2.7992,0.3987
Central African Republic,2025,Both sexes,23.5892,10.4756,9.8999,2.7467,0.467
Central African Republic,2025,Female,22.8426,9.3754,9.1297,3.4302,0.9073
Central African Republic,2025,Male,24.3637,10.4962,10.5864,2.8745,0.4066
Chad,2000,Both sexes,24.3,10.7015,10.6462,2.187,0.7653
Chad,2000,Female,23.4,9.9971,9.3667,3.4984,0.5378
Chad,2000,Male,25.4,10.7132,11.1986,3.112,0.3762
Chad,2005,Both sexes,24.5,10.2985,10.8667,2.3231,1.0117
Chad,2005,Female,24.1,10.127,10.0341,3.0544,0.8845
Chad,2005,Male,25.0,10.7088,10.9231,2.25,1.1181
Chad,2010,Both sexes,24.5,10.0642,10.6071,3.1977,0.631
Chad,2010,Female,24.2,10.8893,9.7383,2.3845,1.1879
Chad,2010,Male,24.7,10.6843,10.0116,3.1071,0.897
Chad,2015,Both sexes,24.1,10.4633,10.2391,2.561,0.8366
Chad,2015,Female,23.8,10.6278,10.3405,2.142,0.6897
Chad,2015,Male,24.4,10.8201,10.4561,2.8501,0.2737
Chad,2020,Both sexes,23.9,10.719,9.6722,2.6267,0.8821
Chad,2020,Female,23.7,10.3008,10.4732,2.133,0.793
Chad,2020,Male,24.2,10.2169,10.7305,2.8391,0.4135
Chad,2025,Both sexes,24.4453,10.959,9.8821,2.6965,0.9077
Chad,2025,Female,24.0468,10.4928,10.5851,2.1624,0.8065
Chad,2025,Male,24.7532,10.4832,10.9329,2.9142,0.4229
Chile,2000,Both sexes,14.6,6.5221,6.0967,1.7759,0.2053
Chile,2000,Female,12.0,4.9844,5.2818,1.355,0.3788
Chile,2000,Male,17.6,7.4676,7.266,2.4899,0.3765
Chile,2005,Both sexes,13.9,6.2241,5.5727,1.8554,0.2478
Chile,2005,Female,11.4,4.6988,5.0884,1.4713,0.1415
Chile,2005,Male,16.8,6.7264,7.2639,2.0383,0.7714
Chile,2010,Both sexes,13.3,5.5469,5.5728,1.8351,0.3452
Chile,2010,Female,10.9,4.7769,4.8031,0.981,0.339
Chile,2010,Male,16.0,6.8641,6.8269,1.7599,0.5491
Chile,2015,Both sexes,12.5,5.3772,5.4176,1.2705,0.4347
Chile,2015,Female,10.2,4.3447,4.3244,1.4184,0.1125
Chile,2015,Male,15.0,6.3476,6.2848,1.6995,0.6681
Chile,2020,Both sexes,12.4,5.1872,5.2056,1.5382,0.469
Chile,2020,Female,10.1,4.2285,4.1548,1.5862,0.1305
Chile,2020,Male,14.8,6.2075,6.252,2.0518,0.2887
Chile,2025,Both sexes,12.666,5.3206,5.2909,1.5752,0.4793
Chile,2025,Female,10.3498,4.3504,4.2537,1.6115,0.1342
Chile,2025,Male,15.1205,6.327,6.4159,2.0842,0.2934
China,2000,Both sexes,21.5,9.3176,8.7027,2.7282,0.7515
China,2000,Female,18.1,7.9069,8.0208,1.8344,0.3379
China,2000,Male,24.6,10.3957,10.5615,3.2315,0.4113
China,2005,Both sexes,19.0,7.9905,8.3979,1.7376,0.874
China,2005,Female,16.2,6.7026,7.1463,1.9145,0.4366
China,2005,Male,21.5,8.9799,8.8546,2.7792,0.8863
China,2010,Both sexes,18.1,7.2793,7.813,2.1379,0.8698
China,2010,Female,15.1,6.2122,6.2001,2.1677,0.52
China,2010,Male,20.8,8.9457,9.172,1.872,0.8103
China,2015,Both sexes,17.4,7.4169,7.5769,2.1579,0.2483
China,2015,Female,14.4,6.1082,6.3403,1.4906,0.4609
China,2015,Male,20.2,8.653,8.3391,2.2278,0.9801
China,2020,Both sexes,17.0,7.0646,7.3188,1.9596,0.657
China,2020,Female,14.1,5.7677,6.1202,1.9688,0.2433
China,2020,Male,19.8,8.1899,8.3294,2.9862,0.2945
China,2025,Both sexes,17.3679,7.204,7.4981,1.9908,0.675
China,2025,Female,14.3802,5.9159,6.2195,1.9975,0.2473
China,2025,Male,20.2367,8.3476,8.529,3.0594,0.3007
Colombia,2000,Both sexes,20.6,8.9104,8.7889,2.4274,0.4733
Colombia,2000,Female,18.6,8.0555,7.9587,1.8561,0.7297
Colombia,2000,Male,22.9,9.5413,9.9266,2.2925,1.1396
Colombia,2005,Both sexes,18.8,7.7331,7.8537,2.973,0.2402
Colombia,2005,Female,16.5,6.7928,7.0455,1.9158,0.7459
Colombia,2005,Male,21.4,9.1154,8.6323,2.7532,0.8991
Colombia,2010,Both sexes,17.3,7.0101,7.5466,2.1701,0.5732
Colombia,2010,Female,15.1,6.7151,6.1849,1.8537,0.3463
Colombia,2010,Male,19.8,8.1914,7.9986,3.3441,0.2659
Colombia,2015,Both sexes,15.9,7.1453,6.4685,1.6851,0.6011
Colombia,2015,Female,13.7,5.9543,6.159,1.3793,0.2074
Colombia,2015,Male,18.5,7.774,7.7961,2.2139,0.716
Colombia,2020,Both sexes,15.8,6.3956,6.3387,2.502,0.5637
Colombia,2020,Female,13.5,5.6639,5.8013,1.6316,0.4032
Colombia,2020,Male,18.3,7.8755,7.8202,2.2515,0.3528
Colombia,2025,Both sexes,16.079,6.5646,6.4147,2.5271,0.5726
Colombia,2025,Female,13.764,5.7409,5.9558,1.6535,0.4138
Colombia,2025,Male,18.6454,8.0416,7.941,2.3062,0.3566
Comoros,2000,Both sexes,25.9,11.0772,10.7557,3.3969,0.6702
Comoros,2000,Female,24.7,11.0154,10.4937,2.223,0.9679
Comoros,2000,Male,27.3,11.5304,11.7398,3.1936,0.8362
Comoros,2005,Both sexes,24.6,10.8561,10.8019,2.214,0.728
Comoros,2005,Female,23.1,9.656,9.3412,3.0061,1.0967
Comoros,2005,Male,26.1,10.4872,10.8356,4.2415,0.5357
Comoros,2010,Both sexes,23.5,10.5662,10.4892,2.115,0.3296
Comoros,2010,Female,21.8,8.8171,9.5432,3.1102,0.3295
Comoros,2010,Male,25.3,11.1852,10.779,2.4517,0.8841
Comoros,2015,Both sexes,23.0,9.7179,10.0696,2.6627,0.5498
Comoros,2015,Female,21.3,8.7699,8.9453,3.242,0.3428
Comoros,2015,Male,24.8,10.7445,10.9064,2.232,0.9171
Comoros,2020,Both sexes,22.9,9.6927,9.2289,3.2344,0.744
Comoros,2020,Female,21.2,8.693,9.048,3.1651,0.2939
Comoros,2020,Male,24.8,11.1075,10.1374,2.6227,0.9324
Comoros,2025,Both sexes,23.4141,9.8803,9.5022,3.2735,0.7581
Comoros,2025,Female,21.5714,8.9108,9.1402,3.2208,0.2996
Comoros,2025,Male,25.3817,11.4336,10.3389,2.6614,0.9478
Congo,2000,Both sexes,24.8,10.4563,10.3067,3.287,0.75
Congo,2000,Female,25.6,10.5165,11.0331,3.1286,0.9218
Congo,2000,Male,24.0,10.1274,9.7268,3.2906,0.8552
Congo,2005,Both sexes,22.1,9.2805,9.0017,3.2718,0.546
Congo,2005,Female,23.3,10.442,9.9602,2.097,0.8008
Congo,2005,Male,20.7,8.3506,8.3067,3.7238,0.3189
Congo,2010,Both sexes,19.0,8.3814,7.7259,2.0476,0.8451
Congo,2010,Female,20.1,8.8086,8.2157,2.4706,0.6051
Congo,2010,Male,17.8,7.9413,7.5535,1.6956,0.6096
Congo,2015,Both sexes,17.0,7.4715,7.059,2.2445,0.225
Congo,2015,Female,17.8,7.428,7.9883,1.7493,0.6344
Congo,2015,Male,16.1,6.7644,6.5797,2.1474,0.6085
Congo,2020,Both sexes,16.7,7.3909,6.8541,1.6663,0.7887
Congo,2020,Female,17.4,7.7238,7.7152,1.566,0.395
Congo,2020,Male,15.9,6.4525,7.0099,2.0365,0.4011
Congo,2025,Both sexes,17.0348,7.5847,6.9418,1.6988,0.8095
Congo,2025,Female,17.7727,7.8733,7.8816,1.6121,0.4057
Congo,2025,Male,16.1113,6.5213,7.1252,2.0587,0.4061
Costa Rica,2000,Both sexes,14.2,5.6936,5.8645,2.0681,0.5738
Costa Rica,2000,Female,11.9,4.7672,4.9035,1.6458,0.5835
Costa Rica,2000,Male,16.4,6.6724,6.999,2.4234,0.3052
Costa Rica,2005,Both sexes,12.6,5.1626,5.2717,1.831,0.3347
Costa Rica,2005,Female,10.9,4.366,4.5868,1.6283,0.3189
Costa Rica,2005,Male,14.4,6.3558,6.2882,1.296,0.46
Costa Rica,2010,Both sexes,13.0,5.7291,5.5999,1.3818,0.2892
Costa Rica,2010,Female,10.8,4.3906,4.7988,1.3083,0.3023
Costa Rica,2010,Male,15.2,6.5542,6.4806,1.7542,0.411
Costa Rica,2015,Both sexes,11.6,4.7787,4.7225,1.9264,0.1724
Costa Rica,2015,Female,9.5,3.8296,4.042,1.1547,0.4737
Costa Rica,2015,Male,13.7,5.6877,5.5492,1.9467,0.5164
Costa Rica,2020,Both sexes,11.5,4.6874,4.6353,1.7032,0.4741
Costa Rica,2020,Female,9.4,3.7872,4.0867,1.0623,0.4638
Costa Rica,2020,Male,13.7,5.795,5.5198,1.703,0.6822
Costa Rica,2025,Both sexes,11.7155,4.7949,4.6886,1.7446,0.4874
Costa Rica,2025,Female,9.538,3.8288,4.1574,1.0797,0.4721
Costa Rica,2025,Male,14.0612,5.9492,5.6791,1.731,0.7019
Croatia,2000,Both sexes,22.9,9.3067,9.5473,2.9669,1.0791
Croatia,2000,Female,15.4,6.4983,6.632,1.5348,0.7349
Croatia,2000,Male,30.8,12.6659,12.8931,4.4006,0.8404
Croatia,2005,Both sexes,20.7,9.2824,9.1067,1.863,0.4479
Croatia,2005,Female,13.2,5.7737,5.8158,1.188,0.4225
Croatia,2005,Male,28.6,12.8414,12.3007,2.574,0.8839
Croatia,2010,Both sexes,18.8,8.1072,7.879,2.4711,0.3427
Croatia,2010,Female,12.4,5.3592,5.2888,1.6072,0.1448
Croatia,2010,Male,25.6,10.3954,11.0272,3.1282,1.0492
Croatia,2015,Both sexes,17.2,6.9646,7.4479,2.0896,0.6979
Croatia,2015,Female,11.1,4.9772,4.604,1.0663,0.4525
Croatia,2015,Male,23.5,9.7114,9.4246,4.0517,0.3123
Croatia,2020,Both sexes,16.7,7.4787,7.2958,1.5225,0.403
Croatia,2020,Female,10.7,4.6338,4.3791,1.5056,0.1815
Croatia,2020,Male,22.8,9.4581,9.5187,2.8888,0.9344
Croatia,2025,Both sexes,17.0101,7.6009,7.4573,1.5435,0.4084
Croatia,2025,Female,10.9215,4.7293,4.4788,1.5284,0.185
Croatia,2025,Male,23.2616,9.606,9.7332,2.9673,0.9551
Cuba,2000,Both sexes,18.1,8.0304,7.8158,1.629,0.6248
Cuba,2000,Female,15.8,6.5149,6.8939,1.6064,0.7848
Cuba,2000,Male,20.4,8.3233,8.6308,3.2343,0.2116
Cuba,2005,Both sexes,17.6,7.4852,7.7798,1.6431,0.6919
Cuba,2005,Female,15.2,6.3061,6.5094,1.8136,0.5709
Cuba,2005,Male,20.0,8.5422,8.5903,2.2607,0.6068
Cuba,2010,Both sexes,17.6,7.5196,7.9065,1.584,0.5899
Cuba,2010,Female,15.1,6.5881,6.6574,1.5745,0.28
Cuba,2010,Male,20.0,8.0432,8.1648,3.4866,0.3054
Cuba,2015,Both sexes,16.6,7.4027,6.8494,1.6806,0.6673
Cuba,2015,Female,14.0,6.1435,6.0593,1.5578,0.2394
Cuba,2015,Male,19.1,8.0798,8.4441,1.8285,0.7476
Cuba,2020,Both sexes,16.4,6.7574,6.6596,2.6895,0.2935
Cuba,2020,Female,13.8,6.083,6.1143,1.242,0.3607
Cuba,2020,Male,19.0,8.4426,8.2135,1.9366,0.4073
Cuba,2025,Both sexes,16.6802,6.832,6.8099,2.7368,0.3015
Cuba,2025,Female,14.1787,6.2427,6.2961,1.2709,0.369
Cuba,2025,Male,19.3417,8.5538,8.3866,1.9897,0.4116
Cyprus,2000,Both sexes,14.1,6.0547,5.9791,1.563,0.5032
Cyprus,2000,Female,9.8,4.1947,4.2157,1.0264,0.3632
Cyprus,2000,Male,18.4,7.4197,7.8936,2.4895,0.5972
Cyprus,2005,Both sexes,13.8,5.9292,5.7902,1.7149,0.3657
Cyprus,2005,Female,10.3,4.3031,4.529,1.3266,0.1413
Cyprus,2005,Male,17.4,7.5652,6.9628,2.2668,0.6052
Cyprus,2010,Both sexes,11.8,4.9129,4.8078,1.817,0.2623
Cyprus,2010,Female,7.9,3.3372,3.4452,0.7585,0.3591
Cyprus,2010,Male,15.8,7.0126,7.1071,1.422,0.2583
Cyprus,2015,Both sexes,11.5,5.0507,4.9187,1.4132,0.1174
Cyprus,2015,Female,7.6,3.1169,3.4041,0.8911,0.1879
Cyprus,2015,Male,15.4,6.746,6.1872,1.8535,0.6133
Cyprus,2020,Both sexes,11.3,4.576,4.7468,1.5025,0.4747
Cyprus,2020,Female,7.5,3.231,3.0705,1.0169,0.1816
Cyprus,2020,Male,15.2,6.2351,6.5019,1.8654,0.5976
Cyprus,2025,Both sexes,11.5122,4.6339,4.8638,1.5278,0.4867
Cyprus,2025,Female,7.6615,3.2926,3.1548,1.0275,0.1866
Cyprus,2025,Male,15.5169,6.3266,6.668,1.9096,0.6127
Czechia,2000,Both sexes,22.6,9.9798,9.3486,2.5773,0.6943
Czechia,2000,Female,15.3,6.4487,6.7876,1.3954,0.6683
Czechia,2000,Male,30.5,12.6556,13.6345,3.5886,0.6213
Czechia,2005,Both sexes,19.9,8.7956,8.3419,2.1083,0.6542
Czechia,2005,Female,13.6,5.6675,5.4578,2.3256,0.1491
Czechia,2005,Male,26.6,11.4217,10.8854,3.6415,0.6514
Czechia,2010,Both sexes,17.7,7.7311,7.9635,1.593,0.4124
Czechia,2010,Female,11.9,5.2275,4.8304,1.528,0.3141
Czechia,2010,Male,23.7,10.2414,9.9792,2.6393,0.8401
Czechia,2015,Both sexes,15.5,6.8112,6.6009,1.66,0.4279
Czechia,2015,Female,10.6,4.287,4.3569,1.5965,0.3596
Czechia,2015,Male,20.7,8.4326,8.6197,3.0813,0.5664
Czechia,2020,Both sexes,15.0,6.6037,6.2024,1.5489,0.645
Czechia,2020,Female,10.2,4.2505,4.4803,1.0785,0.3907
Czechia,2020,Male,20.0,8.4983,8.0771,3.1778,0.2468
Czechia,2025,Both sexes,15.2773,6.738,6.2912,1.5872,0.6609
Czechia,2025,Female,10.4034,4.331,4.5684,1.1068,0.3972
Czechia,2025,Male,20.3788,8.7131,8.1714,3.2405,0.2538
Côte d’Ivoire,2000,Both sexes,26.2,11.446,11.151,2.6281,0.9749
Côte d’Ivoire,2000,Female,27.5,11.0991,11.098,5.0146,0.2883
Côte d’Ivoire,2000,Male,25.2,10.1325,10.1868,3.9066,0.9741
Côte d’Ivoire,2005,Both sexes,28.1,11.8884,12.1353,3.0542,1.0221
Côte d’Ivoire,2005,Female,29.2,11.7773,12.4369,4.5184,0.4674
Côte d’Ivoire,2005,Male,27.2,12.0974,11.7459,2.448,0.9087
Côte d’Ivoire,2010,Both sexes,28.6,12.8061,12.5653,2.5818,0.6468
Côte d’Ivoire,2010,Female,29.8,13.1729,11.9773,3.2769,1.3729
Côte d’Ivoire,2010,Male,27.7,12.0331,11.6861,3.4217,0.5591
Côte d’Ivoire,2015,Both sexes,29.3,11.9398,12.1957,4.0073,1.1572
Côte d’Ivoire,2015,Female,30.3,12.8161,13.3093,2.7904,1.3842
Côte d’Ivoire,2015,Male,28.5,12.0783,11.9356,3.7513,0.7348
Côte d’Ivoire,2020,Both sexes,29.1,12.8062,13.0362,2.619,0.6386
Côte d’Ivoire,2020,Female,30.1,13.3108,12.1876,3.7128,0.8888
Côte d’Ivoire,2020,Male,28.2,11.4347,12.0526,3.9181,0.7946
Côte d’Ivoire,2025,Both sexes,29.8736,13.1526,13.4045,2.6687,0.6478
Côte d’Ivoire,2025,Female,30.6544,13.4964,12.4936,3.7608,0.9036
Côte d’Ivoire,2025,Male,28.8507,11.6745,12.3613,4.0064,0.8085
Democratic People's Republic of Korea,2000,Both sexes,23.6,9.8499,10.5018,2.9917,0.2566
Democratic People's Republic of Korea,2000,Female,17.1,7.641,6.8847,2.1169,0.4574
Democratic People's Republic of Korea,2000,Male,32.2,13.9487,14.4311,2.898,0.9222
Democratic People's Republic of Korea,2005,Both sexes,26.5,11.6291,10.6866,3.4024,0.7819
Democratic People's Republic of Korea,2005,Female,18.9,7.6916,8.0631,2.6455,0.4998
Democratic People's Republic of Korea,2005,Male,35.4,14.2195,14.2709,5.2721,1.6375
Democratic People's Republic of Korea,2010,Both sexes,27.3,10.9979,11.3052,4.4382,0.5587
Democratic People's Republic of Korea,2010,Female,19.4,8.0238,8.4966,2.3366,0.543
Democratic People's Republic of Korea,2010,Male,36.2,14.927,16.1203,4.4293,0.7234
Democratic People's Republic of Korea,2015,Both sexes,25.8,11.2611,11.3075,2.8094,0.422
Democratic People's Republic of Korea,2015,Female,17.9,7.748,8.0162,1.9075,0.2283
Democratic People's Republic of Korea,2015,Male,34.6,14.8957,14.0742,4.2442,1.3859
Democratic People's Republic of Korea,2020,Both sexes,25.6,10.4782,11.2674,3.1292,0.7252
Democratic People's Republic of Korea,2020,Female,17.6,7.6806,7.4769,1.959,0.4835
Democratic People's Republic of Korea,2020,Male,34.4,14.5907,13.9896,5.3648,0.4549
Democratic People's Republic of Korea,2025,Both sexes,26.2044,10.7485,11.4959,3.2202,0.7398
Democratic People's Republic of Korea,2025,Female,17.8954,7.7748,7.618,2.0142,0.4884
Democratic People's Republic of Korea,2025,Male,35.2559,14.917,14.3615,5.5178,0.4596
Democratic Republic of the Congo,2000,Both sexes,22.7,9.6617,9.9953,2.3991,0.6439
Democratic Republic of the Congo,2000,Female,23.1,9.5387,9.4302,3.5949,0.5362
Democratic Republic of the Congo,2000,Male,22.4,9.0182,9.8406,3.1368,0.4044
Democratic Republic of the Congo,2005,Both sexes,21.3,8.6965,9.5272,2.1391,0.9372
Democratic Republic of the Congo,2005,Female,21.6,9.3431,9.2291,2.7581,0.2697
Democratic Republic of the Congo,2005,Male,21.0,9.1025,8.8854,2.4562,0.5559
Democratic Republic of the Congo,2010,Both sexes,20.1,8.1553,8.9044,2.2581,0.7822
Democratic Republic of the Congo,2010,Female,20.2,8.1625,8.5429,2.9009,0.5937
Democratic Republic of the Congo,2010,Male,20.0,8.0677,8.7078,2.5897,0.6348
Democratic Republic of the Congo,2015,Both sexes,19.4,8.3503,8.099,2.6682,0.2825
Democratic Republic of the Congo,2015,Female,19.2,8.4966,8.2188,1.8907,0.5939
Democratic Republic of the Congo,2015,Male,19.6,7.9882,8.0608,3.1582,0.3928
Democratic Republic of the Congo,2020,Both sexes,19.4,8.0124,8.4689,1.9633,0.9554
Democratic Republic of the Congo,2020,Female,19.2,8.2227,8.1254,1.9134,0.9385
Democratic Republic of the Congo,2020,Male,19.7,8.1327,8.5244,2.6899,0.353
Democratic Republic of the Congo,2025,Both sexes,19.7404,8.1176,8.6503,2.003,0.9695
Democratic Republic of the Congo,2025,Female,19.4862,8.3702,8.2129,1.9503,0.9528
Democratic Republic of the Congo,2025,Male,20.078,8.2851,8.6995,2.7362,0.3572
Denmark,2000,Both sexes,18.3,8.1043,8.1491,1.6609,0.3857
Denmark,2000,Female,15.8,6.4655,7.0263,1.7367,0.5715
Denmark,2000,Male,20.9,9.3878,8.507,2.6273,0.3779
Denmark,2005,Both sexes,15.1,6.5191,6.6424,1.5483,0.3902
Denmark,2005,Female,12.7,5.5219,5.5837,1.3065,0.2879
Denmark,2005,Male,17.5,7.8007,7.4664,1.9473,0.2856
Denmark,2010,Both sexes,13.4,5.9108,5.6149,1.3246,0.5497
Denmark,2010,Female,11.4,4.7237,5.0119,1.287,0.3774
Denmark,2010,Male,15.5,6.9475,6.3579,1.7151,0.4795
Denmark,2015,Both sexes,11.7,5.1316,4.6959,1.725,0.1475
Denmark,2015,Female,9.9,4.2064,4.0122,1.3223,0.3591
Denmark,2015,Male,13.5,5.7132,6.0137,1.3472,0.4259
Denmark,2020,Both sexes,11.3,4.9476,4.8135,1.3334,0.2055
Denmark,2020,Female,9.5,3.9134,4.0143,1.1029,0.4694
Denmark,2020,Male,13.1,5.815,5.8161,1.179,0.2899
Denmark,2025,Both sexes,11.565,5.0707,4.9209,1.3651,0.2083
Denmark,2025,Female,9.6511,3.9829,4.0671,1.1185,0.4826
Denmark,2025,Male,13.4159,5.9407,5.9706,1.2116,0.293
Djibouti,2000,Both sexes,21.6,8.8277,9.409,2.4337,0.9296
Djibouti,2000,Female,20.1,8.3897,8.4926,2.4147,0.803
Djibouti,2000,Male,23.1,9.3562,9.5171,3.8645,0.3622
Djibouti,2005,Both sexes,20.9,9.1022,8.6885,2.5064,0.6029
Djibouti,2005,Female,19.6,8.3243,8.6517,2.1652,0.4588
Djibouti,2005,Male,22.3,9.8361,9.4321,2.4896,0.5422
Djibouti,2010,Both sexes,19.1,8.1437,8.327,1.7582,0.8711
Djibouti,2010,Female,18.0,7.9724,7.9372,1.62,0.4704
Djibouti,2010,Male,20.4,8.241,8.9061,2.896,0.3569
Djibouti,2015,Both sexes,19.5,8.7595,8.4512,1.755,0.5343
Djibouti,2015,Female,18.1,7.3868,7.2514,2.8755,0.5863
Djibouti,2015,Male,21.0,8.5743,9.326,2.5306,0.5691
Djibouti,2020,Both sexes,19.6,7.9891,8.2715,2.661,0.6784
Djibouti,2020,Female,18.2,7.7397,8.1601,1.814,0.4862
Djibouti,2020,Male,21.2,8.5685,9.4154,2.3227,0.8934
Djibouti,2025,Both sexes,19.9706,8.0963,8.4525,2.7365,0.6853
Djibouti,2025,Female,18.5349,7.9062,8.2685,1.8677,0.4925
Djibouti,2025,Male,21.6137,8.6931,9.6213,2.3838,0.9155
Dominican Republic,2000,Both sexes,21.9,9.2641,9.7067,2.2313,0.6979
Dominican Republic,2000,Female,19.7,8.2962,7.9214,2.7024,0.78
Dominican Republic,2000,Male,24.0,10.0565,10.7722,2.8251,0.3462
Dominican Republic,2005,Both sexes,20.4,8.9414,8.9642,1.836,0.6584
Dominican Republic,2005,Female,18.3,7.8328,7.4216,2.5354,0.5102
Dominican Republic,2005,Male,22.5,9.2928,10.0206,2.3579,0.8287
Dominican Republic,2010,Both sexes,19.6,8.5203,8.3424,2.302,0.4353
Dominican Republic,2010,Female,17.2,7.4417,7.6869,1.548,0.5234
Dominican Republic,2010,Male,22.0,9.0339,8.8365,3.6421,0.4875
Dominican Republic,2015,Both sexes,19.1,7.9505,8.2954,2.6099,0.2442
Dominican Republic,2015,Female,16.5,7.2906,6.8304,1.7897,0.5893
Dominican Republic,2015,Male,21.7,8.8697,9.6085,2.8076,0.4142
Dominican Republic,2020,Both sexes,19.0,8.2186,8.1899,2.1337,0.4578
Dominican Republic,2020,Female,16.5,7.1232,6.7042,2.0614,0.6112
Dominican Republic,2020,Male,21.7,9.593,9.1913,1.953,0.9627
Dominican Republic,2025,Both sexes,19.3257,8.3704,8.292,2.1926,0.4707
Dominican Republic,2025,Female,16.7544,7.2187,6.824,2.0864,0.6253
Dominican Republic,2025,Male,22.2241,9.7877,9.4634,1.9835,0.9895
Ecuador,2000,Both sexes,16.6,6.6688,7.1237,1.9805,0.827
Ecuador,2000,Female,15.6,6.8885,6.7072,1.7766,0.2277
Ecuador,2000,Male,17.6,7.793,7.4989,2.0873,0.2208
Ecuador,2005,Both sexes,15.0,6.6772,6.6392,1.35,0.3336
Ecuador,2005,Female,14.0,5.6553,5.7677,1.9921,0.5849
Ecuador,2005,Male,16.1,6.9175,7.1583,1.7438,0.2804
Ecuador,2010,Both sexes,13.8,5.6869,5.5286,2.1878,0.3967
Ecuador,2010,Female,13.0,5.3949,5.6831,1.7669,0.1551
Ecuador,2010,Male,14.7,6.1014,6.3198,1.957,0.3218
Ecuador,2015,Both sexes,13.4,5.8469,5.5642,1.4104,0.5785
Ecuador,2015,Female,12.4,5.3963,5.2952,1.5366,0.1719
Ecuador,2015,Male,14.4,5.9627,6.3884,1.8401,0.2088
Ecuador,2020,Both sexes,13.0,5.7967,5.382,1.2449,0.5764
Ecuador,2020,Female,12.2,5.371,4.891,1.3462,0.5918
Ecuador,2020,Male,13.9,5.7631,6.193,1.3857,0.5582
Ecuador,2025,Both sexes,13.2418,5.9315,5.4603,1.2601,0.5899
Ecuador,2025,Female,12.4432,5.4524,5.0052,1.3762,0.6094
Ecuador,2025,Male,14.1666,5.919,6.2762,1.4076,0.5638
Egypt,2000,Both sexes,25.3,11.349,10.5392,2.671,0.7408
Egypt,2000,Female,21.5,8.8225,9.1553,3.3024,0.2198
Egypt,2000,Male,29.2,11.9663,12.5717,4.0421,0.6199
Egypt,2005,Both sexes,27.1,11.526,11.6992,3.5269,0.3479
Egypt,2005,Female,23.2,9.333,9.4424,3.9357,0.4889
Egypt,2005,Male,31.1,12.8356,13.0027,4.363,0.8987
Egypt,2010,Both sexes,28.0,11.5324,11.9173,4.1536,0.3967
Egypt,2010,Female,24.1,10.7854,10.3638,2.169,0.7818
Egypt,2010,Male,31.9,13.3733,13.5378,3.8376,1.1513
Egypt,2015,Both sexes,28.2,11.8928,12.3712,2.9751,0.9609
Egypt,2015,Female,24.3,10.487,10.4389,2.4481,0.926
Egypt,2015,Male,32.0,14.228,13.5094,3.1655,1.0971
Egypt,2020,Both sexes,27.7,11.21,12.3398,3.1317,1.0185
Egypt,2020,Female,23.8,10.1358,10.0322,3.0923,0.5397
Egypt,2020,Male,31.5,13.9061,13.9844,2.835,0.7745
Egypt,2025,Both sexes,28.3059,11.4323,12.6136,3.2134,1.0466
Egypt,2025,Female,24.1689,10.3047,10.1502,3.1618,0.5522
Egypt,2025,Male,32.3311,14.3165,14.3042,2.9143,0.7961
El Salvador,2000,Both sexes,17.1,6.8909,7.3562,2.2122,0.6407
El Salvador,2000,Female,16.6,6.9463,6.7405,2.4691,0.4441
El Salvador,2000,Male,17.6,7.1407,7.3778,2.5843,0.4972
El Salvador,2005,Both sexes,15.7,6.7572,6.5229,1.7456,0.6743
El Salvador,2005,Female,15.3,6.6068,6.1591,2.2234,0.3107
El Salvador,2005,Male,16.1,7.2088,7.1011,1.6281,0.162
El Salvador,2010,Both sexes,14.7,6.3962,6.6097,1.4698,0.2243
El Salvador,2010,Female,14.1,5.9298,6.2799,1.3466,0.5437
El Salvador,2010,Male,15.6,6.4543,6.5478,2.1787,0.4192
El Salvador,2015,Both sexes,14.1,6.2969,5.9199,1.6931,0.1901
El Salvador,2015,Female,13.2,5.6149,5.857,1.3355,0.3926
El Salvador,2015,Male,15.3,6.5921,6.2071,2.1366,0.3642
El Salvador,2020,Both sexes,14.0,5.6054,5.7533,2.4807,0.1606
El Salvador,2020,Female,13.1,5.6147,5.5758,1.6247,0.2848
El Salvador,2020,Male,15.1,6.1216,6.2958,2.0468,0.6358
El Salvador,2025,Both sexes,14.3109,5.7282,5.9136,2.5058,0.1633
El Salvador,2025,Female,13.3389,5.7389,5.6665,1.6442,0.2893
El Salvador,2025,Male,15.3301,6.1939,6.4078,2.0749,0.6535
Equatorial Guinea,2000,Both sexes,26.4,10.9643,11.6015,3.0988,0.7354
Equatorial Guinea,2000,Female,24.7,11.012,10.4123,2.7136,0.5621
Equatorial Guinea,2000,Male,28.2,12.4057,12.4396,2.538,0.8167
Equatorial Guinea,2005,Both sexes,23.6,10.0992,9.8449,2.7315,0.9244
Equatorial Guinea,2005,Female,22.4,9.4415,9.7137,2.774,0.4708
Equatorial Guinea,2005,Male,24.9,10.7721,11.0128,2.241,0.8741
Equatorial Guinea,2010,Both sexes,23.0,9.8141,9.3635,3.5817,0.2407
Equatorial Guinea,2010,Female,21.9,9.392,8.8079,3.3733,0.3268
Equatorial Guinea,2010,Male,24.1,10.1486,9.9955,3.2464,0.7095
Equatorial Guinea,2015,Both sexes,22.0,8.8111,9.4997,2.6655,1.0237
Equatorial Guinea,2015,Female,21.3,8.6484,9.4811,2.9009,0.2696
Equatorial Guinea,2015,Male,22.7,9.7753,10.0716,2.043,0.8101
Equatorial Guinea,2020,Both sexes,22.0,9.6263,8.8781,3.205,0.2906
Equatorial Guinea,2020,Female,21.3,9.2428,8.9054,2.433,0.7188
Equatorial Guinea,2020,Male,22.6,9.4409,10.1042,2.2246,0.8303
Equatorial Guinea,2025,Both sexes,22.3459,9.7398,9.049,3.2603,0.2968
Equatorial Guinea,2025,Female,21.8144,9.4675,9.1483,2.4594,0.7392
Equatorial Guinea,2025,Male,23.11,9.7164,10.2841,2.2692,0.8403
Eritrea,2000,Both sexes,25.7,10.31,11.2517,3.4099,0.7284
Eritrea,2000,Female,24.8,11.1053,10.3093,2.256,1.1294
Eritrea,2000,Male,26.7,11.0661,11.8816,3.3612,0.3911
Eritrea,2005,Both sexes,25.2,10.6918,10.1147,3.632,0.7615
Eritrea,2005,Female,24.4,9.7978,10.2333,3.9687,0.4002
Eritrea,2005,Male,26.0,11.6532,10.8995,3.1468,0.3005
Eritrea,2010,Both sexes,24.8,10.3059,10.7596,2.8855,0.849
Eritrea,2010,Female,24.0,10.1448,10.4259,3.0543,0.375
Eritrea,2010,Male,25.6,10.7067,10.5189,3.1067,1.2677
Eritrea,2015,Both sexes,24.2,10.757,10.0985,2.953,0.3915
Eritrea,2015,Female,22.9,9.55,9.2421,3.5037,0.6042
Eritrea,2015,Male,25.6,10.2726,11.0667,3.3526,0.9081
Eritrea,2020,Both sexes,23.9,10.2557,10.0036,2.8271,0.8136
Eritrea,2020,Female,22.7,9.2694,9.5687,3.5055,0.3564
Eritrea,2020,Male,25.3,11.0126,10.9908,2.6646,0.632
Eritrea,2025,Both sexes,24.5086,10.5199,10.2896,2.8751,0.824
Eritrea,2025,Female,23.2509,9.4714,9.8297,3.5859,0.3639
Eritrea,2025,Male,25.7872,11.2778,11.1674,2.7008,0.6412
Estonia,2000,Both sexes,26.9,11.2915,10.8131,4.0148,0.7806
Estonia,2000,Female,17.6,7.8403,7.6755,1.584,0.5002
Estonia,2000,Male,38.0,16.2317,15.6327,4.2902,1.8454
Estonia,2005,Both sexes,23.8,10.2652,10.1018,2.8125,0.6205
Estonia,2005,Female,14.3,6.1271,6.1638,1.751,0.2581
Estonia,2005,Male,35.2,15.8292,15.6294,3.168,0.5734
Estonia,2010,Both sexes,19.6,7.8965,8.1756,3.12,0.4079
Estonia,2010,Female,12.2,5.2341,4.9649,1.6623,0.3387
Estonia,2010,Male,28.6,12.822,12.2375,2.8572,0.6833
Estonia,2015,Both sexes,16.9,6.8903,7.2279,2.2467,0.5351
Estonia,2015,Female,10.4,4.3172,4.2949,1.603,0.1849
Estonia,2015,Male,24.9,10.9086,10.9979,2.3059,0.6876
Estonia,2020,Both sexes,17.0,7.3125,7.5027,1.53,0.6548
Estonia,2020,Female,10.3,4.3185,4.2953,1.3601,0.3261
Estonia,2020,Male,25.0,10.3605,11.2014,2.7986,0.6395
Estonia,2025,Both sexes,17.3773,7.4514,7.695,1.5595,0.6714
Estonia,2025,Female,10.5199,4.4443,4.3594,1.3853,0.3309
Estonia,2025,Male,25.672,10.642,11.5219,2.8543,0.6538
Eswatini,2000,Both sexes,27.2,12.0815,11.4897,2.8014,0.8274
Eswatini,2000,Female,24.9,10.5537,10.8162,2.5613,0.9688
Eswatini,2000,Male,29.8,12.8536,13.3003,3.3253,0.3208
Eswatini,2005,Both sexes,27.3,11.7029,12.225,2.8802,0.4919
Eswatini,2005,Female,25.1,11.1029,11.1608,2.5225,0.3138
Eswatini,2005,Male,30.1,12.2044,13.3252,3.7406,0.8298
Eswatini,2010,Both sexes,26.6,11.1541,11.32,3.3361,0.7898
Eswatini,2010,Female,24.3,10.2152,10.7254,2.3732,0.9862
Eswatini,2010,Male,29.6,12.6944,13.1211,2.664,1.1205
Eswatini,2015,Both sexes,26.6,11.2554,11.9447,2.6196,0.7803
Eswatini,2015,Female,24.4,10.1087,10.0079,3.2959,0.9875
Eswatini,2015,Male,29.8,13.2067,12.7972,3.0507,0.7454
Eswatini,2020,Both sexes,26.7,11.8414,10.8544,2.8929,1.1113
Eswatini,2020,Female,24.4,10.8301,10.9117,2.269,0.3892
Eswatini,2020,Male,29.8,12.106,13.1034,3.9639,0.6267
Eswatini,2025,Both sexes,27.2657,12.078,11.0882,2.9771,1.1224
Eswatini,2025,Female,24.9814,11.0648,11.2007,2.3151,0.4008
Eswatini,2025,Male,30.4221,12.4526,13.3064,4.0206,0.6425
Ethiopia,2000,Both sexes,21.7,9.247,9.005,3.1643,0.2837
Ethiopia,2000,Female,21.8,8.7747,8.7995,3.6565,0.5693
Ethiopia,2000,Male,21.5,9.1382,9.4541,2.0846,0.8231
Ethiopia,2005,Both sexes,20.4,8.5757,8.5752,2.9912,0.2579
Ethiopia,2005,Female,20.3,9.0819,8.1934,2.0461,0.9786
Ethiopia,2005,Male,20.6,8.5993,8.3543,2.7744,0.872
Ethiopia,2010,Both sexes,18.9,8.272,8.2866,1.701,0.6404
Ethiopia,2010,Female,18.6,7.5224,7.8935,2.9403,0.2438
Ethiopia,2010,Male,19.2,8.4155,8.4921,1.728,0.5644
Ethiopia,2015,Both sexes,18.4,8.278,7.9827,1.656,0.4833
Ethiopia,2015,Female,18.1,7.9949,7.9101,1.9105,0.2845
Ethiopia,2015,Male,18.8,7.7969,7.5335,2.7267,0.7429
Ethiopia,2020,Both sexes,18.3,7.9537,7.443,2.5012,0.4021
Ethiopia,2020,Female,18.0,7.3896,8.0617,2.3623,0.1864
Ethiopia,2020,Male,18.7,7.8154,8.2321,2.2569,0.3956
Ethiopia,2025,Both sexes,18.6127,8.1189,7.5182,2.563,0.4126
Ethiopia,2025,Female,18.3128,7.4944,8.197,2.4298,0.1916
Ethiopia,2025,Male,19.0798,7.9646,8.4074,2.3046,0.4032
Fiji,2000,Both sexes,36.4,14.6589,15.9225,4.9922,0.8264
Fiji,2000,Female,30.1,12.4556,13.104,4.1639,0.3765
Fiji,2000,Male,42.5,17.0003,18.0861,6.9089,0.5047
Fiji,2005,Both sexes,35.6,15.2235,15.1659,4.6512,0.5594
Fiji,2005,Female,28.5,11.8051,11.5907,4.1015,1.0027
Fiji,2005,Male,42.1,18.4721,17.4113,4.9591,1.2575
Fiji,2010,Both sexes,32.9,13.8992,14.1237,3.7259,1.1512
Fiji,2010,Female,26.0,11.3281,11.4693,2.34,0.8626
Fiji,2010,Male,39.2,15.8207,17.0179,5.59,0.7714
Fiji,2015,Both sexes,30.8,12.6681,13.3063,3.3115,1.5141
Fiji,2015,Female,24.2,9.8287,10.7553,2.887,0.729
Fiji,2015,Male,37.0,15.9165,15.462,4.2928,1.3287
Fiji,2020,Both sexes,30.6,12.6918,12.5955,4.6627,0.65
Fiji,2020,Female,24.0,10.6873,9.9858,2.6295,0.6974
Fiji,2020,Male,36.8,16.1984,16.4298,3.312,0.8598
Fiji,2025,Both sexes,31.0288,12.8197,12.8027,4.7446,0.6618
Fiji,2025,Female,24.5303,10.9031,10.2557,2.6605,0.711
Fiji,2025,Male,37.4978,16.4386,16.806,3.3758,0.8774
Finland,2000,Both sexes,14.6,6.5385,6.2053,1.4575,0.3987
Finland,2000,Female,9.7,4.0594,3.9054,1.3404,0.3948
Finland,2000,Male,19.7,8.3308,8.0857,2.7959,0.4876
Finland,2005,Both sexes,12.9,5.6509,5.7732,1.161,0.3149
Finland,2005,Female,8.4,3.6305,3.3802,1.1842,0.2051
Finland,2005,Male,17.5,7.2608,7.0922,2.4247,0.7223
Finland,2010,Both sexes,11.8,5.0114,4.9487,1.4233,0.4166
Finland,2010,Female,7.9,3.4417,3.4232,0.711,0.3241
Finland,2010,Male,15.7,6.8325,6.2834,2.3222,0.2619
Finland,2015,Both sexes,10.5,4.3645,4.6142,1.0417,0.4796
Finland,2015,Female,7.2,3.2271,2.9121,0.7909,0.2699
Finland,2015,Male,13.8,5.8193,6.1479,1.4865,0.3463
Finland,2020,Both sexes,10.2,4.5081,4.0819,1.4073,0.2027
Finland,2020,Female,7.2,3.0097,2.9773,0.8983,0.3147
Finland,2020,Male,13.3,5.8127,5.5303,1.7698,0.1872
Finland,2025,Both sexes,10.4049,4.5874,4.1725,1.4385,0.2065
Finland,2025,Female,7.353,3.0988,3.0228,0.9102,0.3212
Finland,2025,Male,13.5927,5.923,5.68,1.7977,0.192
France,2000,Both sexes,13.8,5.9306,5.5268,1.9483,0.3943
France,2000,Female,8.6,3.5741,3.7728,0.9012,0.3519
France,2000,Male,19.0,8.5153,8.0931,1.71,0.6816
France,2005,Both sexes,12.6,5.0493,5.2788,1.9759,0.296
France,2005,Female,8.2,3.4821,3.4458,1.016,0.2561
France,2005,Male,17.0,6.8164,6.9057,2.8266,0.4513
France,2010,Both sexes,11.8,4.8375,5.2452,1.4636,0.2537
France,2010,Female,7.9,3.3638,3.2657,0.9275,0.343
France,2010,Male,15.7,6.5687,6.3256,2.5787,0.227
France,2015,Both sexes,10.8,4.6482,4.4795,1.5053,0.167
France,2015,Female,7.3,3.1554,3.0642,0.7992,0.2812
France,2015,Male,14.3,6.1859,6.2481,1.5424,0.3236
France,2020,Both sexes,10.6,4.4607,4.6758,0.9969,0.4666
France,2020,Female,7.2,3.1969,2.9577,0.7783,0.2671
France,2020,Male,14.1,5.7895,6.1034,1.7997,0.4074
France,2025,Both sexes,10.7996,4.5366,4.7711,1.0177,0.4742
France,2025,Female,7.2827,3.2374,2.988,0.7873,0.27
France,2025,Male,14.3697,5.8998,6.2194,1.8369,0.4136
Gabon,2000,Both sexes,17.1,7.6876,7.3055,1.539,0.5679
Gabon,2000,Female,16.9,6.9255,6.879,2.5058,0.5897
Gabon,2000,Male,17.4,7.0258,7.2781,2.7652,0.3309
Gabon,2005,Both sexes,15.1,6.2123,6.2262,2.2181,0.4434
Gabon,2005,Female,15.2,6.8079,6.7965,1.368,0.2276
Gabon,2005,Male,15.0,6.5606,6.3554,1.8994,0.1846
Gabon,2010,Both sexes,15.1,6.6795,6.0578,1.6689,0.6938
Gabon,2010,Female,14.9,6.2565,6.1857,2.2697,0.1881
Gabon,2010,Male,15.4,6.7631,6.7609,1.4399,0.4361
Gabon,2015,Both sexes,14.8,6.137,6.4921,1.7162,0.4547
Gabon,2015,Female,14.3,5.9344,6.1822,1.4832,0.7002
Gabon,2015,Male,15.3,6.3863,6.4044,2.3555,0.1538
Gabon,2020,Both sexes,14.4,6.1353,6.4627,1.5856,0.2164
Gabon,2020,Female,13.9,5.6435,5.7446,2.3631,0.1488
Gabon,2020,Male,14.9,5.9726,6.5338,1.7635,0.6301
Gabon,2025,Both sexes,14.6465,6.2025,6.5993,1.6236,0.2211
Gabon,2025,Female,14.1808,5.7643,5.8701,2.3957,0.1507
Gabon,2025,Male,15.253,6.125,6.6856,1.8031,0.6393
Gambia,2000,Both sexes,23.1,10.2144,10.3733,2.079,0.4333
Gambia,2000,Female,21.4,8.7707,9.578,1.9857,1.0656
Gambia,2000,Male,24.6,10.8902,10.1376,2.381,1.1912
Gambia,2005,Both sexes,22.1,9.7317,9.3479,2.3162,0.7042
Gambia,2005,Female,20.1,8.4878,8.2502,3.1208,0.2412
Gambia,2005,Male,23.8,10.0351,9.5722,3.7969,0.3958
Gambia,2010,Both sexes,21.1,8.9123,8.5817,2.5865,1.0195
Gambia,2010,Female,19.3,8.3758,7.7936,2.7255,0.4051
Gambia,2010,Male,22.7,9.6812,9.3545,2.9827,0.6816
Gambia,2015,Both sexes,20.6,9.185,8.5392,2.2825,0.5933
Gambia,2015,Female,19.1,7.7807,7.6475,2.9988,0.673
Gambia,2015,Male,22.1,9.8236,9.622,2.3784,0.276
Gambia,2020,Both sexes,20.4,8.9569,8.7499,2.3693,0.3239
Gambia,2020,Female,18.9,8.1971,7.8056,2.4474,0.4499
Gambia,2020,Male,21.9,9.6482,9.4564,2.2364,0.559
Gambia,2025,Both sexes,20.8955,9.1827,8.9662,2.4152,0.3314
Gambia,2025,Female,19.2259,8.3728,7.8941,2.4978,0.4612
Gambia,2025,Male,22.2958,9.7736,9.659,2.291,0.5722
Georgia,2000,Both sexes,24.7,10.7801,9.9978,3.2515,0.6706
Georgia,2000,Female,17.8,7.2255,7.3771,2.7362,0.4612
Georgia,2000,Male,32.3,12.9671,13.6966,4.4574,1.1789
Georgia,2005,Both sexes,23.0,9.2139,9.2104,4.0172,0.5585
Georgia,2005,Female,16.7,6.8654,6.9486,2.1525,0.7335
Georgia,2005,Male,30.1,13.4339,12.3842,3.2171,1.0648
Georgia,2010,Both sexes,25.0,10.5961,10.8979,3.0086,0.4974
Georgia,2010,Female,16.7,7.1518,7.3243,1.7236,0.5003
Georgia,2010,Male,34.3,14.8187,14.8632,4.0519,0.5662
Georgia,2015,Both sexes,24.9,10.1967,10.9468,2.6033,1.1532
Georgia,2015,Female,16.1,7.2267,7.0496,1.5585,0.2652
Georgia,2015,Male,34.7,15.5173,15.5458,3.123,0.5139
Georgia,2020,Both sexes,24.9,10.8461,11.1815,2.241,0.6314
Georgia,2020,Female,15.9,6.4181,6.8548,1.8441,0.783
Georgia,2020,Male,34.9,14.4129,14.7226,4.5869,1.1776
Georgia,2025,Both sexes,25.2542,11.0096,11.3194,2.2811,0.6441
Georgia,2025,Female,16.1354,6.4838,6.961,1.8851,0.8055
Georgia,2025,Male,35.541,14.6228,15.0455,4.6623,1.2104
Germany,2000,Both sexes,16.1,7.2019,7.1585,1.449,0.2906
Germany,2000,Female,11.2,4.5946,4.811,1.599,0.1954
Germany,2000,Male,21.1,9.2633,8.9425,2.2633,0.6309
Germany,2005,Both sexes,14.1,6.3101,6.05,1.3526,0.3873
Germany,2005,Female,10.0,4.1412,4.1765,1.2246,0.4577
Germany,2005,Male,18.2,7.8079,7.7502,1.9075,0.7344
Germany,2010,Both sexes,13.1,5.8414,5.3067,1.5558,0.3961
Germany,2010,Female,9.4,3.8424,4.1674,1.1901,0.2001
Germany,2010,Male,16.7,6.8644,6.7125,2.932,0.1911
Germany,2015,Both sexes,12.5,5.3607,5.2232,1.3973,0.5188
Germany,2015,Female,9.1,3.9388,3.7494,1.2511,0.1607
Germany,2015,Male,16.0,6.6008,6.8513,2.1584,0.3895
Germany,2020,Both sexes,12.1,5.3963,5.4409,1.12,0.1428
Germany,2020,Female,8.9,3.8956,3.9687,0.801,0.2347
Germany,2020,Male,15.2,6.6584,6.3625,1.7885,0.3906
Germany,2025,Both sexes,12.267,5.4643,5.504,1.1522,0.1465
Germany,2025,Female,9.0448,3.9437,4.0524,0.8102,0.2385
Germany,2025,Male,15.4769,6.7662,6.4808,1.8304,0.3995
Ghana,2000,Both sexes,21.6,9.4412,9.5563,2.0213,0.5812
Ghana,2000,Female,24.4,10.7565,9.9816,3.0559,0.606
Ghana,2000,Male,18.3,7.5972,7.6176,2.3805,0.7047
Ghana,2005,Both sexes,20.3,8.3495,8.4288,3.0719,0.4498
Ghana,2005,Female,23.1,10.3567,9.4991,2.4006,0.8436
Ghana,2005,Male,17.1,7.037,6.8413,2.5519,0.6698
Ghana,2010,Both sexes,20.4,8.5937,8.1983,3.2996,0.3084
Ghana,2010,Female,23.0,9.8009,9.2628,2.8111,1.1252
Ghana,2010,Male,17.6,7.7137,7.04,2.377,0.4693
Ghana,2015,Both sexes,20.9,9.2334,8.7071,2.1706,0.7889
Ghana,2015,Female,23.3,10.3404,9.948,2.5153,0.4963
Ghana,2015,Male,18.2,7.9817,7.8757,2.0502,0.2924
Ghana,2020,Both sexes,20.8,8.6648,9.2092,2.5457,0.3803
Ghana,2020,Female,23.2,9.868,9.7549,2.5926,0.9845
Ghana,2020,Male,18.2,7.3448,7.3428,2.6456,0.8668
Ghana,2025,Both sexes,21.2703,8.9223,9.3618,2.5946,0.3916
Ghana,2025,Female,23.5921,9.9924,9.978,2.6234,0.9983
Ghana,2025,Male,18.585,7.4636,7.522,2.7192,0.8802
Greece,2000,Both sexes,14.9,6.2173,6.21,1.7405,0.7322
Greece,2000,Female,9.6,4.1098,4.2946,0.909,0.2866
Greece,2000,Male,20.4,9.0337,8.8752,1.836,0.6551
Greece,2005,Both sexes,13.6,5.9257,5.754,1.2833,0.637
Greece,2005,Female,8.7,3.5992,3.8311,1.1148,0.1549
Greece,2005,Male,18.6,8.086,8.118,1.674,0.722
Greece,2010,Both sexes,12.9,5.6208,5.6496,1.4477,0.1819
Greece,2010,Female,8.4,3.7518,3.7076,0.756,0.1846
Greece,2010,Male,17.4,7.4071,7.4027,2.1592,0.431
Greece,2015,Both sexes,12.3,5.3562,5.0229,1.4138,0.5071
Greece,2015,Female,7.7,3.1822,3.3116,1.0379,0.1683
Greece,2015,Male,17.1,7.3391,7.6541,1.9067,0.2001
Greece,2020,Both sexes,12.4,5.5192,5.4601,1.116,0.3047
Greece,2020,Female,7.7,3.3345,3.1102,1.0106,0.2447
Greece,2020,Male,17.3,7.5724,7.2601,1.8857,0.5818
Greece,2025,Both sexes,12.607,5.5964,5.551,1.1492,0.3104
Greece,2025,Female,7.828,3.3721,3.1817,1.0223,0.2519
Greece,2025,Male,17.7081,7.7371,7.4423,1.9404,0.5883
Grenada,2000,Both sexes,26.8,11.9342,10.7363,3.139,0.9905
Grenada,2000,Female,23.5,9.7605,9.8147,3.1058,0.819
Grenada,2000,Male,30.6,12.3193,13.0798,4.5429,0.658
Grenada,2005,Both sexes,25.4,10.5534,10.5284,3.1789,1.1393
Grenada,2005,Female,21.5,9.2717,9.2146,2.0824,0.9313
Grenada,2005,Male,29.7,12.879,13.0631,3.1634,0.5945
Grenada,2010,Both sexes,23.9,10.4186,10.5909,2.4802,0.4103
Grenada,2010,Female,20.0,8.1317,8.8653,2.6772,0.3258
Grenada,2010,Male,28.0,12.32,11.9738,2.9821,0.7241
Grenada,2015,Both sexes,21.7,9.7327,9.1549,2.3915,0.4209
Grenada,2015,Female,17.9,8.0255,7.2062,2.1278,0.5405
Grenada,2015,Male,25.5,11.0987,11.2418,2.3471,0.8124
Grenada,2020,Both sexes,21.4,8.9672,8.7344,2.8114,0.887
Grenada,2020,Female,17.3,7.6457,6.9299,2.0644,0.66
Grenada,2020,Male,25.5,11.1364,10.6901,3.3928,0.2807
Grenada,2025,Both sexes,21.9429,9.2115,8.9331,2.892,0.9063
Grenada,2025,Female,17.5559,7.7599,7.0008,2.1199,0.6753
Grenada,2025,Male,26.1152,11.4619,10.9153,3.4514,0.2866
Guatemala,2000,Both sexes,15.0,6.3623,6.2014,2.1138,0.3225
Guatemala,2000,Female,15.1,6.0981,6.0971,2.1792,0.7256
Guatemala,2000,Male,14.8,6.406,6.6367,1.332,0.4253
Guatemala,2005,Both sexes,15.1,6.1255,6.3447,2.0331,0.5967
Guatemala,2005,Female,14.6,6.1303,6.0329,2.1709,0.2659
Guatemala,2005,Male,15.6,6.7896,6.5697,1.8685,0.3722
Guatemala,2010,Both sexes,14.9,6.0355,6.167,2.3838,0.3137
Guatemala,2010,Female,15.1,6.4316,6.1754,1.7557,0.7373
Guatemala,2010,Male,14.8,6.2397,6.6455,1.7269,0.1879
Guatemala,2015,Both sexes,14.9,6.0022,6.2386,1.9474,0.7118
Guatemala,2015,Female,14.9,6.1082,6.2717,1.9235,0.5966
Guatemala,2015,Male,14.9,6.4381,6.4603,1.4758,0.5258
Guatemala,2020,Both sexes,14.9,6.2089,6.5059,1.7952,0.39
Guatemala,2020,Female,15.0,6.3246,6.5141,1.8119,0.3494
Guatemala,2020,Male,14.9,6.0109,6.5439,2.0259,0.3193
Guatemala,2025,Both sexes,15.2145,6.3269,6.6616,1.8282,0.3978
Guatemala,2025,Female,15.3811,6.4689,6.702,1.853,0.3572
Guatemala,2025,Male,15.119,6.0737,6.6586,2.064,0.3227
Guinea,2000,Both sexes,22.4,10.0542,9.0741,3.0402,0.2315
Guinea,2000,Female,23.2,10.3409,9.7835,2.6036,0.472
Guinea,2000,Male,21.5,9.0661,8.6996,2.8757,0.8586
Guinea,2005,Both sexes,23.3,9.3379,9.9991,3.4941,0.4689
Guinea,2005,Female,23.6,10.431,9.6625,2.6358,0.8707
Guinea,2005,Male,22.9,9.6755,10.2564,2.3735,0.5946
Guinea,2010,Both sexes,23.1,9.4188,10.3312,2.4384,0.9116
Guinea,2010,Female,23.3,10.1368,10.1123,2.4374,0.6135
Guinea,2010,Male,22.9,10.171,9.392,2.5697,0.7673
Guinea,2015,Both sexes,22.6,9.8039,9.8385,2.1802,0.7774
Guinea,2015,Female,23.2,10.2847,10.3782,2.2068,0.3303
Guinea,2015,Male,22.0,9.1442,9.0982,3.0116,0.746
Guinea,2020,Both sexes,22.4,9.293,9.0631,3.2832,0.7607
Guinea,2020,Female,22.9,9.1773,10.2649,2.9989,0.4589
Guinea,2020,Male,21.8,9.3998,9.4269,2.5222,0.4511
Guinea,2025,Both sexes,22.911,9.4629,9.302,3.3669,0.7792
Guinea,2025,Female,23.2612,9.307,10.4193,3.0645,0.4704
Guinea,2025,Male,22.1851,9.5446,9.632,2.5491,0.4594
Guinea-Bissau,2000,Both sexes,23.4,10.4373,10.0438,2.181,0.7379
Guinea-Bissau,2000,Female,23.2,10.0531,10.1934,2.2999,0.6536
Guinea-Bissau,2000,Male,23.6,9.7572,9.8748,2.8868,1.0812
Guinea-Bissau,2005,Both sexes,22.3,9.96,9.5268,2.4115,0.4017
Guinea-Bissau,2005,Female,22.3,9.5014,8.9963,3.2482,0.5541
Guinea-Bissau,2005,Male,22.4,9.6508,9.792,2.072,0.8852
Guinea-Bissau,2010,Both sexes,21.5,9.0934,9.3877,2.2822,0.7367
Guinea-Bissau,2010,Female,21.0,9.2804,9.2453,1.89,0.5843
Guinea-Bissau,2010,Male,22.0,9.5402,8.8893,2.5133,1.0572
Guinea-Bissau,2015,Both sexes,19.8,8.1173,8.7887,2.111,0.783
Guinea-Bissau,2015,Female,19.7,8.1467,8.1238,3.1831,0.2464
Guinea-Bissau,2015,Male,20.0,8.0137,8.2484,3.3664,0.3715
Guinea-Bissau,2020,Both sexes,20.0,8.4344,8.7234,2.6349,0.2073
Guinea-Bissau,2020,Female,19.9,8.2008,8.6705,2.757,0.2717
Guinea-Bissau,2020,Male,20.2,8.6753,8.6994,2.108,0.7173
Guinea-Bissau,2025,Both sexes,20.3567,8.6291,8.8462,2.6711,0.2103
Guinea-Bissau,2025,Female,20.2312,8.3123,8.8398,2.8038,0.2753
Guinea-Bissau,2025,Male,20.5512,8.8343,8.8456,2.1437,0.7276
Guyana,2000,Both sexes,32.7,13.6635,13.6584,3.9673,1.4108
Guyana,2000,Female,31.8,14.235,13.2395,3.5567,0.7688
Guyana,2000,Male,33.7,14.81,13.9986,3.3226,1.5688
Guyana,2005,Both sexes,31.3,13.8998,13.7941,2.817,0.7891
Guyana,2005,Female,30.6,12.6224,13.028,3.9881,0.9615
Guyana,2005,Male,32.0,12.9767,13.2627,5.0441,0.7165
Guyana,2010,Both sexes,31.2,13.6725,13.1191,3.2787,1.1297
Guyana,2010,Female,30.0,12.1057,12.2785,4.5187,1.0971
Guyana,2010,Male,32.5,13.4229,13.2592,5.2843,0.5336
Guyana,2015,Both sexes,30.6,12.6873,12.9192,4.6606,0.3329
Guyana,2015,Female,28.9,12.2696,12.8997,3.3199,0.4108
Guyana,2015,Male,32.3,13.4062,13.7317,4.7665,0.3956
Guyana,2020,Both sexes,30.5,13.1611,12.5788,3.5944,1.1657
Guyana,2020,Female,28.8,12.8682,11.6122,3.0815,1.2381
Guyana,2020,Male,32.4,13.6527,13.6769,3.9048,1.1656
Guyana,2025,Both sexes,31.1033,13.4741,12.7791,3.6641,1.186
Guyana,2025,Female,29.3745,13.2179,11.7667,3.1189,1.271
Guyana,2025,Male,33.0649,13.9435,13.9545,3.9699,1.197
Haiti,2000,Both sexes,29.1,12.5243,11.997,4.2205,0.3582
Haiti,2000,Female,27.9,12.499,12.0197,2.511,0.8703
Haiti,2000,Male,30.4,12.7544,12.516,4.5587,0.5709
Haiti,2005,Both sexes,23.4,9.4578,9.3824,4.1707,0.3891
Haiti,2005,Female,23.1,9.3617,9.4968,3.5307,0.7108
Haiti,2005,Male,23.7,10.5357,9.7662,2.8253,0.5728
Haiti,2010,Both sexes,22.3,9.6938,9.176,3.1024,0.3278
Haiti,2010,Female,21.9,9.562,9.3239,2.6538,0.3603
Haiti,2010,Male,22.7,9.2676,9.0823,3.4705,0.8796
Haiti,2015,Both sexes,26.7,11.5837,11.7986,2.403,0.9147
Haiti,2015,Female,25.1,10.2413,10.8854,3.5423,0.431
Haiti,2015,Male,28.5,12.4664,12.0259,3.0267,0.981
Haiti,2020,Both sexes,26.5,11.27,11.847,2.385,0.998
Haiti,2020,Female,25.0,10.6289,10.2423,3.0199,1.1089
Haiti,2020,Male,28.2,11.4246,11.8338,4.0354,0.9062
Haiti,2025,Both sexes,27.0377,11.4092,12.1971,2.4158,1.0156
Haiti,2025,Female,25.6285,10.8784,10.5356,3.0785,1.136
Haiti,2025,Male,28.7005,11.7184,11.9777,4.0785,0.9259
Honduras,2000,Both sexes,16.6,7.34,7.0426,1.8299,0.3875
Honduras,2000,Female,15.0,6.6412,6.6619,1.35,0.3469
Honduras,2000,Male,18.4,8.0882,7.7752,2.2176,0.319
Honduras,2005,Both sexes,15.7,6.7201,6.7733,1.6171,0.5895
Honduras,2005,Female,14.0,5.975,6.1853,1.26,0.5797
Honduras,2005,Male,17.6,7.2629,7.0488,2.603,0.6853
Honduras,2010,Both sexes,14.3,6.0002,6.3604,1.6795,0.2599
Honduras,2010,Female,12.7,5.5834,5.1238,1.6248,0.368
Honduras,2010,Male,16.0,6.8062,6.7354,2.2867,0.1717
Honduras,2015,Both sexes,14.0,6.042,5.9728,1.7806,0.2046
Honduras,2015,Female,12.2,4.9671,5.3022,1.7081,0.2226
Honduras,2015,Male,16.0,6.8845,6.4938,2.2459,0.3758
Honduras,2020,Both sexes,14.0,5.891,5.9003,1.7658,0.4429
Honduras,2020,Female,12.1,5.1426,5.0892,1.3259,0.5423
Honduras,2020,Male,16.1,7.0006,7.0052,1.8226,0.2716
Honduras,2025,Both sexes,14.2973,5.9635,6.0671,1.8172,0.4495
Honduras,2025,Female,12.3759,5.2394,5.2139,1.3643,0.5583
Honduras,2025,Male,16.437,7.1679,7.1489,1.845,0.2752
Hungary,2000,Both sexes,28.1,11.3334,12.317,3.5126,0.937
Hungary,2000,Female,19.1,8.1347,7.774,2.4875,0.7038
Hungary,2000,Male,38.1,16.7296,16.6721,3.429,1.2693
Hungary,2005,Both sexes,26.7,11.6262,10.6912,3.8832,0.4994
Hungary,2005,Female,17.7,7.792,7.7639,1.593,0.5511
Hungary,2005,Male,36.7,15.8942,15.5681,4.8629,0.3748
Hungary,2010,Both sexes,24.2,10.0686,9.9463,3.6038,0.5813
Hungary,2010,Female,16.2,6.856,7.0654,1.691,0.5876
Hungary,2010,Male,33.0,13.8147,13.3134,5.0541,0.8178
Hungary,2015,Both sexes,23.3,10.4478,9.3975,2.6174,0.8373
Hungary,2015,Female,16.5,6.9576,7.4227,1.5857,0.534
Hungary,2015,Male,31.0,12.5149,12.982,4.1964,1.3067
Hungary,2020,Both sexes,23.0,9.2871,9.646,3.0977,0.9692
Hungary,2020,Female,15.6,6.9243,6.5437,1.6379,0.4941
Hungary,2020,Male,31.1,13.8423,12.7564,4.107,0.3943
Hungary,2025,Both sexes,23.5471,9.5555,9.8266,3.1741,0.9909
Hungary,2025,Female,15.9141,7.0826,6.6537,1.6754,0.5024
Hungary,2025,Male,31.671,14.0199,13.0447,4.2004,0.406
Iceland,2000,Both sexes,13.4,5.5774,5.5406,2.0457,0.2363
Iceland,2000,Female,11.4,4.7108,4.9373,1.2662,0.4857
Iceland,2000,Male,15.4,6.6949,6.3284,1.856,0.5207
Iceland,2005,Both sexes,11.8,4.9459,5.2049,1.22,0.4292
Iceland,2005,Female,9.8,4.0494,4.3801,1.023,0.3475
Iceland,2005,Male,13.9,6.1134,5.749,1.5137,0.5239
Iceland,2010,Both sexes,9.8,4.0738,4.0383,1.5056,0.1823
Iceland,2010,Female,7.7,3.1523,3.1096,1.1466,0.2915
Iceland,2010,Male,11.8,4.9707,5.2556,1.2164,0.3573
Iceland,2015,Both sexes,9.3,4.0242,4.1334,0.837,0.3054
Iceland,2015,Female,8.2,3.5737,3.3911,1.0869,0.1483
Iceland,2015,Male,10.2,4.4025,4.1598,1.3423,0.2954
Iceland,2020,Both sexes,9.1,3.9223,3.9777,1.0471,0.1529
Iceland,2020,Female,8.2,3.6524,3.5911,0.738,0.2185
Iceland,2020,Male,9.9,4.0565,4.4008,1.0467,0.396
Iceland,2025,Both sexes,9.2644,3.9915,4.0414,1.0749,0.1566
Iceland,2025,Female,8.3504,3.713,3.6628,0.7528,0.2218
Iceland,2025,Male,10.1315,4.1747,4.4957,1.0594,0.4017
India,2000,Both sexes,26.6,10.813,10.6698,4.4677,0.6495
India,2000,Female,23.4,10.1256,9.6315,3.3955,0.2474
India,2000,Male,29.7,13.0439,12.7208,3.2668,0.6685
India,2005,Both sexes,25.1,11.2936,10.4499,2.3543,1.0022
India,2005,Female,22.3,9.1893,8.965,3.556,0.5897
India,2005,Male,27.9,12.2853,12.3569,2.511,0.7468
India,2010,Both sexes,24.2,10.0736,10.7702,2.178,1.1782
India,2010,Female,21.2,9.0913,8.5513,3.2649,0.2925
India,2010,Male,27.1,11.9584,11.9848,2.6158,0.541
India,2015,Both sexes,23.5,9.4396,10.433,3.1636,0.4638
India,2015,Female,20.0,8.323,8.8979,1.8686,0.9105
India,2015,Male,26.8,11.4668,10.7722,3.5781,0.9829
India,2020,Both sexes,23.3,10.2264,10.2064,2.4593,0.4079
India,2020,Female,19.8,8.348,7.9508,3.0976,0.4036
India,2020,Male,26.7,10.798,11.6131,3.6285,0.6604
India,2025,Both sexes,23.8867,10.5255,10.4268,2.5182,0.4162
India,2025,Female,20.1545,8.4766,8.0887,3.1802,0.409
India,2025,Male,27.2751,11.1007,11.7958,3.7074,0.6712
Indonesia,2000,Both sexes,26.3,11.178,11.4285,2.6971,0.9964
Indonesia,2000,Female,23.7,10.2336,10.1902,2.8692,0.407
Indonesia,2000,Male,29.1,12.5838,12.0405,4.0029,0.4728
Indonesia,2005,Both sexes,26.8,11.6782,11.5148,3.2817,0.3253
Indonesia,2005,Female,23.3,9.7547,10.4171,2.7393,0.3889
Indonesia,2005,Male,30.4,12.8512,13.1857,3.2352,1.1279
Indonesia,2010,Both sexes,27.0,12.053,12.0543,2.43,0.4627
Indonesia,2010,Female,23.3,10.463,10.0767,2.097,0.6633
Indonesia,2010,Male,30.7,13.09,12.6049,3.4755,1.5296
Indonesia,2015,Both sexes,26.5,11.3777,11.3698,2.4374,1.3151
Indonesia,2015,Female,22.8,9.5637,9.3809,3.083,0.7724
Indonesia,2015,Male,30.3,13.2664,12.7901,3.0831,1.1604
Indonesia,2020,Both sexes,26.4,11.5689,11.3833,2.3787,1.0691
Indonesia,2020,Female,22.6,9.6766,9.7458,2.1701,1.0075
Indonesia,2020,Male,30.3,12.179,13.3882,3.6789,1.0539
Indonesia,2025,Both sexes,26.878,11.8705,11.5162,2.4059,1.0854
Indonesia,2025,Female,22.9618,9.8223,9.8927,2.215,1.0318
Indonesia,2025,Male,30.9111,12.5433,13.5361,3.7665,1.0652
Iran (Islamic Republic of),2000,Both sexes,23.9,10.5192,10.7517,2.3614,0.2677
Iran (Islamic Republic of),2000,Female,23.3,9.8617,10.3072,2.8399,0.2912
Iran (Islamic Republic of),2000,Male,24.5,10.8993,10.5627,2.205,0.833
Iran (Islamic Republic of),2005,Both sexes,21.5,9.547,9.5491,1.935,0.4689
Iran (Islamic Republic of),2005,Female,20.0,8.1967,8.7374,2.6367,0.4292
Iran (Islamic Republic of),2005,Male,22.8,9.3608,10.1038,2.2993,1.0361
Iran (Islamic Republic of),2010,Both sexes,18.0,8.0292,7.7249,1.6391,0.6068
Iran (Islamic Republic of),2010,Female,16.5,6.9493,6.6698,2.3155,0.5654
Iran (Islamic Republic of),2010,Male,19.4,8.1043,7.8104,3.2667,0.2186
Iran (Islamic Republic of),2015,Both sexes,15.1,6.6728,6.6461,1.359,0.4221
Iran (Islamic Republic of),2015,Female,13.9,5.6668,5.958,1.9822,0.293
Iran (Islamic Republic of),2015,Male,16.2,6.9141,6.8757,1.9878,0.4224
Iran (Islamic Republic of),2020,Both sexes,14.8,6.4418,6.2568,1.5581,0.5433
Iran (Islamic Republic of),2020,Female,13.7,6.0137,5.8976,1.2683,0.5204
Iran (Islamic Republic of),2020,Male,16.0,7.0699,6.5358,2.2221,0.1722
Iran (Islamic Republic of),2025,Both sexes,15.0308,6.5625,6.3287,1.5855,0.5541
Iran (Islamic Republic of),2025,Female,13.9859,6.1093,6.0525,1.2967,0.5274
Iran (Islamic Republic of),2025,Male,16.2625,7.2142,6.6147,2.2594,0.1742
Iraq,2000,Both sexes,24.2,9.7801,10.2663,3.6189,0.5347
Iraq,2000,Female,21.0,9.0097,8.9308,2.7285,0.331
Iraq,2000,Male,27.5,11.7747,12.1052,3.1942,0.4259
Iraq,2005,Both sexes,22.9,9.5668,9.9317,3.1151,0.2864
Iraq,2005,Female,19.9,8.3009,8.8203,2.4564,0.3224
Iraq,2005,Male,26.0,10.6737,11.4517,3.4618,0.4128
Iraq,2010,Both sexes,22.5,10.0887,9.4947,2.441,0.4756
Iraq,2010,Female,19.3,7.9444,7.8451,3.1195,0.391
Iraq,2010,Male,25.8,11.3498,10.7409,3.1424,0.5669
Iraq,2015,Both sexes,21.6,8.8677,8.8877,3.2233,0.6213
Iraq,2015,Female,18.6,7.577,8.345,1.9272,0.7508
Iraq,2015,Male,24.9,10.2944,10.0857,4.1041,0.4158
Iraq,2020,Both sexes,21.3,8.8771,8.5914,2.7876,1.0439
Iraq,2020,Female,18.3,7.3979,7.6728,2.9943,0.235
Iraq,2020,Male,24.6,10.8449,10.8886,2.214,0.6525
Iraq,2025,Both sexes,21.5743,8.9686,8.684,2.8652,1.0565
Iraq,2025,Female,18.6164,7.5136,7.7914,3.0736,0.2378
Iraq,2025,Male,25.0672,11.0011,11.141,2.2581,0.667
Ireland,2000,Both sexes,17.9,7.3171,7.6681,2.321,0.5938
Ireland,2000,Female,13.8,5.9013,5.7768,1.6186,0.5033
Ireland,2000,Male,21.8,9.2537,9.4228,2.7051,0.4184
Ireland,2005,Both sexes,13.6,5.6858,6.0247,1.5323,0.3572
Ireland,2005,Female,10.8,4.388,4.4261,1.4669,0.519
Ireland,2005,Male,16.3,6.7875,6.89,1.9624,0.6601
Ireland,2010,Both sexes,11.2,5.0341,4.9781,1.008,0.1798
Ireland,2010,Female,9.0,3.8217,3.8174,0.9691,0.3918
Ireland,2010,Male,13.3,5.4498,5.6454,1.6772,0.5276
Ireland,2015,Both sexes,10.5,4.4407,4.5806,1.1325,0.3462
Ireland,2015,Female,8.7,3.6165,3.714,0.9901,0.3794
Ireland,2015,Male,12.2,5.287,5.354,1.098,0.461
Ireland,2020,Both sexes,10.3,4.4414,4.2609,1.2937,0.304
Ireland,2020,Female,8.7,3.8377,3.5048,1.1248,0.2327
Ireland,2020,Male,11.9,4.809,5.0335,1.7927,0.2648
Ireland,2025,Both sexes,10.5316,4.5252,4.3778,1.317,0.3116
Ireland,2025,Female,8.878,3.9431,3.5613,1.1374,0.2362
Ireland,2025,Male,12.0881,4.8735,5.1327,1.8143,0.2676
Israel,2000,Both sexes,14.6,6.5121,5.8692,1.9024,0.3163
Israel,2000,Female,11.6,4.9115,4.9105,1.3092,0.4688
Israel,2000,Male,17.8,7.3047,7.332,2.3385,0.8248
Israel,2005,Both sexes,12.6,5.5885,5.5393,1.134,0.3382
Israel,2005,Female,10.0,4.1756,4.0469,1.483,0.2945
Israel,2005,Male,15.6,6.8252,6.3586,1.9742,0.442
Israel,2010,Both sexes,10.1,4.4419,4.1284,1.1568,0.3729
Israel,2010,Female,8.0,3.2999,3.3053,1.3146,0.0802
Israel,2010,Male,12.3,5.0556,5.0542,1.6371,0.5531
Israel,2015,Both sexes,9.7,4.3504,4.1571,1.04,0.1525
Israel,2015,Female,7.6,3.0731,3.2516,0.9424,0.3329
Israel,2015,Male,12.0,5.0247,5.2786,1.4003,0.2964
Israel,2020,Both sexes,9.6,3.9078,4.114,1.411,0.1672
Israel,2020,Female,7.5,3.3096,3.1071,0.7301,0.3532
Israel,2020,Male,11.8,4.8844,4.849,1.8623,0.2043
Israel,2025,Both sexes,9.7982,4.002,4.1977,1.4266,0.1719
Israel,2025,Female,7.6584,3.3857,3.1732,0.7423,0.3572
Israel,2025,Male,11.9805,4.9416,4.9345,1.8951,0.2093
Italy,2000,Both sexes,13.5,5.4847,5.9216,1.8307,0.263
Italy,2000,Female,9.3,3.9001,3.7508,1.549,0.1001
Italy,2000,Male,17.9,7.7663,7.6664,1.6231,0.8442
Italy,2005,Both sexes,11.6,5.0603,4.7047,1.4367,0.3983
Italy,2005,Female,8.2,3.6086,3.4408,0.8224,0.3282
Italy,2005,Male,15.1,6.2522,6.171,2.2964,0.3804
Italy,2010,Both sexes,10.3,4.138,4.4038,1.4746,0.2836
Italy,2010,Female,7.5,3.1684,3.0891,1.1527,0.0898
Italy,2010,Male,13.3,5.8781,5.4269,1.8488,0.1462
Italy,2015,Both sexes,9.8,3.9349,4.0202,1.6135,0.2314
Italy,2015,Female,7.3,3.1061,3.103,1.0033,0.0876
Italy,2015,Male,12.4,5.2766,5.3414,1.2064,0.5756
Italy,2020,Both sexes,9.5,3.8734,4.0315,1.3368,0.2583
Italy,2020,Female,7.2,3.0232,3.1779,0.8777,0.1212
Italy,2020,Male,12.0,5.1581,5.3997,1.08,0.3622
Italy,2025,Both sexes,9.6783,3.9628,4.081,1.3694,0.2651
Italy,2025,Female,7.3022,3.0536,3.2367,0.8874,0.1245
Italy,2025,Male,12.3459,5.3083,5.5614,1.1068,0.3694
Jamaica,2000,Both sexes,18.1,7.2959,7.3236,3.1816,0.2989
Jamaica,2000,Female,16.0,6.7574,6.8012,2.1236,0.3178
Jamaica,2000,Male,20.2,8.6812,8.232,2.3027,0.9841
Jamaica,2005,Both sexes,16.1,6.5035,6.7965,2.4709,0.3291
Jamaica,2005,Female,14.7,6.0165,6.1538,1.8367,0.693
Jamaica,2005,Male,17.6,7.3422,7.7744,1.6488,0.8346
Jamaica,2010,Both sexes,15.3,6.3354,6.857,1.9483,0.1593
Jamaica,2010,Female,13.9,6.2481,5.7768,1.5471,0.328
Jamaica,2010,Male,16.7,7.2779,7.2697,1.5694,0.583
Jamaica,2015,Both sexes,14.8,6.1165,6.3725,1.7614,0.5496
Jamaica,2015,Female,13.5,5.9973,5.8989,1.319,0.2848
Jamaica,2015,Male,16.1,6.6956,7.1227,1.5107,0.771
Jamaica,2020,Both sexes,14.7,6.4877,6.2657,1.3437,0.6029
Jamaica,2020,Female,13.4,6.0042,5.8075,1.206,0.3823
Jamaica,2020,Male,16.0,6.5875,6.6761,2.5571,0.1793
Jamaica,2025,Both sexes,14.936,6.5847,6.372,1.3631,0.6162
Jamaica,2025,Female,13.709,6.1762,5.9078,1.2313,0.3937
Jamaica,2025,Male,16.3935,6.7756,6.8377,2.5967,0.1835
Japan,2000,Both sexes,11.4,5.0744,4.7561,1.1213,0.4482
Japan,2000,Female,7.5,3.2125,3.2464,0.6966,0.3445
Japan,2000,Male,15.5,6.7105,6.922,1.395,0.4725
Japan,2005,Both sexes,10.4,4.4364,4.3097,1.3449,0.309
Japan,2005,Female,6.9,2.8167,2.8002,1.0632,0.2199
Japan,2005,Male,13.9,5.7685,5.9743,1.777,0.3802
Japan,2010,Both sexes,9.5,4.1283,3.929,1.2753,0.1674
Japan,2010,Female,6.3,2.7817,2.5578,0.7123,0.2482
Japan,2010,Male,12.8,5.2382,5.3389,1.8747,0.3482
Japan,2015,Both sexes,8.6,3.443,3.5314,1.3114,0.3142
Japan,2015,Female,5.8,2.5797,2.5837,0.522,0.1146
Japan,2015,Male,11.5,4.8364,4.8314,1.3103,0.5219
Japan,2020,Both sexes,8.4,3.5578,3.638,0.8678,0.3364
Japan,2020,Female,5.7,2.513,2.4958,0.6216,0.0696
Japan,2020,Male,11.2,4.9022,4.8036,1.008,0.4862
Japan,2025,Both sexes,8.6,3.6447,3.735,0.879,0.3413
Japan,2025,Female,5.8098,2.5427,2.5567,0.6395,0.0709
Japan,2025,Male,11.4395,5.0263,4.8953,1.0208,0.4971
Jordan,2000,Both sexes,23.5,9.8221,10.3677,2.3038,1.0064
Jordan,2000,Female,20.2,8.8938,8.4115,2.5238,0.3709
Jordan,2000,Male,26.5,11.2325,11.0648,3.5534,0.6493
Jordan,2005,Both sexes,22.3,9.3075,8.9761,3.7463,0.2701
Jordan,2005,Female,19.0,8.1833,7.8402,2.3475,0.629
Jordan,2005,Male,25.4,11.0389,10.7416,3.1354,0.4841
Jordan,2010,Both sexes,20.7,8.4586,8.8679,2.9212,0.4523
Jordan,2010,Female,17.1,7.062,7.6691,1.9029,0.466
Jordan,2010,Male,24.3,10.8601,10.7148,2.187,0.5381
Jordan,2015,Both sexes,19.4,8.7112,7.9683,2.4744,0.2461
Jordan,2015,Female,15.8,6.8404,6.7405,1.9958,0.2233
Jordan,2015,Male,23.0,9.8841,10.0497,2.8064,0.2598
Jordan,2020,Both sexes,19.2,8.0635,7.9937,2.9424,0.2004
Jordan,2020,Female,15.6,6.6899,6.6019,2.0781,0.2301
Jordan,2020,Male,22.8,10.0623,10.0331,2.3814,0.3232
Jordan,2025,Both sexes,19.5395,8.227,8.0908,3.0191,0.2026
Jordan,2025,Female,15.8948,6.781,6.7651,2.1158,0.2329
Jordan,2025,Male,23.253,10.2095,10.3032,2.4138,0.3265
Kazakhstan,2000,Both sexes,39.1,16.8361,16.3701,5.1034,0.7904
Kazakhstan,2000,Female,27.7,12.016,11.9916,3.3378,0.3546
Kazakhstan,2000,Male,51.6,20.9132,21.5556,7.7624,1.3688
Kazakhstan,2005,Both sexes,39.0,16.795,17.43,3.51,1.265
Kazakhstan,2005,Female,27.4,11.5124,12.1021,2.6186,1.1669
Kazakhstan,2005,Male,51.7,20.8785,21.5968,7.5689,1.6558
Kazakhstan,2010,Both sexes,32.9,13.8307,13.4252,4.4512,1.1929
Kazakhstan,2010,Female,23.0,9.2787,9.6803,3.7039,0.3371
Kazakhstan,2010,Male,44.2,19.8262,18.9224,3.978,1.4734
Kazakhstan,2015,Both sexes,28.6,12.0965,11.8737,3.2769,1.3529
Kazakhstan,2015,Female,19.8,8.4463,7.9523,2.8267,0.5747
Kazakhstan,2015,Male,38.9,15.7908,17.3761,4.28,1.4531
Kazakhstan,2020,Both sexes,26.8,10.8335,11.3454,3.8363,0.7848
Kazakhstan,2020,Female,18.5,8.1478,8.1619,1.7208,0.4695
Kazakhstan,2020,Male,36.8,16.2673,15.1271,4.4768,0.9288
Kazakhstan,2025,Both sexes,27.329,11.1174,11.5069,3.9019,0.8028
Kazakhstan,2025,Female,18.8357,8.3056,8.2951,1.7556,0.4794
Kazakhstan,2025,Male,37.3372,16.4739,15.3223,4.5924,0.9486
Kenya,2000,Both sexes,17.3,7.3647,7.1868,2.1789,0.5696
Kenya,2000,Female,17.4,6.9655,7.8112,1.7771,0.8462
Kenya,2000,Male,17.3,7.2013,6.954,2.7835,0.3612
Kenya,2005,Both sexes,15.4,6.8014,6.576,1.386,0.6366
Kenya,2005,Female,15.1,6.2296,6.6774,1.7496,0.4434
Kenya,2005,Male,15.7,6.6186,6.5775,1.7722,0.7317
Kenya,2010,Both sexes,13.4,5.782,5.6302,1.4506,0.5372
Kenya,2010,Female,13.0,5.6755,5.7359,1.3825,0.2061
Kenya,2010,Male,13.8,5.8866,5.9874,1.5515,0.3745
Kenya,2015,Both sexes,13.3,5.4739,5.6541,1.6499,0.5221
Kenya,2015,Female,12.9,5.7626,5.7511,1.161,0.2253
Kenya,2015,Male,13.8,6.1811,5.6721,1.3196,0.6272
Kenya,2020,Both sexes,13.4,5.6248,5.4818,2.0753,0.2181
Kenya,2020,Female,13.0,5.3093,5.7716,1.4994,0.4197
Kenya,2020,Male,13.9,6.135,5.5891,1.8038,0.3721
Kenya,2025,Both sexes,13.752,5.7866,5.6436,2.1014,0.2204
Kenya,2025,Female,13.3062,5.4662,5.882,1.5263,0.4317
Kenya,2025,Male,14.1207,6.2192,5.6737,1.8485,0.3793
Kiribati,2000,Both sexes,29.5,13.0315,13.2377,2.7759,0.4549
Kiribati,2000,Female,24.5,10.314,9.862,4.0403,0.2837
Kiribati,2000,Male,35.1,14.4462,15.5641,3.4379,1.6518
Kiribati,2005,Both sexes,29.3,11.8432,12.2959,4.7504,0.4105
Kiribati,2005,Female,24.2,9.8773,9.9629,4.0949,0.2649
Kiribati,2005,Male,35.0,14.029,15.158,4.6195,1.1935
Kiribati,2010,Both sexes,28.8,11.8407,11.9624,4.0794,0.9175
Kiribati,2010,Female,23.6,9.9334,10.3336,2.2493,1.0837
Kiribati,2010,Male,34.6,14.5617,14.1172,5.3385,0.5826
Kiribati,2015,Both sexes,28.5,12.8112,11.4367,3.279,0.9731
Kiribati,2015,Female,23.1,10.324,9.4493,2.5203,0.8064
Kiribati,2015,Male,34.5,14.9376,14.9869,4.0643,0.5112
Kiribati,2020,Both sexes,28.4,11.9211,12.3943,3.4078,0.6768
Kiribati,2020,Female,22.9,9.6182,10.0569,2.7523,0.4726
Kiribati,2020,Male,34.4,14.9143,15.1453,3.096,1.2444
Kiribati,2025,Both sexes,28.9518,12.2774,12.5257,3.4598,0.6889
Kiribati,2025,Female,23.3114,9.7471,10.2724,2.8072,0.4847
Kiribati,2025,Male,35.0689,15.2292,15.4171,3.1502,1.2724
Kuwait,2000,Both sexes,21.7,9.0428,9.1081,2.8721,0.677
Kuwait,2000,Female,20.2,8.8478,8.2354,2.7942,0.3226
Kuwait,2000,Male,22.6,9.2223,9.6864,2.7372,0.9541
Kuwait,2005,Both sexes,20.5,8.6613,8.5459,2.3738,0.919
Kuwait,2005,Female,18.6,7.4877,7.8981,2.6993,0.5149
Kuwait,2005,Male,21.7,8.7706,8.9091,3.1502,0.8701
Kuwait,2010,Both sexes,19.3,7.7688,8.1312,2.5644,0.8356
Kuwait,2010,Female,17.0,7.4947,7.5908,1.6796,0.2349
Kuwait,2010,Male,20.7,9.1138,8.5122,2.6798,0.3942
Kuwait,2015,Both sexes,17.6,7.39,7.8969,1.754,0.5591
Kuwait,2015,Female,14.9,6.6337,6.2392,1.5504,0.4767
Kuwait,2015,Male,19.3,7.9856,8.4046,2.5072,0.4026
Kuwait,2020,Both sexes,17.4,7.4593,7.3018,2.4449,0.194
Kuwait,2020,Female,14.7,6.1052,5.9096,2.1922,0.493
Kuwait,2020,Male,19.1,8.197,7.6508,2.4596,0.7926
Kuwait,2025,Both sexes,17.7802,7.5811,7.514,2.4861,0.199
Kuwait,2025,Female,15.0075,6.204,6.0655,2.2316,0.5064
Kuwait,2025,Male,19.4599,8.3486,7.8064,2.4961,0.8088
Kyrgyzstan,2000,Both sexes,31.4,13.0144,13.2943,3.9994,1.0919
Kyrgyzstan,2000,Female,23.9,10.2343,10.5764,2.6576,0.4317
Kyrgyzstan,2000,Male,39.4,16.57,16.6021,5.3133,0.9146
Kyrgyzstan,2005,Both sexes,32.3,13.0512,14.523,4.201,0.5248
Kyrgyzstan,2005,Female,24.3,10.5212,10.422,2.2719,1.0849
Kyrgyzstan,2005,Male,40.8,18.3364,18.3137,3.672,0.4779
Kyrgyzstan,2010,Both sexes,27.8,12.2682,12.0556,2.502,0.9742
Kyrgyzstan,2010,Female,20.1,8.4023,8.7146,2.5645,0.4186
Kyrgyzstan,2010,Male,36.2,15.1986,14.7629,4.808,1.4305
Kyrgyzstan,2015,Both sexes,26.2,11.3204,10.8204,2.8686,1.1906
Kyrgyzstan,2015,Female,18.6,7.8225,7.6637,2.4275,0.6863
Kyrgyzstan,2015,Male,34.9,15.523,14.4788,4.2282,0.67
Kyrgyzstan,2020,Both sexes,24.9,10.2939,10.4095,3.5408,0.6558
Kyrgyzstan,2020,Female,17.3,7.259,7.523,2.2111,0.3069
Kyrgyzstan,2020,Male,33.4,14.4951,13.4547,5.0699,0.3803
Kyrgyzstan,2025,Both sexes,25.3272,10.4546,10.6275,3.5776,0.6675
Kyrgyzstan,2025,Female,17.5517,7.3539,7.6456,2.2408,0.3114
Kyrgyzstan,2025,Male,34.1119,14.9219,13.6002,5.1989,0.3909
Lao People's Democratic Republic,2000,Both sexes,29.2,11.8712,12.5648,3.4799,1.2841
Lao People's Democratic Republic,2000,Female,28.7,12.1667,12.8129,3.0523,0.6681
Lao People's Democratic Republic,2000,Male,29.8,11.987,13.0139,4.0942,0.7049
Lao People's Democratic Republic,2005,Both sexes,28.9,11.9587,12.6706,3.7201,0.5506
Lao People's Democratic Republic,2005,Female,27.9,12.2022,11.4651,3.8868,0.3459
Lao People's Democratic Republic,2005,Male,30.1,13.082,12.3912,3.5729,1.0539
Lao People's Democratic Republic,2010,Both sexes,27.9,12.1,12.3414,2.8176,0.641
Lao People's Democratic Republic,2010,Female,26.4,11.4609,11.3195,2.9025,0.7171
Lao People's Democratic Republic,2010,Male,29.7,12.8846,12.7624,3.0394,1.0136
Lao People's Democratic Republic,2015,Both sexes,27.1,12.1841,11.2385,3.1784,0.499
Lao People's Democratic Republic,2015,Female,25.1,10.1691,10.1981,3.4988,1.234
Lao People's Democratic Republic,2015,Male,29.2,12.7974,12.0494,3.0502,1.303
Lao People's Democratic Republic,2020,Both sexes,27.0,12.0615,11.7303,2.43,0.7782
Lao People's Democratic Republic,2020,Female,24.9,10.9789,10.01,2.7758,1.1353
Lao People's Democratic Republic,2020,Male,29.3,12.5348,12.862,3.5912,0.312
Lao People's Democratic Republic,2025,Both sexes,27.5883,12.359,11.9826,2.4564,0.7903
Lao People's Democratic Republic,2025,Female,25.5129,11.2196,10.2821,2.8465,1.1647
Lao People's Democratic Republic,2025,Male,29.8851,12.6603,13.2352,3.6741,0.3155
Latvia,2000,Both sexes,27.9,11.464,12.0833,3.3666,0.9861
Latvia,2000,Female,17.9,7.4496,7.7552,2.1177,0.5775
Latvia,2000,Male,40.0,17.1869,16.0325,5.2145,1.5661
Latvia,2005,Both sexes,28.4,12.3509,12.6384,2.556,0.8547
Latvia,2005,Female,17.2,7.1344,6.881,2.8255,0.3591
Latvia,2005,Male,41.5,18.0034,18.0102,3.735,1.7514
Latvia,2010,Both sexes,25.8,10.4359,11.0952,3.659,0.6099
Latvia,2010,Female,16.4,7.1461,6.8005,1.9447,0.5087
Latvia,2010,Male,37.2,16.5861,15.6363,4.3924,0.5852
Latvia,2015,Both sexes,22.2,9.2085,9.6168,2.2955,1.0792
Latvia,2015,Female,14.0,5.9947,5.9502,1.8762,0.1789
Latvia,2015,Male,32.2,12.9612,14.3135,3.8603,1.065
Latvia,2020,Both sexes,21.9,9.2695,8.775,3.565,0.2905
Latvia,2020,Female,13.4,5.6457,5.7273,1.7994,0.2276
Latvia,2020,Male,32.0,13.2137,12.8446,4.8135,1.1282
Latvia,2025,Both sexes,22.3893,9.532,8.9028,3.6587,0.2958
Latvia,2025,Female,13.5864,5.7231,5.8076,1.8248,0.2309
Latvia,2025,Male,32.5053,13.4219,13.0296,4.9091,1.1447
Lebanon,2000,Both sexes,21.2,9.0977,9.3412,2.2719,0.4892
Lebanon,2000,Female,18.3,7.9442,7.6084,2.4668,0.2806
Lebanon,2000,Male,24.2,10.05,10.1673,3.0898,0.8929
Lebanon,2005,Both sexes,19.6,7.9331,8.1486,3.2465,0.2718
Lebanon,2005,Female,16.8,7.1668,7.4538,1.512,0.6674
Lebanon,2005,Male,22.1,9.0355,9.931,2.5199,0.6136
Lebanon,2010,Both sexes,18.1,8.1067,7.752,1.6879,0.5534
Lebanon,2010,Female,15.4,6.6275,6.4593,2.0112,0.302
Lebanon,2010,Male,20.4,8.2468,8.7199,2.9193,0.514
Lebanon,2015,Both sexes,17.9,7.8579,7.2658,2.5972,0.1791
Lebanon,2015,Female,15.2,6.0898,6.4906,1.9501,0.6695
Lebanon,2015,Male,20.4,8.8864,8.5237,2.5782,0.4117
Lebanon,2020,Both sexes,17.9,7.4667,7.2804,2.9062,0.2467
Lebanon,2020,Female,15.2,6.1586,6.3855,2.0607,0.5952
Lebanon,2020,Male,20.3,8.964,9.0522,1.827,0.4568
Lebanon,2025,Both sexes,18.3579,7.6387,7.4875,2.9781,0.2536
Lebanon,2025,Female,15.5524,6.3049,6.5483,2.0915,0.6077
Lebanon,2025,Male,20.8183,9.1814,9.2971,1.8708,0.469
Lesotho,2000,Both sexes,26.6,11.4561,11.8343,2.394,0.9156
Lesotho,2000,Female,25.6,11.0604,10.8367,3.2524,0.4505
Lesotho,2000,Male,28.0,12.0164,12.2223,3.0727,0.6886
Lesotho,2005,Both sexes,26.5,11.3213,10.9097,3.328,0.941
Lesotho,2005,Female,25.6,11.1223,10.563,3.3436,0.5711
Lesotho,2005,Male,27.7,12.2158,11.1376,3.5177,0.8289
Lesotho,2010,Both sexes,27.0,12.1007,10.9459,3.1667,0.7867
Lesotho,2010,Female,25.9,10.4338,10.4966,4.1039,0.8657
Lesotho,2010,Male,28.5,12.2344,12.1715,3.711,0.3831
Lesotho,2015,Both sexes,26.6,11.4635,10.8882,3.9549,0.2934
Lesotho,2015,Female,25.4,11.2394,10.4092,3.3698,0.3816
Lesotho,2015,Male,28.5,11.8055,12.0313,3.6747,0.9885
Lesotho,2020,Both sexes,26.6,11.4811,10.8107,3.4267,0.8815
Lesotho,2020,Female,25.2,11.1798,10.7099,2.3222,0.9881
Lesotho,2020,Male,28.7,12.4751,12.4854,2.5876,1.1519
Lesotho,2025,Both sexes,27.097,11.6692,11.0037,3.5229,0.9012
Lesotho,2025,Female,25.8186,11.5053,10.9165,2.3911,1.0057
Lesotho,2025,Male,29.1922,12.6628,12.7362,2.6189,1.1743
Liberia,2000,Both sexes,18.1,7.8267,7.2956,2.2076,0.7701
Liberia,2000,Female,18.3,7.4586,7.7568,2.4611,0.6235
Liberia,2000,Male,18.0,8.0465,7.7839,1.62,0.5496
Liberia,2005,Both sexes,19.0,8.0292,7.937,2.5393,0.4945
Liberia,2005,Female,19.0,7.9679,8.2267,2.2794,0.526
Liberia,2005,Male,18.9,7.6688,8.3947,2.3339,0.5026
Liberia,2010,Both sexes,18.0,7.7261,8.0724,1.7495,0.452
Liberia,2010,Female,18.1,7.3865,7.8356,1.9745,0.9034
Liberia,2010,Male,17.9,7.2155,7.4637,2.6796,0.5412
Liberia,2015,Both sexes,17.2,7.165,7.4611,2.1296,0.4443
Liberia,2015,Female,17.5,7.8179,7.2195,2.2033,0.2593
Liberia,2015,Male,16.9,7.399,7.1438,1.9095,0.4477
Liberia,2020,Both sexes,17.6,7.6575,7.5297,1.9843,0.4285
Liberia,2020,Female,17.7,7.1303,7.7584,2.1372,0.6741
Liberia,2020,Male,17.5,7.7974,7.0183,2.2882,0.3961
Liberia,2025,Both sexes,17.9976,7.8755,7.6432,2.0383,0.4406
Liberia,2025,Female,18.0482,7.3223,7.8407,2.1987,0.6865
Liberia,2025,Male,17.8498,7.9467,7.1594,2.3426,0.4011
Libya,2000,Both sexes,22.7,10.1479,9.2211,2.3093,1.0217
Libya,2000,Female,19.8,7.9599,8.3214,2.9119,0.6068
Libya,2000,Male,25.4,11.3931,10.385,2.6343,0.9876
Libya,2005,Both sexes,21.9,9.5869,9.4024,1.971,0.9397
Libya,2005,Female,18.2,8.0341,7.993,1.7893,0.3836
Libya,2005,Male,25.4,10.2618,10.7656,3.4784,0.8942
Libya,2010,Both sexes,20.7,9.2198,8.6902,2.3377,0.4523
Libya,2010,Female,16.6,7.1344,6.7069,1.9688,0.7899
Libya,2010,Male,24.8,10.0979,10.1078,3.917,0.6773
Libya,2015,Both sexes,19.7,8.4241,8.4663,1.9256,0.884
Libya,2015,Female,15.9,6.7895,6.423,2.1686,0.5189
Libya,2015,Male,23.5,10.078,9.8059,2.6263,0.9898
Libya,2020,Both sexes,20.1,8.6246,8.4435,2.5591,0.4728
Libya,2020,Female,15.9,6.9438,6.526,2.2339,0.1963
Libya,2020,Male,24.4,9.9147,10.2379,3.8446,0.4028
Libya,2025,Both sexes,20.4416,8.7889,8.5502,2.6217,0.4808
Libya,2025,Female,16.2005,7.035,6.6894,2.276,0.2001
Libya,2025,Male,24.9283,10.098,10.5218,3.8977,0.4108
Lithuania,2000,Both sexes,24.2,9.9468,10.437,3.0209,0.7953
Lithuania,2000,Female,15.5,6.7919,6.6056,1.8069,0.2956
Lithuania,2000,Male,34.6,14.1598,13.9431,5.3147,1.1824
Lithuania,2005,Both sexes,25.9,11.0783,11.4296,2.4789,0.9132
Lithuania,2005,Female,15.5,6.9424,6.6194,1.4081,0.5301
Lithuania,2005,Male,38.0,16.6904,16.3373,3.9629,1.0094
Lithuania,2010,Both sexes,23.6,9.8922,9.6953,3.3587,0.6538
Lithuania,2010,Female,14.1,6.0545,5.8889,1.5644,0.5922
Lithuania,2010,Male,34.7,13.9639,15.3035,3.9386,1.494
Lithuania,2015,Both sexes,22.2,9.784,9.1912,2.8855,0.3393
Lithuania,2015,Female,13.3,5.3563,5.7186,1.612,0.6131
Lithuania,2015,Male,32.8,13.8414,14.1761,3.9547,0.8278
Lithuania,2020,Both sexes,20.7,8.881,9.2487,1.863,0.7073
Lithuania,2020,Female,12.4,4.9737,5.5692,1.6904,0.1667
Lithuania,2020,Male,30.6,12.9764,13.4788,2.754,1.3908
Lithuania,2025,Both sexes,21.0709,9.0455,9.4194,1.8843,0.7217
Lithuania,2025,Female,12.5943,5.0257,5.6661,1.7324,0.1701
Lithuania,2025,Male,31.2102,13.2456,13.753,2.803,1.4086
Luxembourg,2000,Both sexes,15.0,6.3889,6.1844,2.0618,0.3649
Luxembourg,2000,Female,10.8,4.397,4.5264,1.529,0.3476
Luxembourg,2000,Male,19.4,8.7198,8.4238,1.746,0.5104
Luxembourg,2005,Both sexes,13.1,5.6628,5.2699,1.5406,0.6267
Luxembourg,2005,Female,9.0,3.6764,3.6571,1.532,0.1345
Luxembourg,2005,Male,17.1,7.5601,7.0936,2.2225,0.2238
Luxembourg,2010,Both sexes,11.5,4.9255,5.1049,1.098,0.3716
Luxembourg,2010,Female,8.8,3.5394,3.6015,1.3806,0.2785
Luxembourg,2010,Male,14.1,6.3167,5.6743,1.9127,0.1963
Luxembourg,2015,Both sexes,9.6,4.0856,4.072,1.1994,0.243
Luxembourg,2015,Female,7.4,2.983,2.9863,1.1869,0.2438
Luxembourg,2015,Male,11.6,5.1267,4.7243,1.3984,0.3506
Luxembourg,2020,Both sexes,10.0,4.3333,4.0401,1.35,0.2766
Luxembourg,2020,Female,7.7,3.2289,3.0997,1.1719,0.1995
Luxembourg,2020,Male,12.2,4.9797,4.9925,2.0071,0.2207
Luxembourg,2025,Both sexes,10.2101,4.4151,4.1404,1.3739,0.2807
Luxembourg,2025,Female,7.8825,3.3051,3.178,1.1976,0.2018
Luxembourg,2025,Male,12.4921,5.1073,5.1207,2.0404,0.2237
Madagascar,2000,Both sexes,27.2,11.126,11.9669,3.4715,0.6356
Madagascar,2000,Female,26.3,11.6149,11.5775,2.367,0.7406
Madagascar,2000,Male,28.2,12.3105,11.8722,3.0829,0.9344
Madagascar,2005,Both sexes,25.4,11.1537,11.4205,2.3273,0.4985
Madagascar,2005,Female,24.1,10.1212,10.1337,2.6611,1.184
Madagascar,2005,Male,26.8,11.8916,11.833,2.5666,0.5088
Madagascar,2010,Both sexes,24.5,10.0193,10.777,2.7947,0.909
Madagascar,2010,Female,23.1,9.324,9.5641,3.6576,0.5543
Madagascar,2010,Male,26.0,11.111,11.0176,2.652,1.2194
Madagascar,2015,Both sexes,23.1,9.4445,9.3537,3.1868,1.115
Madagascar,2015,Female,21.7,9.1066,8.9371,3.3552,0.3011
Madagascar,2015,Male,24.7,10.6202,10.7799,2.7413,0.5586
Madagascar,2020,Both sexes,22.9,9.2479,9.1648,3.6442,0.8431
Madagascar,2020,Female,21.5,9.0466,8.6258,3.3242,0.5034
Madagascar,2020,Male,24.5,10.5862,10.3032,2.8857,0.7249
Madagascar,2025,Both sexes,23.4554,9.4579,9.3889,3.7442,0.8644
Madagascar,2025,Female,21.8085,9.1403,8.7704,3.3831,0.5147
Madagascar,2025,Male,24.9886,10.8846,10.4484,2.9173,0.7383
Malawi,2000,Both sexes,21.0,9.1297,8.9958,1.9957,0.8788
Malawi,2000,Female,19.2,7.8079,7.9309,2.9474,0.5138
Malawi,2000,Male,22.9,10.0016,9.8586,2.3637,0.6761
Malawi,2005,Both sexes,19.4,8.2969,8.3132,2.4329,0.357
Malawi,2005,Female,17.4,7.6388,7.4506,1.9549,0.3557
Malawi,2005,Male,21.7,9.4854,8.7073,2.9823,0.525
Malawi,2010,Both sexes,17.5,7.311,7.5856,2.0898,0.5136
Malawi,2010,Female,15.4,6.6032,6.2843,2.0679,0.4446
Malawi,2010,Male,19.9,8.3763,8.316,2.536,0.6717
Malawi,2015,Both sexes,16.3,7.0705,6.8427,2.137,0.2498
Malawi,2015,Female,14.5,6.4576,6.5189,1.305,0.2185
Malawi,2015,Male,18.6,7.5876,8.3228,1.8491,0.8405
Malawi,2020,Both sexes,16.4,6.6089,7.1275,2.4078,0.2558
Malawi,2020,Female,14.5,6.1767,6.5225,1.5774,0.2234
Malawi,2020,Male,18.8,7.9109,8.0357,2.3626,0.4908
Malawi,2025,Both sexes,16.716,6.7486,7.2658,2.4395,0.2621
Malawi,2025,Female,14.8157,6.3053,6.6862,1.5965,0.2277
Malawi,2025,Male,19.2053,8.1146,8.1692,2.4191,0.5024
Malaysia,2000,Both sexes,20.3,8.5529,8.7447,2.7332,0.2692
Malaysia,2000,Female,17.7,7.2694,7.3307,2.6395,0.4604
Malaysia,2000,Male,22.8,9.2201,9.3159,3.5635,0.7005
Malaysia,2005,Both sexes,19.3,8.6011,8.2721,2.0943,0.3325
Malaysia,2005,Female,16.2,6.7282,6.9297,1.9991,0.543
Malaysia,2005,Male,22.2,9.1784,9.1005,3.4799,0.4412
Malaysia,2010,Both sexes,18.2,7.4586,7.3005,2.6315,0.8094
Malaysia,2010,Female,15.1,6.6517,6.3644,1.48,0.6039
Malaysia,2010,Male,21.2,9.0917,9.4241,1.9659,0.7183
Malaysia,2015,Both sexes,17.3,7.7344,7.0709,1.9954,0.4993
Malaysia,2015,Female,14.3,6.0113,6.0928,1.5401,0.6558
Malaysia,2015,Male,20.3,8.2128,8.7551,2.6821,0.65
Malaysia,2020,Both sexes,17.2,7.3954,7.3218,2.1125,0.3703
Malaysia,2020,Female,14.0,6.1142,5.6168,1.8015,0.4675
Malaysia,2020,Male,20.1,8.0465,8.5387,3.0841,0.4307
Malaysia,2025,Both sexes,17.4991,7.5173,7.4432,2.1617,0.3769
Malaysia,2025,Female,14.3066,6.2839,5.7178,1.8267,0.4782
Malaysia,2025,Male,20.3674,8.1489,8.6477,3.1326,0.4382
Maldives,2000,Both sexes,26.8,11.1265,11.7677,2.8167,1.0891
Maldives,2000,Female,25.5,10.3667,11.0564,3.078,0.9989
Maldives,2000,Male,27.9,12.1249,12.5071,2.5499,0.7181
Maldives,2005,Both sexes,20.5,8.445,8.977,2.2498,0.8282
Maldives,2005,Female,17.9,8.034,7.7378,1.611,0.5172
Maldives,2005,Male,22.8,9.4764,9.5882,3.3162,0.4192
Maldives,2010,Both sexes,16.7,6.7211,6.873,2.3395,0.7664
Maldives,2010,Female,13.6,6.0242,5.78,1.2926,0.5032
Maldives,2010,Male,19.6,8.0911,8.0562,3.1484,0.3043
Maldives,2015,Both sexes,13.9,5.8787,5.9524,1.5613,0.5076
Maldives,2015,Female,10.8,4.7089,4.4751,1.128,0.488
Maldives,2015,Male,16.7,7.247,7.458,1.503,0.492
Maldives,2020,Both sexes,13.4,5.904,5.3693,1.6447,0.482
Maldives,2020,Female,10.3,4.1304,4.1992,1.5023,0.4681
Maldives,2020,Male,16.2,7.0218,7.1269,1.458,0.5933
Maldives,2025,Both sexes,13.7303,6.0186,5.5282,1.6919,0.4916
Maldives,2025,Female,10.5242,4.2201,4.2926,1.5305,0.481
Maldives,2025,Male,16.5281,7.2153,7.2304,1.4731,0.6093
Mali,2000,Both sexes,27.5,11.456,11.6883,3.3704,0.9853
Mali,2000,Female,30.6,13.4677,13.558,3.1003,0.474
Mali,2000,Male,23.6,10.0425,9.5815,3.4454,0.5306
Mali,2005,Both sexes,25.4,11.2719,10.5441,2.4576,1.1264
Mali,2005,Female,27.9,12.123,12.4783,2.511,0.7877
Mali,2005,Male,22.2,9.8315,9.7288,2.2874,0.3523
Mali,2010,Both sexes,25.0,11.1954,10.4708,2.7445,0.5893
Mali,2010,Female,26.9,11.0943,11.1863,3.4801,1.1393
Mali,2010,Male,22.7,9.1509,9.6318,3.5913,0.326
Mali,2015,Both sexes,24.8,10.2538,10.1663,3.3548,1.0251
Mali,2015,Female,26.5,11.7885,11.7211,2.5316,0.4588
Mali,2015,Male,22.7,10.112,9.5002,2.1786,0.9092
Mali,2020,Both sexes,24.6,10.5473,10.0944,3.2159,0.7424
Mali,2020,Female,26.2,11.4562,10.7842,3.2728,0.6868
Mali,2020,Male,22.6,9.3928,9.523,2.8749,0.8093
Mali,2025,Both sexes,25.0797,10.795,10.2828,3.2495,0.7524
Mali,2025,Female,26.7597,11.7218,10.9973,3.3383,0.7023
Mali,2025,Male,23.0207,9.6378,9.6318,2.9315,0.8196
Malta,2000,Both sexes,15.5,6.8814,6.7622,1.6316,0.2248
Malta,2000,Female,11.9,5.332,5.1641,1.071,0.3329
Malta,2000,Male,19.5,8.1976,8.6642,2.4064,0.2318
Malta,2005,Both sexes,13.0,5.4996,5.7387,1.2004,0.5613
Malta,2005,Female,10.2,4.4222,4.4355,1.0922,0.2501
Malta,2005,Male,15.9,6.924,6.4438,1.8397,0.6925
Malta,2010,Both sexes,11.2,4.9555,4.6947,1.3624,0.1874
Malta,2010,Female,8.5,3.7062,3.6172,0.8861,0.2905
Malta,2010,Male,14.0,6.1855,5.9842,1.5843,0.246
Malta,2015,Both sexes,10.8,4.7007,4.7207,0.9778,0.4008
Malta,2015,Female,7.9,3.1812,3.4434,1.0462,0.2292
Malta,2015,Male,13.6,5.6116,6.0337,1.7269,0.2278
Malta,2020,Both sexes,10.8,4.8343,4.4976,1.074,0.3941
Malta,2020,Female,8.0,3.3252,3.5434,1.0093,0.1221
Malta,2020,Male,13.6,5.9512,5.9921,1.224,0.4327
Malta,2025,Both sexes,11.0188,4.9211,4.6057,1.0916,0.4004
Malta,2025,Female,8.205,3.4119,3.6406,1.027,0.1255
Malta,2025,Male,13.862,6.0718,6.1135,1.2395,0.4372
Mauritania,2000,Both sexes,18.1,7.7794,8.1411,1.6833,0.4962
Mauritania,2000,Female,17.9,7.3428,7.5347,2.6862,0.3363
Mauritania,2000,Male,18.3,8.1624,7.6357,2.2788,0.2231
Mauritania,2005,Both sexes,17.8,7.2942,7.85,2.0159,0.6399
Mauritania,2005,Female,17.9,7.8331,7.619,2.0391,0.4088
Mauritania,2005,Male,17.7,7.4508,7.4854,2.4052,0.3586
Mauritania,2010,Both sexes,17.9,7.2838,8.0396,2.2186,0.358
Mauritania,2010,Female,18.0,7.5736,7.58,2.1011,0.7453
Mauritania,2010,Male,17.7,7.1449,7.6669,2.2897,0.5985
Mauritania,2015,Both sexes,18.0,8.0782,7.5322,1.9524,0.4372
Mauritania,2015,Female,17.9,7.9475,7.6124,1.7975,0.5426
Mauritania,2015,Male,18.1,7.5514,7.7111,2.3375,0.5
Mauritania,2020,Both sexes,18.1,7.4849,7.4652,2.2869,0.863
Mauritania,2020,Female,18.0,7.3253,7.2096,2.8932,0.5719
Mauritania,2020,Male,18.3,7.5929,8.0296,2.2067,0.4708
Mauritania,2025,Both sexes,18.4147,7.6157,7.583,2.3405,0.8755
Mauritania,2025,Female,18.3679,7.4126,7.4167,2.9528,0.5858
Mauritania,2025,Male,18.5991,7.7278,8.1237,2.2633,0.4843
Mauritius,2000,Both sexes,29.7,13.3455,13.0005,2.7616,0.5924
Mauritius,2000,Female,23.3,9.4334,10.1429,3.1686,0.5551
Mauritius,2000,Male,36.3,15.4972,16.3207,3.267,1.2151
Mauritius,2005,Both sexes,27.2,11.7988,11.5721,2.6199,1.2092
Mauritius,2005,Female,21.6,9.1376,9.7079,2.1209,0.6336
Mauritius,2005,Male,33.1,14.6733,13.2564,3.8092,1.3611
Mauritius,2010,Both sexes,24.1,10.8382,9.9204,3.0485,0.2929
Mauritius,2010,Female,18.4,8.0982,7.6739,2.1169,0.511
Mauritius,2010,Male,30.0,12.2848,12.0584,4.8866,0.7702
Mauritius,2015,Both sexes,22.8,9.6108,9.2558,3.2381,0.6953
Mauritius,2015,Female,17.2,7.4981,6.9751,2.5303,0.1965
Mauritius,2015,Male,28.4,11.8553,11.8923,3.6626,0.9898
Mauritius,2020,Both sexes,22.6,9.0403,10.074,2.4969,0.9888
Mauritius,2020,Female,17.5,7.0592,7.6335,1.9822,0.8251
Mauritius,2020,Male,27.8,12.1518,11.3533,3.8831,0.4118
Mauritius,2025,Both sexes,23.1121,9.2961,10.2509,2.5513,1.0138
Mauritius,2025,Female,17.9027,7.2213,7.8308,2.0134,0.8372
Mauritius,2025,Male,28.2482,12.2954,11.5977,3.9375,0.4176
Mexico,2000,Both sexes,16.8,6.7854,7.5226,2.1581,0.3339
Mexico,2000,Female,16.0,6.4106,6.8094,2.1275,0.6525
Mexico,2000,Male,17.7,7.8408,7.2294,1.8482,0.7816
Mexico,2005,Both sexes,17.1,7.5096,6.9447,2.0404,0.6053
Mexico,2005,Female,16.3,6.675,7.1893,1.9176,0.5181
Mexico,2005,Male,18.1,7.3521,7.3038,2.6047,0.8394
Mexico,2010,Both sexes,16.3,6.9218,6.7891,2.3565,0.2326
Mexico,2010,Female,15.0,6.2235,6.2403,2.2876,0.2486
Mexico,2010,Male,17.6,7.879,7.093,2.2425,0.3855
Mexico,2015,Both sexes,15.9,6.5457,6.4142,2.6621,0.278
Mexico,2015,Female,14.3,5.9895,6.3463,1.3034,0.6608
Mexico,2015,Male,17.5,7.4861,7.2549,2.2918,0.4672
Mexico,2020,Both sexes,15.7,6.2855,6.5967,2.5134,0.3044
Mexico,2020,Female,14.1,5.6404,5.857,2.3255,0.2771
Mexico,2020,Male,17.4,7.6724,7.2535,1.7241,0.75
Mexico,2025,Both sexes,15.9631,6.4003,6.7055,2.5467,0.3106
Mexico,2025,Female,14.3457,5.7735,5.9314,2.3592,0.2816
Mexico,2025,Male,17.7513,7.8114,7.4299,1.7499,0.7601
Micronesia (Federated States of),2000,Both sexes,27.4,11.4828,12.0221,3.2456,0.6495
Micronesia (Federated States of),2000,Female,24.8,11.0832,11.0579,2.232,0.4269
Micronesia (Federated States of),2000,Male,30.1,12.9846,12.329,4.3096,0.4768
Micronesia (Federated States of),2005,Both sexes,27.2,11.3592,10.9386,4.4354,0.4668
Micronesia (Federated States of),2005,Female,24.5,10.7353,9.9331,2.6249,1.2067
Micronesia (Federated States of),2005,Male,30.0,12.5883,13.4217,3.5206,0.4694
Micronesia (Federated States of),2010,Both sexes,26.4,10.7656,11.2821,3.9959,0.3564
Micronesia (Federated States of),2010,Female,23.7,9.8047,10.6124,2.1418,1.1411
Micronesia (Federated States of),2010,Male,29.2,12.231,12.2837,4.3468,0.3385
Micronesia (Federated States of),2015,Both sexes,26.5,11.3215,10.8118,3.3689,0.9978
Micronesia (Federated States of),2015,Female,23.5,10.3358,10.2689,2.115,0.7803
Micronesia (Federated States of),2015,Male,29.5,12.0472,12.2577,4.3062,0.8889
Micronesia (Federated States of),2020,Both sexes,26.1,11.6599,11.6265,2.349,0.4646
Micronesia (Federated States of),2020,Female,23.1,9.5738,9.6755,3.2563,0.5944
Micronesia (Federated States of),2020,Male,29.0,12.8879,11.8889,3.6036,0.6196
Micronesia (Federated States of),2025,Both sexes,26.4717,11.7921,11.8105,2.3969,0.4722
Micronesia (Federated States of),2025,Female,23.6998,9.8174,9.9292,3.3504,0.6028
Micronesia (Federated States of),2025,Male,29.52,13.1698,12.0422,3.6802,0.6278
Mongolia,2000,Both sexes,38.9,15.8462,16.1396,6.3855,0.5287
Mongolia,2000,Female,33.3,13.5252,13.8323,4.376,1.5665
Mongolia,2000,Male,44.5,19.8266,17.8135,5.5537,1.3062
Mongolia,2005,Both sexes,35.6,15.4573,14.2851,4.519,1.3386
Mongolia,2005,Female,27.7,11.4135,11.6157,4.3045,0.3663
Mongolia,2005,Male,43.3,18.0044,17.4407,6.3658,1.4891
Mongolia,2010,Both sexes,32.3,13.5054,14.2508,3.9571,0.5867
Mongolia,2010,Female,24.5,9.9346,10.8825,3.1018,0.5811
Mongolia,2010,Male,40.2,17.0228,17.6899,4.7956,0.6917
Mongolia,2015,Both sexes,30.4,13.3979,12.7408,3.7965,0.4648
Mongolia,2015,Female,22.2,9.5935,9.547,2.2193,0.8402
Mongolia,2015,Male,39.0,15.9835,16.0631,6.0955,0.8579
Mongolia,2020,Both sexes,30.2,13.0244,13.3005,3.4897,0.3854
Mongolia,2020,Female,21.9,9.1498,8.9226,3.0861,0.7415
Mongolia,2020,Male,38.8,16.1695,16.1286,5.1274,1.3745
Mongolia,2025,Both sexes,30.7966,13.3704,13.4927,3.5382,0.3953
Mongolia,2025,Female,22.5024,9.4055,9.1802,3.1674,0.7493
Mongolia,2025,Male,39.5449,16.3863,16.5213,5.2445,1.3928
Montenegro,2000,Both sexes,25.7,10.8373,11.3703,2.862,0.6304
Montenegro,2000,Female,19.5,8.5231,8.585,1.755,0.6369
Montenegro,2000,Male,32.2,14.1582,14.395,2.898,0.7488
Montenegro,2005,Both sexes,25.5,11.426,10.7672,2.553,0.7538
Montenegro,2005,Female,19.1,8.3679,8.4153,1.8647,0.4521
Montenegro,2005,Male,32.3,13.4879,14.3889,3.3651,1.0581
Montenegro,2010,Both sexes,22.1,9.8134,8.8948,2.9436,0.4482
Montenegro,2010,Female,16.4,7.3138,6.9075,1.7903,0.3884
Montenegro,2010,Male,28.1,11.8934,11.5589,3.5306,1.1171
Montenegro,2015,Both sexes,20.9,8.5337,9.3177,2.5655,0.4831
Montenegro,2015,Female,15.1,6.7588,6.5971,1.359,0.3851
Montenegro,2015,Male,26.8,11.2186,11.7382,3.212,0.6312
Montenegro,2020,Both sexes,20.6,8.4065,9.2348,2.5831,0.3756
Montenegro,2020,Female,14.9,6.3727,6.3582,1.9035,0.2656
Montenegro,2020,Male,26.4,11.5389,11.2816,2.3815,1.198
Montenegro,2025,Both sexes,21.0475,8.6009,9.4246,2.6379,0.3841
Montenegro,2025,Female,15.1812,6.4983,6.4804,1.9325,0.27
Montenegro,2025,Male,27.025,11.8578,11.5163,2.4175,1.2334
Morocco,2000,Both sexes,24.4,10.6483,10.4923,2.3017,0.9577
Morocco,2000,Female,21.6,9.009,9.3403,2.9756,0.2751
Morocco,2000,Male,27.6,12.1023,12.3861,2.484,0.6276
Morocco,2005,Both sexes,18.6,7.6316,7.4409,3.3123,0.2152
Morocco,2005,Female,16.4,7.2481,7.0115,1.8759,0.2645
Morocco,2005,Male,21.0,9.4261,8.6545,2.1522,0.7672
Morocco,2010,Both sexes,13.8,6.1804,5.8147,1.4046,0.4003
Morocco,2010,Female,12.5,5.1576,5.2792,1.8765,0.1867
Morocco,2010,Male,15.1,6.718,6.4364,1.3674,0.5782
Morocco,2015,Both sexes,12.5,5.4684,5.3411,1.4636,0.2269
Morocco,2015,Female,11.5,4.7242,5.1562,1.1756,0.444
Morocco,2015,Male,13.5,5.597,5.9053,1.602,0.3957
Morocco,2020,Both sexes,12.4,5.2049,4.9918,1.88,0.3233
Morocco,2020,Female,11.3,4.7217,4.8786,1.5024,0.1973
Morocco,2020,Male,13.3,5.768,5.6195,1.381,0.5315
Morocco,2025,Both sexes,12.6153,5.3134,5.0743,1.9003,0.3273
Morocco,2025,Female,11.5827,4.8539,4.9862,1.5398,0.2028
Morocco,2025,Male,13.607,5.9317,5.7292,1.4032,0.5429
Mozambique,2000,Both sexes,27.3,11.6468,11.6904,3.0339,0.9289
Mozambique,2000,Female,26.4,11.8402,11.5205,2.376,0.6633
Mozambique,2000,Male,28.5,11.6369,11.9411,3.9334,0.9886
Mozambique,2005,Both sexes,22.7,10.1618,9.8963,2.043,0.5989
Mozambique,2005,Female,21.5,9.3805,8.7304,2.9137,0.4754
Mozambique,2005,Male,24.3,10.361,10.0346,3.6101,0.2943
Mozambique,2010,Both sexes,20.3,8.7649,8.3194,2.8408,0.3749
Mozambique,2010,Female,18.9,8.3707,8.1902,1.8208,0.5183
Mozambique,2010,Male,22.1,8.8859,9.1959,3.3024,0.7158
Mozambique,2015,Both sexes,18.4,8.1601,7.4411,2.0431,0.7557
Mozambique,2015,Female,17.4,7.104,7.5747,2.1747,0.5466
Mozambique,2015,Male,19.8,8.7591,8.1,2.4021,0.5388
Mozambique,2020,Both sexes,18.4,8.1856,7.4698,2.3193,0.4253
Mozambique,2020,Female,17.4,7.3719,7.7035,1.914,0.4106
Mozambique,2020,Male,19.6,8.6394,8.4254,2.0306,0.5046
Mozambique,2025,Both sexes,18.8135,8.3408,7.6918,2.3447,0.4362
Mozambique,2025,Female,17.7945,7.5036,7.9134,1.9602,0.4173
Mozambique,2025,Male,20.0166,8.7732,8.6677,2.0598,0.5159
Myanmar,2000,Both sexes,25.0,10.7677,10.2958,3.203,0.7335
Myanmar,2000,Female,24.1,10.6492,9.929,3.0929,0.4289
Myanmar,2000,Male,26.1,11.0,10.5377,4.1904,0.3719
Myanmar,2005,Both sexes,25.8,10.7539,11.5075,3.2683,0.2703
Myanmar,2005,Female,24.0,9.7025,10.767,2.7933,0.7372
Myanmar,2005,Male,27.8,11.8884,12.1495,2.9447,0.8174
Myanmar,2010,Both sexes,25.1,10.7405,10.4755,2.6964,1.1876
Myanmar,2010,Female,22.9,10.004,9.202,3.0301,0.6639
Myanmar,2010,Male,27.7,12.3579,11.7758,2.9261,0.6402
Myanmar,2015,Both sexes,24.3,10.351,9.96,2.9634,1.0256
Myanmar,2015,Female,21.6,9.351,9.1127,2.6812,0.4551
Myanmar,2015,Male,27.3,11.1736,11.036,4.3411,0.7493
Myanmar,2020,Both sexes,24.2,10.6023,10.396,2.7739,0.4278
Myanmar,2020,Female,21.5,9.1265,9.1683,2.7026,0.5026
Myanmar,2020,Male,27.3,11.83,11.7709,2.7682,0.9309
Myanmar,2025,Both sexes,24.7571,10.7905,10.6848,2.8451,0.4367
Myanmar,2025,Female,21.9292,9.2668,9.3805,2.7674,0.5145
Myanmar,2025,Male,27.7779,12.0162,11.9987,2.8211,0.9419
Namibia,2000,Both sexes,25.6,11.4235,10.312,3.1112,0.7533
Namibia,2000,Female,23.0,9.4872,9.5948,2.9041,1.0139
Namibia,2000,Male,28.6,12.7453,12.3128,2.6308,0.9111
Namibia,2005,Both sexes,24.3,10.45,10.5716,2.7583,0.5201
Namibia,2005,Female,21.9,9.5898,9.0687,2.7439,0.4976
Namibia,2005,Male,27.3,11.781,11.542,3.1777,0.7993
Namibia,2010,Both sexes,23.2,9.6656,9.646,3.5574,0.331
Namibia,2010,Female,20.9,9.3698,9.3737,1.881,0.2755
Namibia,2010,Male,26.2,10.9605,10.6103,3.5638,1.0654
Namibia,2015,Both sexes,21.6,8.6888,9.1129,2.8531,0.9452
Namibia,2015,Female,19.2,8.1111,8.2345,2.2239,0.6305
Namibia,2015,Male,24.8,10.2454,10.4429,3.8241,0.2876
Namibia,2020,Both sexes,21.3,9.0577,9.3387,2.6378,0.2658
Namibia,2020,Female,18.7,7.5293,8.2599,2.6355,0.2753
Namibia,2020,Male,24.7,10.5924,10.0272,3.7974,0.283
Namibia,2025,Both sexes,21.8605,9.3043,9.5993,2.6846,0.2723
Namibia,2025,Female,19.1703,7.7066,8.5014,2.6828,0.2795
Namibia,2025,Male,25.0582,10.7131,10.2063,3.8475,0.2913
Nepal,2000,Both sexes,27.3,11.2054,11.0979,4.5014,0.4953
Nepal,2000,Female,24.2,9.7054,9.7217,4.0994,0.6735
Nepal,2000,Male,30.7,13.4605,12.9332,3.305,1.0013
Nepal,2005,Both sexes,25.8,11.2958,10.9317,3.0815,0.491
Nepal,2005,Female,22.9,9.6965,9.3294,2.7431,1.131
Nepal,2005,Male,28.7,12.3649,11.5379,4.1358,0.6614
Nepal,2010,Both sexes,23.8,10.262,9.6762,3.329,0.5328
Nepal,2010,Female,21.1,9.1536,8.7575,2.8225,0.3664
Nepal,2010,Male,26.5,10.8674,11.8042,2.7574,1.071
Nepal,2015,Both sexes,22.2,9.9151,9.519,2.4319,0.334
Nepal,2015,Female,19.6,8.7022,8.4757,1.764,0.6581
Nepal,2015,Male,25.2,10.813,11.0456,2.6798,0.6616
Nepal,2020,Both sexes,21.8,9.3295,9.2811,2.8845,0.3049
Nepal,2020,Female,19.2,8.2591,7.7565,2.4678,0.7166
Nepal,2020,Male,24.8,9.9399,11.115,3.1232,0.6219
Nepal,2025,Both sexes,22.161,9.455,9.4511,2.9468,0.3081
Nepal,2025,Female,19.5259,8.3519,7.9442,2.4959,0.7339
Nepal,2025,Male,25.3162,10.1078,11.3598,3.2137,0.6349
Netherlands,2000,Both sexes,16.2,6.6572,6.7442,2.1465,0.6521
Netherlands,2000,Female,12.4,5.4203,5.1016,1.7252,0.1529
Netherlands,2000,Male,20.1,8.4357,8.6513,2.4546,0.5584
Netherlands,2005,Both sexes,13.9,6.0067,6.0588,1.251,0.5835
Netherlands,2005,Female,11.1,4.9226,4.5403,1.1054,0.5317
Netherlands,2005,Male,16.6,6.9531,7.3055,1.8869,0.4545
Netherlands,2010,Both sexes,12.5,5.5809,5.128,1.2671,0.524
Netherlands,2010,Female,10.3,4.2656,4.2768,1.2496,0.508
Netherlands,2010,Male,14.5,6.3354,5.8463,1.9487,0.3696
Netherlands,2015,Both sexes,11.3,4.9446,5.0519,1.017,0.2865
Netherlands,2015,Female,9.7,4.0411,4.2199,1.0451,0.3939
Netherlands,2015,Male,12.8,5.3526,5.7204,1.4579,0.2691
Netherlands,2020,Both sexes,11.2,4.9373,4.9757,1.1361,0.1509
Netherlands,2020,Female,9.7,4.2823,3.9448,1.0129,0.46
Netherlands,2020,Male,12.7,5.4219,5.6599,1.2941,0.3241
Netherlands,2025,Both sexes,11.4472,5.0133,5.1201,1.159,0.1548
Netherlands,2025,Female,9.9443,4.4009,4.0431,1.0333,0.467
Netherlands,2025,Male,12.9478,5.5594,5.7442,1.3156,0.3286
New Zealand,2000,Both sexes,15.9,6.4147,6.797,2.264,0.4243
New Zealand,2000,Female,13.0,5.5625,5.2355,1.5666,0.6354
New Zealand,2000,Male,18.8,8.3451,7.7118,1.9337,0.8094
New Zealand,2005,Both sexes,13.3,5.8948,5.6238,1.3956,0.3858
New Zealand,2005,Female,11.1,4.4862,4.9189,1.3705,0.3244
New Zealand,2005,Male,15.5,6.4992,6.9492,1.4644,0.5872
New Zealand,2010,Both sexes,11.8,4.7427,4.9373,1.54,0.58
New Zealand,2010,Female,10.0,4.3586,4.291,0.9312,0.4192
New Zealand,2010,Male,13.7,5.7682,5.8238,1.4723,0.6357
New Zealand,2015,Both sexes,10.4,4.4709,4.5057,1.145,0.2784
New Zealand,2015,Female,8.9,3.5633,3.8678,1.1445,0.3244
New Zealand,2015,Male,11.9,5.1772,5.0044,1.3593,0.3591
New Zealand,2020,Both sexes,10.1,4.1915,4.2795,1.4601,0.1689
New Zealand,2020,Female,8.6,3.6908,3.8203,0.9507,0.1382
New Zealand,2020,Male,11.6,4.8458,4.872,1.7396,0.1426
New Zealand,2025,Both sexes,10.2666,4.252,4.3669,1.4754,0.1723
New Zealand,2025,Female,8.798,3.7624,3.9178,0.9758,0.142
New Zealand,2025,Male,11.799,4.9392,4.9469,1.7679,0.145
Nicaragua,2000,Both sexes,19.5,7.8103,8.5428,2.2551,0.8918
Nicaragua,2000,Female,19.6,8.2214,8.7097,1.7721,0.8968
Nicaragua,2000,Male,19.4,8.1799,8.2795,2.3765,0.5641
Nicaragua,2005,Both sexes,17.2,6.9139,6.8988,2.6825,0.7048
Nicaragua,2005,Female,17.1,7.2062,6.8632,2.3237,0.7069
Nicaragua,2005,Male,17.4,7.077,7.3669,2.3604,0.5957
Nicaragua,2010,Both sexes,15.4,6.8462,6.5145,1.4482,0.5911
Nicaragua,2010,Female,15.0,6.5403,6.2114,1.9877,0.2606
Nicaragua,2010,Male,15.8,7.0971,6.3596,2.1241,0.2192
Nicaragua,2015,Both sexes,14.4,6.0996,5.9238,2.1369,0.2397
Nicaragua,2015,Female,13.9,6.2467,5.8972,1.5174,0.2387
Nicaragua,2015,Male,15.0,6.2495,6.7049,1.6897,0.3559
Nicaragua,2020,Both sexes,14.2,6.044,5.8865,1.8609,0.4086
Nicaragua,2020,Female,13.7,5.5684,5.684,1.8831,0.5645
Nicaragua,2020,Male,14.8,6.5548,6.1456,1.8375,0.2621
Nicaragua,2025,Both sexes,14.5371,6.21,6.0104,1.9001,0.4166
Nicaragua,2025,Female,13.9481,5.6812,5.7775,1.9127,0.5767
Nicaragua,2025,Male,15.1499,6.7203,6.2883,1.8724,0.2689
Niger,2000,Both sexes,20.1,8.0543,8.2989,3.1841,0.5627
Niger,2000,Female,20.8,8.619,8.8797,2.6495,0.6518
Niger,2000,Male,19.3,8.3887,8.4275,1.737,0.7468
Niger,2005,Both sexes,21.0,8.9994,9.3551,2.4303,0.2152
Niger,2005,Female,21.7,8.8552,9.7224,2.4388,0.6836
Niger,2005,Male,20.2,8.8988,9.0379,1.9876,0.2757
Niger,2010,Both sexes,20.8,8.7771,8.8509,2.7487,0.4233
Niger,2010,Female,21.0,9.4149,9.3919,1.89,0.3032
Niger,2010,Male,20.6,8.566,8.3296,3.2486,0.4558
Niger,2015,Both sexes,20.2,8.6656,8.3654,2.7416,0.4274
Niger,2015,Female,20.0,8.5785,8.0826,3.0153,0.3236
Niger,2015,Male,20.3,8.531,9.1338,2.3875,0.2477
Niger,2020,Both sexes,20.0,8.3358,8.6151,2.1076,0.9415
Niger,2020,Female,19.8,8.1959,8.8693,2.4237,0.3111
Niger,2020,Male,20.1,9.0069,8.5515,1.9766,0.565
Niger,2025,Both sexes,20.4219,8.531,8.7842,2.1412,0.9655
Niger,2025,Female,20.117,8.2794,9.0298,2.4884,0.3194
Niger,2025,Male,20.5781,9.2496,8.7426,2.0115,0.5744
Nigeria,2000,Both sexes,25.5,10.9257,11.3067,2.4178,0.8498
Nigeria,2000,Female,28.1,11.8833,11.7942,3.1668,1.2557
Nigeria,2000,Male,22.6,9.8514,9.4604,2.9787,0.3095
Nigeria,2005,Both sexes,24.9,10.2848,9.9713,3.7492,0.8947
Nigeria,2005,Female,27.4,11.7425,12.1429,3.0877,0.4269
Nigeria,2005,Male,22.1,9.4048,9.3323,2.2871,1.0758
Nigeria,2010,Both sexes,22.9,10.0551,9.7144,2.1742,0.9563
Nigeria,2010,Female,24.7,10.1743,10.1571,3.6232,0.7454
Nigeria,2010,Male,21.0,9.0053,8.7592,2.3451,0.8904
Nigeria,2015,Both sexes,22.5,9.5796,10.1141,2.0312,0.7751
Nigeria,2015,Female,24.0,10.0614,10.0164,3.2677,0.6545
Nigeria,2015,Male,20.8,8.7058,9.123,2.6213,0.3499
Nigeria,2020,Both sexes,22.5,9.4564,9.1903,2.7486,1.1047
Nigeria,2020,Female,23.9,9.8316,10.2098,2.9552,0.9034
Nigeria,2020,Male,20.9,9.2517,8.8808,2.0542,0.7133
Nigeria,2025,Both sexes,22.897,9.6272,9.3187,2.8293,1.1218
Nigeria,2025,Female,24.4161,10.0755,10.4163,3.008,0.9163
Nigeria,2025,Male,21.4735,9.5121,9.1404,2.0928,0.7282
Norway,2000,Both sexes,14.2,5.8298,6.2776,1.9334,0.1592
Norway,2000,Female,10.9,4.4329,4.8796,1.4469,0.1406
Norway,2000,Male,17.6,7.7826,7.4451,2.0432,0.3291
Norway,2005,Both sexes,12.2,5.0274,5.2956,1.4056,0.4714
Norway,2005,Female,9.8,3.9514,4.2121,1.2486,0.3879
Norway,2005,Male,14.7,6.3264,5.9451,1.8835,0.545
Norway,2010,Both sexes,11.3,4.7974,4.7012,1.6015,0.1999
Norway,2010,Female,9.1,3.8423,3.9023,0.9064,0.449
Norway,2010,Male,13.4,5.5673,6.0132,1.4651,0.3544
Norway,2015,Both sexes,9.3,3.9646,4.0398,1.1008,0.1948
Norway,2015,Female,7.6,3.1868,3.1743,1.0669,0.172
Norway,2015,Male,11.0,4.8051,4.4284,1.6348,0.1317
Norway,2020,Both sexes,9.2,3.7922,4.1247,0.8385,0.4446
Norway,2020,Female,7.7,3.4521,3.2507,0.8213,0.1759
Norway,2020,Male,10.7,4.4125,4.4662,1.331,0.4903
Norway,2025,Both sexes,9.4122,3.8713,4.2265,0.8611,0.4533
Norway,2025,Female,7.8341,3.5106,3.3063,0.8386,0.1786
Norway,2025,Male,10.905,4.5034,4.5476,1.3557,0.4983
Oman,2000,Both sexes,23.4,9.7039,9.8822,2.8994,0.9145
Oman,2000,Female,20.6,8.9222,8.868,1.854,0.9558
Oman,2000,Male,25.6,11.1269,11.5038,2.4827,0.4866
Oman,2005,Both sexes,21.8,8.7864,9.4847,3.3023,0.2266
Oman,2005,Female,19.0,8.3279,7.8889,1.9763,0.8069
Oman,2005,Male,23.6,9.9228,9.8287,2.9579,0.8906
Oman,2010,Both sexes,20.2,8.4001,8.3495,2.8397,0.6107
Oman,2010,Female,17.7,7.3983,7.6882,2.215,0.3985
Oman,2010,Male,21.7,9.5238,9.6113,1.953,0.6119
Oman,2015,Both sexes,18.1,7.8771,7.4368,2.3396,0.4465
Oman,2015,Female,15.8,6.9521,6.5109,2.136,0.201
Oman,2015,Male,19.8,8.307,8.8867,1.782,0.8243
Oman,2020,Both sexes,17.8,7.2972,7.4296,2.4536,0.6196
Oman,2020,Female,15.5,6.385,6.3655,2.3396,0.4099
Oman,2020,Male,19.4,8.2885,7.8819,2.8108,0.4188
Oman,2025,Both sexes,18.1378,7.4461,7.5644,2.4895,0.6378
Oman,2025,Female,15.8091,6.5023,6.4984,2.3879,0.4205
Oman,2025,Male,19.8102,8.48,8.0252,2.8807,0.4243
Pakistan,2000,Both sexes,26.7,11.533,10.7887,3.6467,0.7316
Pakistan,2000,Female,24.4,10.6038,10.7299,2.6628,0.4035
Pakistan,2000,Male,28.7,11.9,12.2627,4.0972,0.4401
Pakistan,2005,Both sexes,26.7,11.705,10.8321,3.2082,0.9547
Pakistan,2005,Female,24.8,10.4884,10.5756,3.4539,0.2821
Pakistan,2005,Male,28.5,12.5889,12.2227,2.6665,1.0219
Pakistan,2010,Both sexes,25.6,10.5704,10.8339,3.8032,0.3925
Pakistan,2010,Female,23.7,9.6059,10.3994,2.6918,1.0029
Pakistan,2010,Male,27.4,12.231,12.1488,2.466,0.5542
Pakistan,2015,Both sexes,24.8,10.7033,10.5632,3.2347,0.2988
Pakistan,2015,Female,22.7,9.2863,9.6522,3.2414,0.5201
Pakistan,2015,Male,26.7,10.9909,11.3368,3.774,0.5983
Pakistan,2020,Both sexes,24.7,10.0731,10.8085,3.01,0.8084
Pakistan,2020,Female,22.6,9.6946,10.0446,2.1202,0.7406
Pakistan,2020,Male,26.6,11.0053,11.271,3.7026,0.6211
Pakistan,2025,Both sexes,25.273,10.3177,11.0341,3.0888,0.8324
Pakistan,2025,Female,22.9025,9.8215,10.1721,2.1505,0.7584
Pakistan,2025,Male,27.2257,11.3049,11.4958,3.7974,0.6276
Panama,2000,Both sexes,15.0,6.049,6.6164,1.7969,0.5377
Panama,2000,Female,13.5,6.0632,6.0155,1.215,0.2063
Panama,2000,Male,16.5,7.1341,6.7059,2.0659,0.5941
Panama,2005,Both sexes,14.6,6.0324,6.0438,1.8343,0.6895
Panama,2005,Female,12.8,5.6553,5.7436,1.152,0.2491
Panama,2005,Male,16.5,6.6203,7.1748,2.0612,0.6437
Panama,2010,Both sexes,13.4,5.769,5.9194,1.206,0.5056
Panama,2010,Female,11.2,4.8379,4.6709,1.1322,0.559
Panama,2010,Male,15.8,6.4089,6.9014,2.1579,0.3318
Panama,2015,Both sexes,13.2,5.6932,5.3297,1.9858,0.1913
Panama,2015,Female,10.9,4.5017,4.5699,1.3083,0.5201
Panama,2015,Male,15.7,6.3187,6.4821,2.657,0.2422
Panama,2020,Both sexes,13.0,5.2678,5.2946,1.8515,0.5861
Panama,2020,Female,10.8,4.6708,4.7887,0.972,0.3685
Panama,2020,Male,15.4,6.5667,6.5198,2.0938,0.2197
Panama,2025,Both sexes,13.2596,5.3681,5.4001,1.8965,0.5949
Panama,2025,Female,10.994,4.7817,4.8487,0.9884,0.3752
Panama,2025,Male,15.6633,6.686,6.607,2.1482,0.2221
Papua New Guinea,2000,Both sexes,31.2,13.8483,12.8594,3.4932,0.9991
Papua New Guinea,2000,Female,28.3,12.481,12.3954,3.0853,0.3383
Papua New Guinea,2000,Male,34.1,13.9682,13.8137,4.7343,1.5838
Papua New Guinea,2005,Both sexes,29.3,13.0251,12.3778,3.0658,0.8313
Papua New Guinea,2005,Female,26.6,10.9654,11.2003,3.2758,1.1585
Papua New Guinea,2005,Male,32.1,12.9635,13.9166,3.8444,1.3755
Papua New Guinea,2010,Both sexes,28.2,12.2137,12.2886,3.1132,0.5845
Papua New Guinea,2010,Female,25.6,10.2909,11.005,3.1575,1.1466
Papua New Guinea,2010,Male,31.0,12.8893,12.5941,4.3937,1.1229
Papua New Guinea,2015,Both sexes,29.9,12.9184,12.4259,3.6284,0.9273
Papua New Guinea,2015,Female,26.6,11.2756,11.1125,3.2197,0.9922
Papua New Guinea,2015,Male,33.5,13.5106,15.0291,4.1428,0.8175
Papua New Guinea,2020,Both sexes,30.0,12.0599,12.5434,4.105,1.2917
Papua New Guinea,2020,Female,26.6,11.2078,11.2638,2.8744,1.254
Papua New Guinea,2020,Male,33.6,14.6185,14.2117,4.3597,0.4101
Papua New Guinea,2025,Both sexes,30.6326,12.2408,12.9028,4.1602,1.3288
Papua New Guinea,2025,Female,27.252,11.5166,11.525,2.9291,1.2813
Papua New Guinea,2025,Male,34.2955,14.9519,14.5258,4.4035,0.4143
Paraguay,2000,Both sexes,21.2,8.592,9.3416,2.5636,0.7028
Paraguay,2000,Female,20.1,8.8786,8.0965,2.3229,0.802
Paraguay,2000,Male,22.4,9.6525,9.8352,2.0581,0.8542
Paraguay,2005,Both sexes,19.8,8.1238,8.269,3.1093,0.2979
Paraguay,2005,Female,18.9,8.4698,8.1538,1.9482,0.3282
Paraguay,2005,Male,20.8,8.4551,9.0232,2.3993,0.9224
Paraguay,2010,Both sexes,18.6,7.7651,7.9946,2.4502,0.3901
Paraguay,2010,Female,17.4,7.4653,7.6053,1.6855,0.6439
Paraguay,2010,Male,19.7,7.9062,8.6042,2.4996,0.69
Paraguay,2015,Both sexes,17.7,7.2431,7.1304,2.7333,0.5932
Paraguay,2015,Female,16.5,7.0725,7.2761,1.7707,0.3807
Paraguay,2015,Male,18.9,8.3541,7.5765,2.7433,0.2261
Paraguay,2020,Both sexes,17.5,7.7383,7.3833,1.9638,0.4146
Paraguay,2020,Female,16.3,6.9947,6.6721,2.3475,0.2857
Paraguay,2020,Male,18.7,7.991,7.5654,2.3907,0.7529
Paraguay,2025,Both sexes,17.8171,7.8804,7.5165,1.9973,0.4229
Paraguay,2025,Female,16.6963,7.2036,6.8239,2.3798,0.289
Paraguay,2025,Male,19.2098,8.2165,7.7786,2.4411,0.7736
Peru,2000,Both sexes,15.3,6.8053,6.1992,1.7407,0.5548
Peru,2000,Female,14.3,6.0438,6.3962,1.3299,0.5301
Peru,2000,Male,16.4,7.3037,6.6984,1.5987,0.7992
Peru,2005,Both sexes,14.0,5.8838,6.2889,1.5236,0.3037
Peru,2005,Female,12.9,5.3227,5.7504,1.5608,0.2661
Peru,2005,Male,15.2,6.3041,6.3495,2.0512,0.4952
Peru,2010,Both sexes,13.6,5.5397,5.8792,1.9184,0.2627
Peru,2010,Female,12.3,5.3842,5.1103,1.4621,0.3434
Peru,2010,Male,14.9,6.0768,6.4692,1.8512,0.5028
Peru,2015,Both sexes,12.8,5.2326,5.2706,1.9157,0.3811
Peru,2015,Female,11.4,4.9926,4.8454,1.0323,0.5297
Peru,2015,Male,14.3,6.3741,5.8714,1.829,0.2255
Peru,2020,Both sexes,12.6,5.576,5.2203,1.3549,0.4488
Peru,2020,Female,11.2,4.8047,4.5732,1.391,0.4311
Peru,2020,Male,14.1,5.8615,6.3154,1.7633,0.1598
Peru,2025,Both sexes,12.8475,5.6436,5.3528,1.3917,0.4594
Peru,2025,Female,11.5032,4.9441,4.7067,1.4112,0.4412
Peru,2025,Male,14.3261,5.9474,6.4251,1.79,0.1636
Philippines,2000,Both sexes,26.8,11.7901,10.8634,3.0416,1.1049
Philippines,2000,Female,22.2,9.3575,9.3659,2.979,0.4976
Philippines,2000,Male,31.6,14.0781,13.2449,3.1639,1.1131
Philippines,2005,Both sexes,28.4,12.542,12.7681,2.62,0.4699
Philippines,2005,Female,22.7,10.1987,9.8594,2.1938,0.4481
Philippines,2005,Male,34.4,14.9499,14.9198,3.096,1.4343
Philippines,2010,Both sexes,27.6,11.7814,11.9744,2.8145,1.0297
Philippines,2010,Female,21.8,9.2166,9.6912,2.1777,0.7145
Philippines,2010,Male,33.5,14.4531,13.8457,4.8139,0.3873
Philippines,2015,Both sexes,26.9,10.9353,11.6254,3.8581,0.4812
Philippines,2015,Female,21.1,9.3067,8.8135,2.2153,0.7645
Philippines,2015,Male,32.9,13.3206,13.4345,4.6003,1.5446
Philippines,2020,Both sexes,26.8,11.1241,10.9723,4.1099,0.5937
Philippines,2020,Female,21.0,8.8441,9.2354,2.5918,0.3287
Philippines,2020,Male,32.8,13.2725,13.3559,5.7062,0.4654
Philippines,2025,Both sexes,27.512,11.4486,11.2621,4.1905,0.6108
Philippines,2025,Female,21.256,8.9352,9.3596,2.6289,0.3323
Philippines,2025,Male,33.4467,13.4312,13.7176,5.8202,0.4777
Poland,2000,Both sexes,24.8,10.0883,11.132,2.375,1.2047
Poland,2000,Female,16.2,6.7001,7.1409,1.9518,0.4072
Poland,2000,Male,34.2,13.96,14.192,5.569,0.479
Poland,2005,Both sexes,22.3,9.8339,10.0343,2.0202,0.4116
Poland,2005,Female,14.3,6.3748,6.0796,1.287,0.5586
Poland,2005,Male,31.0,12.811,13.4274,3.2544,1.5072
Poland,2010,Both sexes,20.4,8.9995,8.3997,2.2645,0.7363
Poland,2010,Female,13.2,5.2912,5.8803,1.7542,0.2743
Poland,2010,Male,28.2,11.8513,12.1204,3.825,0.4033
Poland,2015,Both sexes,19.3,8.6003,8.331,1.737,0.6317
Poland,2015,Female,12.7,5.3183,5.478,1.7025,0.2012
Poland,2015,Male,26.4,10.8994,11.5096,3.6973,0.2937
Poland,2020,Both sexes,18.7,8.1926,8.3553,1.683,0.4691
Poland,2020,Female,12.4,5.1168,5.0017,2.0246,0.2569
Poland,2020,Male,25.3,10.3411,11.2266,2.7331,0.9992
Poland,2025,Both sexes,18.9722,8.3009,8.4841,1.709,0.4782
Poland,2025,Female,12.6002,5.1864,5.0788,2.0739,0.2611
Poland,2025,Male,25.8403,10.6505,11.403,2.7697,1.0171
Portugal,2000,Both sexes,15.7,6.3933,6.3534,2.7858,0.1675
Portugal,2000,Female,10.8,4.7175,4.4928,1.2631,0.3266
Portugal,2000,Male,20.9,9.2728,8.6071,2.6342,0.3859
Portugal,2005,Both sexes,13.8,6.0831,5.8181,1.3212,0.5776
Portugal,2005,Female,9.3,4.001,4.013,1.0378,0.2482
Portugal,2005,Male,18.6,7.9937,8.2645,1.85,0.4918
Portugal,2010,Both sexes,12.1,5.2828,4.9452,1.5761,0.2959
Portugal,2010,Female,7.8,3.3286,3.5085,0.7368,0.2261
Portugal,2010,Male,16.8,7.2553,6.7794,2.3543,0.411
Portugal,2015,Both sexes,11.2,4.5192,4.5117,2.0031,0.166
Portugal,2015,Female,7.1,3.1392,2.9983,0.6902,0.2723
Portugal,2015,Male,15.7,6.7359,7.0091,1.4861,0.4689
Portugal,2020,Both sexes,11.1,4.4891,4.6299,1.4343,0.5467
Portugal,2020,Female,7.0,3.1452,3.0873,0.63,0.1375
Portugal,2020,Male,15.5,6.688,6.5225,2.0312,0.2583
Portugal,2025,Both sexes,11.3623,4.5791,4.7554,1.4707,0.5571
Portugal,2025,Female,7.0862,3.1779,3.1229,0.6453,0.1401
Portugal,2025,Male,15.7935,6.8684,6.5919,2.0703,0.2629
Qatar,2000,Both sexes,18.3,7.8378,8.1588,1.647,0.6564
Qatar,2000,Female,19.0,8.0677,7.7827,2.607,0.5426
Qatar,2000,Male,18.1,7.6483,7.8904,1.9559,0.6054
Qatar,2005,Both sexes,16.7,7.2388,7.0542,1.9141,0.4929
Qatar,2005,Female,17.5,7.8712,7.4202,1.6935,0.5151
Qatar,2005,Male,16.8,6.8916,7.2465,2.2528,0.4091
Qatar,2010,Both sexes,16.4,7.2268,7.0425,1.8284,0.3023
Qatar,2010,Female,15.6,6.5642,6.4415,1.8973,0.697
Qatar,2010,Male,17.0,7.0012,7.3338,1.9306,0.7344
Qatar,2015,Both sexes,15.4,6.6117,6.5107,1.8046,0.473
Qatar,2015,Female,13.8,5.8255,6.0252,1.6827,0.2666
Qatar,2015,Male,16.2,6.486,6.8224,2.2643,0.6273
Qatar,2020,Both sexes,15.3,6.2443,6.8542,1.5273,0.6742
Qatar,2020,Female,13.7,5.5786,5.4859,2.4876,0.1479
Qatar,2020,Male,16.0,7.091,6.7254,1.5356,0.648
Qatar,2025,Both sexes,15.6017,6.3822,6.9603,1.5651,0.6941
Qatar,2025,Female,14.0094,5.7306,5.5662,2.5605,0.1521
Qatar,2025,Male,16.2315,7.2012,6.8195,1.5552,0.6556
Republic of Korea,2000,Both sexes,16.5,6.873,6.8048,2.0051,0.8171
Republic of Korea,2000,Female,10.6,4.3524,4.3667,1.6557,0.2252
Republic of Korea,2000,Male,22.9,9.6059,9.9988,2.4391,0.8562
Republic of Korea,2005,Both sexes,13.5,5.518,5.8374,1.8771,0.2675
Republic of Korea,2005,Female,8.5,3.6612,3.7793,0.9478,0.1117
Republic of Korea,2005,Male,18.6,8.1073,8.1624,1.674,0.6563
Republic of Korea,2010,Both sexes,10.6,4.462,4.5142,1.4821,0.1417
Republic of Korea,2010,Female,6.4,2.7475,2.595,0.7463,0.3112
Republic of Korea,2010,Male,14.8,6.6486,6.4131,1.4213,0.317
Republic of Korea,2015,Both sexes,8.3,3.3611,3.5785,1.129,0.2314
Republic of Korea,2015,Female,5.1,2.1436,2.2763,0.4842,0.1959
Republic of Korea,2015,Male,11.6,5.0912,4.7679,1.5485,0.1924
Republic of Korea,2020,Both sexes,7.8,3.2159,3.4768,0.9247,0.1826
Republic of Korea,2020,Female,4.7,2.0076,1.9104,0.6644,0.1176
Republic of Korea,2020,Male,10.9,4.879,4.6505,0.9861,0.3844
Republic of Korea,2025,Both sexes,7.9687,3.2663,3.5671,0.9491,0.1862
Republic of Korea,2025,Female,4.7786,2.0547,1.9297,0.6735,0.1207
Republic of Korea,2025,Male,11.1372,4.9948,4.7494,1.0,0.393
Republic of Moldova,2000,Both sexes,31.9,12.8395,12.9991,5.0564,1.005
Republic of Moldova,2000,Female,25.5,11.4245,10.2568,3.4178,0.4009
Republic of Moldova,2000,Male,39.6,16.9801,17.1174,5.0797,0.4228
Republic of Moldova,2005,Both sexes,31.6,12.7781,14.1197,3.3427,1.3595
Republic of Moldova,2005,Female,24.4,10.7972,10.1128,2.3167,1.1733
Republic of Moldova,2005,Male,40.0,17.5826,16.4018,4.3274,1.6882
Republic of Moldova,2010,Both sexes,29.5,12.9354,12.9961,2.8011,0.7674
Republic of Moldova,2010,Female,22.0,9.3323,9.7873,1.98,0.9004
Republic of Moldova,2010,Male,38.1,17.0443,16.0143,3.4841,1.5573
Republic of Moldova,2015,Both sexes,27.5,12.135,11.2016,3.7128,0.4506
Republic of Moldova,2015,Female,19.5,8.407,8.1012,2.5092,0.4826
Republic of Moldova,2015,Male,36.6,16.0859,15.7678,4.3147,0.4316
Republic of Moldova,2020,Both sexes,24.9,10.4719,10.2517,3.9078,0.2686
Republic of Moldova,2020,Female,17.3,7.2128,6.9261,2.5173,0.6438
Republic of Moldova,2020,Male,33.7,14.9618,15.1071,3.033,0.5981
Republic of Moldova,2025,Both sexes,25.2951,10.623,10.4422,3.9567,0.2732
Republic of Moldova,2025,Female,17.5907,7.344,7.0111,2.5801,0.6555
Republic of Moldova,2025,Male,34.1841,15.1218,15.3814,3.0717,0.6092
Romania,2000,Both sexes,26.4,11.2022,11.0009,3.8201,0.3768
Romania,2000,Female,19.1,7.8013,8.0799,2.7932,0.4256
Romania,2000,Male,34.3,14.1296,15.348,4.0608,0.7616
Romania,2005,Both sexes,25.4,10.7827,11.2354,2.286,1.0959
Romania,2005,Female,17.7,7.5869,7.2909,2.083,0.7392
Romania,2005,Male,33.8,14.2019,14.0833,4.5117,1.0031
Romania,2010,Both sexes,23.4,10.3131,10.4553,2.106,0.5256
Romania,2010,Female,15.6,6.9016,6.6245,1.6234,0.4505
Romania,2010,Male,31.7,14.1862,13.5291,3.1679,0.8168
Romania,2015,Both sexes,21.5,9.5316,9.2381,2.406,0.3243
Romania,2015,Female,14.0,6.1312,5.6741,1.7713,0.4234
Romania,2015,Male,29.4,12.3885,11.9965,3.8974,1.1176
Romania,2020,Both sexes,21.4,9.2268,8.941,2.3429,0.8893
Romania,2020,Female,13.9,6.056,6.1672,1.4673,0.2095
Romania,2020,Male,29.3,12.0624,12.6564,4.012,0.5692
Romania,2025,Both sexes,21.8589,9.4034,9.1607,2.3947,0.9001
Romania,2025,Female,14.2321,6.1897,6.3465,1.4825,0.2134
Romania,2025,Male,29.7956,12.3293,12.783,4.1072,0.5761
Russian Federation,2000,Both sexes,37.0,15.4961,16.5081,3.8195,1.1763
Russian Federation,2000,Female,24.7,11.1016,10.2073,2.4801,0.911
Russian Federation,2000,Male,50.5,20.8811,21.9736,5.8094,1.8359
Russian Federation,2005,Both sexes,37.1,15.4322,16.5205,4.5884,0.5589
Russian Federation,2005,Female,24.2,9.9171,10.822,2.2737,1.1872
Russian Federation,2005,Male,51.4,21.0188,21.8271,7.8717,0.6824
Russian Federation,2010,Both sexes,30.4,13.0169,12.4716,3.7053,1.2062
Russian Federation,2010,Female,19.6,8.6969,8.1855,1.955,0.7626
Russian Federation,2010,Male,43.1,17.3527,19.0772,5.8974,0.7727
Russian Federation,2015,Both sexes,25.9,10.6753,10.9528,3.226,1.0459
Russian Federation,2015,Female,16.4,6.9035,7.1962,1.9141,0.3862
Russian Federation,2015,Male,37.2,15.2631,16.1993,5.3341,0.4035
Russian Federation,2020,Both sexes,25.4,10.2047,10.5704,3.8181,0.8068
Russian Federation,2020,Female,16.1,7.2172,6.7438,1.8117,0.3273
Russian Federation,2020,Male,36.5,15.6069,15.2507,4.6243,1.0181
Russian Federation,2025,Both sexes,26.0204,10.4756,10.8482,3.8801,0.8165
Russian Federation,2025,Female,16.3041,7.3291,6.8133,1.8302,0.3315
Russian Federation,2025,Male,37.3449,15.8956,15.6789,4.7295,1.0409
Rwanda,2000,Both sexes,30.1,13.1587,13.1286,3.3478,0.4649
Rwanda,2000,Female,30.2,12.456,12.6422,4.4922,0.6096
Rwanda,2000,Male,30.1,13.2983,12.273,3.8651,0.6636
Rwanda,2005,Both sexes,22.4,9.5059,9.6601,2.1623,1.0717
Rwanda,2005,Female,21.7,8.7483,8.8833,3.8233,0.2451
Rwanda,2005,Male,23.5,10.0812,10.0348,3.1017,0.2823
Rwanda,2010,Both sexes,19.2,8.2919,8.4498,1.9082,0.5501
Rwanda,2010,Female,18.2,7.9927,7.433,2.2194,0.5549
Rwanda,2010,Male,20.7,8.6543,8.3922,2.7212,0.9323
Rwanda,2015,Both sexes,18.3,7.5805,7.664,2.3189,0.7366
Rwanda,2015,Female,17.1,6.9275,7.191,2.1722,0.8093
Rwanda,2015,Male,19.7,8.4116,7.9563,3.1209,0.2112
Rwanda,2020,Both sexes,18.2,7.3273,7.3834,3.3044,0.1849
Rwanda,2020,Female,17.0,7.2333,7.0551,2.4388,0.2728
Rwanda,2020,Male,19.6,8.8195,8.6262,1.764,0.3903
Rwanda,2025,Both sexes,18.5628,7.4394,7.5951,3.3396,0.1887
Rwanda,2025,Female,17.3883,7.3706,7.2438,2.4966,0.2773
Rwanda,2025,Male,20.0605,9.0023,8.8522,1.8117,0.3943
Saint Lucia,2000,Both sexes,24.9,10.4611,11.1054,2.4368,0.8967
Saint Lucia,2000,Female,24.3,10.1297,10.2087,3.6688,0.2928
Saint Lucia,2000,Male,25.5,10.3153,11.4085,3.2575,0.5187
Saint Lucia,2005,Both sexes,24.8,10.8906,11.0825,2.232,0.5949
Saint Lucia,2005,Female,22.6,9.2765,9.122,3.3398,0.8617
Saint Lucia,2005,Male,27.2,11.092,11.2111,3.7087,1.1882
Saint Lucia,2010,Both sexes,19.4,8.701,7.7813,2.1008,0.8169
Saint Lucia,2010,Female,18.0,7.3311,7.8277,2.1984,0.6428
Saint Lucia,2010,Male,21.0,9.2274,8.7121,2.7366,0.3239
Saint Lucia,2015,Both sexes,19.0,8.0863,8.1007,2.1962,0.6168
Saint Lucia,2015,Female,17.2,7.3904,7.0607,2.4969,0.252
Saint Lucia,2015,Male,20.9,8.5385,8.5666,3.3194,0.4755
Saint Lucia,2020,Both sexes,18.8,7.9796,7.903,1.9875,0.9299
Saint Lucia,2020,Female,16.9,7.2888,6.8061,2.0707,0.7344
Saint Lucia,2020,Male,20.7,8.3379,8.4272,3.6842,0.2507
Saint Lucia,2025,Both sexes,19.0961,8.1296,7.9968,2.0179,0.9518
Saint Lucia,2025,Female,17.3515,7.4664,7.0048,2.1242,0.7561
Saint Lucia,2025,Male,21.0998,8.4365,8.636,3.7717,0.2556
Saint Vincent and the Grenadines,2000,Both sexes,24.6,10.0451,10.8208,2.7794,0.9547
Saint Vincent and the Grenadines,2000,Female,24.1,10.0467,9.6618,3.7646,0.6269
Saint Vincent and the Grenadines,2000,Male,25.2,10.1885,10.6644,3.9197,0.4274
Saint Vincent and the Grenadines,2005,Both sexes,22.8,9.8618,10.1082,2.052,0.778
Saint Vincent and the Grenadines,2005,Female,21.7,9.4835,9.5013,1.9717,0.7435
Saint Vincent and the Grenadines,2005,Male,23.9,10.6592,9.6733,2.8083,0.7592
Saint Vincent and the Grenadines,2010,Both sexes,21.4,9.3953,8.9776,2.3179,0.7092
Saint Vincent and the Grenadines,2010,Female,20.1,8.4206,8.8874,2.0731,0.7189
Saint Vincent and the Grenadines,2010,Male,22.7,10.1144,9.7089,2.4913,0.3854
Saint Vincent and the Grenadines,2015,Both sexes,22.3,9.0888,9.8103,2.5471,0.8538
Saint Vincent and the Grenadines,2015,Female,18.6,8.0242,7.5529,2.1034,0.9195
Saint Vincent and the Grenadines,2015,Male,25.9,10.6065,10.8349,4.0899,0.3687
Saint Vincent and the Grenadines,2020,Both sexes,23.2,9.856,9.423,3.3169,0.6041
Saint Vincent and the Grenadines,2020,Female,19.1,7.7865,7.9901,2.8472,0.4762
Saint Vincent and the Grenadines,2020,Male,27.1,11.3152,11.8872,2.756,1.1416
Saint Vincent and the Grenadines,2025,Both sexes,23.6329,9.9967,9.6451,3.3704,0.6207
Saint Vincent and the Grenadines,2025,Female,19.5599,7.9286,8.2211,2.9288,0.4814
Saint Vincent and the Grenadines,2025,Male,27.5613,11.4729,12.1417,2.7855,1.1612
Samoa,2000,Both sexes,29.5,12.3744,13.2038,3.2496,0.6722
Samoa,2000,Female,21.7,8.7703,9.4661,2.9761,0.4875
Samoa,2000,Male,36.6,16.2286,16.2527,3.294,0.8247
Samoa,2005,Both sexes,26.7,11.6975,11.6327,2.8812,0.4886
Samoa,2005,Female,19.4,8.6976,8.1986,2.199,0.3048
Samoa,2005,Male,33.4,14.3099,14.8091,3.3697,0.9113
Samoa,2010,Both sexes,23.4,10.0028,10.0513,2.5009,0.845
Samoa,2010,Female,16.8,6.8838,7.4146,1.9556,0.546
Samoa,2010,Male,29.5,12.1771,12.3377,3.6946,1.2906
Samoa,2015,Both sexes,20.9,9.2405,8.8834,1.881,0.8951
Samoa,2015,Female,15.0,6.2625,6.6963,1.8518,0.1894
Samoa,2015,Male,26.5,10.729,11.0016,3.8279,0.9415
Samoa,2020,Both sexes,20.6,8.8064,8.8782,2.1627,0.7527
Samoa,2020,Female,14.7,6.5059,5.9951,1.4789,0.7201
Samoa,2020,Male,26.1,11.5314,10.7212,3.4607,0.3867
Samoa,2025,Both sexes,20.9525,8.9346,9.0456,2.1993,0.773
Samoa,2025,Female,14.9788,6.6193,6.1122,1.5082,0.7391
Samoa,2025,Male,26.6386,11.7814,10.9569,3.5027,0.3976
Sao Tome and Principe,2000,Both sexes,19.8,8.0866,8.108,3.0425,0.5629
Sao Tome and Principe,2000,Female,20.5,8.8672,9.0451,2.0401,0.5476
Sao Tome and Principe,2000,Male,18.9,7.8305,7.7939,2.5988,0.6768
Sao Tome and Principe,2005,Both sexes,19.0,7.9883,8.0433,2.7383,0.2301
Sao Tome and Principe,2005,Female,19.5,8.296,8.037,2.3911,0.7759
Sao Tome and Principe,2005,Male,18.4,7.3946,8.0198,2.4056,0.58
Sao Tome and Principe,2010,Both sexes,18.6,8.0424,7.4672,2.4445,0.6459
Sao Tome and Principe,2010,Female,19.0,7.6774,7.7837,2.6264,0.9125
Sao Tome and Principe,2010,Male,18.1,7.7011,7.7339,2.2238,0.4412
Sao Tome and Principe,2015,Both sexes,18.6,8.1922,7.7764,2.0553,0.5761
Sao Tome and Principe,2015,Female,18.7,8.3527,8.1565,1.683,0.5078
Sao Tome and Principe,2015,Male,18.7,8.1071,7.7319,2.4664,0.3946
Sao Tome and Principe,2020,Both sexes,18.5,8.1242,7.8095,2.0222,0.5441
Sao Tome and Principe,2020,Female,18.6,7.7899,7.7816,2.4512,0.5773
Sao Tome and Principe,2020,Male,18.7,8.2073,7.8375,2.1367,0.5185
Sao Tome and Principe,2025,Both sexes,18.9361,8.2784,8.0333,2.0735,0.5509
Sao Tome and Principe,2025,Female,18.9119,7.8995,7.9374,2.4889,0.5861
Sao Tome and Principe,2025,Male,19.0068,8.3775,7.9278,2.1675,0.534
Saudi Arabia,2000,Both sexes,18.9,8.0609,7.5863,2.8773,0.3755
Saudi Arabia,2000,Female,16.3,7.1252,6.748,1.8954,0.5314
Saudi Arabia,2000,Male,21.1,8.9249,9.1031,2.3907,0.6813
Saudi Arabia,2005,Both sexes,18.4,8.2207,8.1992,1.656,0.3241
Saudi Arabia,2005,Female,16.4,7.3536,7.2897,1.476,0.2807
Saudi Arabia,2005,Male,20.1,8.0796,8.785,2.369,0.8664
Saudi Arabia,2010,Both sexes,17.9,7.5805,7.5676,2.1561,0.5958
Saudi Arabia,2010,Female,15.9,7.02,6.8879,1.6179,0.3742
Saudi Arabia,2010,Male,19.5,8.1479,7.9602,2.8041,0.5878
Saudi Arabia,2015,Both sexes,16.5,7.3596,7.3989,1.485,0.2565
Saudi Arabia,2015,Female,14.4,5.8067,6.0953,2.2156,0.2824
Saudi Arabia,2015,Male,18.0,7.6124,8.0505,1.6721,0.665
Saudi Arabia,2020,Both sexes,16.4,6.6199,6.7844,2.1888,0.8069
Saudi Arabia,2020,Female,14.2,6.0479,5.7066,1.9801,0.4654
Saudi Arabia,2020,Male,17.8,7.6507,7.7517,2.2144,0.1832
Saudi Arabia,2025,Both sexes,16.7002,6.7067,6.9455,2.2213,0.8267
Saudi Arabia,2025,Female,14.4709,6.1608,5.8302,2.0077,0.4722
Saudi Arabia,2025,Male,18.2828,7.8619,7.952,2.2805,0.1884
Senegal,2000,Both sexes,21.3,9.5292,9.3367,1.9926,0.4415
Senegal,2000,Female,20.8,9.2369,8.8558,1.872,0.8353
Senegal,2000,Male,22.0,9.4499,9.5936,1.98,0.9765
Senegal,2005,Both sexes,21.9,9.7624,9.5943,1.971,0.5723
Senegal,2005,Female,21.3,8.7993,8.9844,3.1696,0.3467
Senegal,2005,Male,22.6,10.1569,9.5658,2.5987,0.2786
Senegal,2010,Both sexes,20.0,8.5121,8.9407,2.309,0.2382
Senegal,2010,Female,19.5,7.9942,8.2142,2.7959,0.4957
Senegal,2010,Male,20.6,8.6028,9.1223,2.3426,0.5323
Senegal,2015,Both sexes,18.4,8.1484,7.9895,1.656,0.6061
Senegal,2015,Female,17.6,7.822,7.3296,2.051,0.3974
Senegal,2015,Male,19.5,7.9984,8.6515,2.6084,0.2417
Senegal,2020,Both sexes,18.1,7.3198,7.6144,2.4417,0.7241
Senegal,2020,Female,17.2,7.3084,7.1634,2.253,0.4752
Senegal,2020,Male,19.2,8.3457,8.631,1.8179,0.4054
Senegal,2025,Both sexes,18.521,7.4533,7.829,2.4942,0.7445
Senegal,2025,Female,17.4698,7.4543,7.2442,2.2821,0.4892
Senegal,2025,Male,19.5967,8.4351,8.8799,1.8697,0.412
Serbia,2000,Both sexes,28.5,12.5741,12.3227,2.565,1.0382
Serbia,2000,Female,22.0,8.9288,9.381,3.3586,0.3316
Serbia,2000,Male,35.2,15.3366,15.7074,3.168,0.988
Serbia,2005,Both sexes,26.1,11.6782,10.7898,2.5239,1.1081
Serbia,2005,Female,19.9,8.8894,8.7225,1.791,0.4971
Serbia,2005,Male,32.5,13.09,13.8744,5.1189,0.4167
Serbia,2010,Both sexes,22.5,9.3603,10.02,2.7226,0.3971
Serbia,2010,Female,16.8,7.0117,6.9428,2.2164,0.6291
Serbia,2010,Male,28.3,12.1908,11.8941,3.8856,0.3295
Serbia,2015,Both sexes,20.1,8.6383,8.5819,1.8999,0.9799
Serbia,2015,Female,14.5,6.4098,6.5227,1.305,0.2625
Serbia,2015,Male,25.8,10.9446,10.402,3.626,0.8274
Serbia,2020,Both sexes,19.1,8.1768,8.1678,2.4767,0.2787
Serbia,2020,Female,13.7,5.4944,5.9751,2.0756,0.1549
Serbia,2020,Male,24.6,9.9951,10.4913,3.603,0.5106
Serbia,2025,Both sexes,19.4971,8.3492,8.3152,2.5496,0.2831
Serbia,2025,Female,13.9909,5.627,6.0742,2.1331,0.1566
Serbia,2025,Male,25.0406,10.2068,10.6011,3.7073,0.5254
Seychelles,2000,Both sexes,24.1,10.6586,10.5162,2.169,0.7562
Seychelles,2000,Female,16.1,7.078,6.5905,2.2276,0.2039
Seychelles,2000,Male,32.2,13.1307,13.2433,5.2312,0.5948
Seychelles,2005,Both sexes,23.4,10.4307,10.3598,2.106,0.5035
Seychelles,2005,Female,15.5,6.8193,6.5941,1.7872,0.2994
Seychelles,2005,Male,31.5,12.6824,13.833,3.6042,1.3804
Seychelles,2010,Both sexes,22.8,9.3728,10.0097,3.006,0.4115
Seychelles,2010,Female,14.4,5.821,6.3415,1.6491,0.5884
Seychelles,2010,Male,30.3,12.2413,12.8388,4.9048,0.3151
Seychelles,2015,Both sexes,21.3,9.2812,9.163,2.3881,0.4677
Seychelles,2015,Female,13.4,5.4475,5.6091,2.1955,0.1479
Seychelles,2015,Male,28.8,12.1116,11.8335,3.4541,1.4008
Seychelles,2020,Both sexes,21.2,9.108,8.9914,2.3606,0.74
Seychelles,2020,Female,13.2,5.9073,5.5332,1.4034,0.3561
Seychelles,2020,Male,28.7,11.4944,11.7596,4.5949,0.8511
Seychelles,2025,Both sexes,21.5615,9.2314,9.1779,2.3943,0.7579
Seychelles,2025,Female,13.5463,6.0622,5.6822,1.4388,0.3631
Seychelles,2025,Male,29.3265,11.6673,12.0914,4.6991,0.8687
Sierra Leone,2000,Both sexes,36.7,15.2737,15.0173,5.1951,1.2139
Sierra Leone,2000,Female,36.5,15.6222,15.3053,4.5939,0.9786
Sierra Leone,2000,Male,36.9,15.0457,15.4172,5.0393,1.3978
Sierra Leone,2005,Both sexes,33.9,14.5527,13.5744,4.402,1.3709
Sierra Leone,2005,Female,35.1,15.3649,15.7163,3.3306,0.6882
Sierra Leone,2005,Male,32.7,14.2458,13.6789,4.3791,0.3962
Sierra Leone,2010,Both sexes,31.8,13.1471,13.5068,4.7186,0.4275
Sierra Leone,2010,Female,33.7,14.2249,14.043,4.3917,1.0404
Sierra Leone,2010,Male,29.7,12.7103,12.6266,3.8945,0.4686
Sierra Leone,2015,Both sexes,30.0,12.1131,12.3755,4.4082,1.1032
Sierra Leone,2015,Female,32.2,13.1835,14.176,3.2726,1.5679
Sierra Leone,2015,Male,27.6,12.2658,11.6747,2.7134,0.9461
Sierra Leone,2020,Both sexes,30.5,13.7228,12.2378,3.2154,1.324
Sierra Leone,2020,Female,32.6,14.5097,14.5497,3.2028,0.3378
Sierra Leone,2020,Male,28.2,11.7952,12.4667,3.0305,0.9076
Sierra Leone,2025,Both sexes,31.1656,14.12,12.3914,3.311,1.3432
Sierra Leone,2025,Female,33.2923,14.7992,14.8667,3.2839,0.3425
Sierra Leone,2025,Male,28.561,11.9452,12.6146,3.0717,0.9295
Singapore,2000,Both sexes,16.8,6.8284,7.171,2.0032,0.7974
Singapore,2000,Female,13.0,5.3611,5.2236,2.2323,0.183
Singapore,2000,Male,20.5,8.5161,9.0913,2.0611,0.8315
Singapore,2005,Both sexes,13.3,5.4876,5.9323,1.4377,0.4424
Singapore,2005,Female,9.6,4.2274,4.0912,1.1406,0.1408
Singapore,2005,Male,17.0,7.2535,7.3069,2.0207,0.4189
Singapore,2010,Both sexes,11.3,4.628,4.9666,1.3872,0.3182
Singapore,2010,Female,8.0,3.4996,3.3089,1.0739,0.1176
Singapore,2010,Male,14.7,6.1017,6.1623,1.7866,0.6494
Singapore,2015,Both sexes,10.0,4.2845,4.4409,0.9,0.3746
Singapore,2015,Female,7.3,3.0698,3.0918,1.0511,0.0873
Singapore,2015,Male,12.7,5.5496,5.135,1.5484,0.467
Singapore,2020,Both sexes,9.3,3.9814,3.7227,1.4737,0.1222
Singapore,2020,Female,6.9,3.0774,2.8534,0.7979,0.1713
Singapore,2020,Male,11.8,5.2399,4.7659,1.3425,0.4517
Singapore,2025,Both sexes,9.461,4.0383,3.7995,1.4984,0.1248
Singapore,2025,Female,7.0504,3.1282,2.9333,0.8126,0.1763
Singapore,2025,Male,11.9566,5.2986,4.8389,1.3606,0.4585
Slovakia,2000,Both sexes,25.3,11.2142,10.5256,3.1267,0.4335
Slovakia,2000,Female,16.4,6.8229,6.6707,2.5482,0.3582
Slovakia,2000,Male,35.2,14.5013,14.8156,5.1774,0.7057
Slovakia,2005,Both sexes,22.9,9.7263,10.1845,2.515,0.4742
Slovakia,2005,Female,14.7,6.384,6.5114,1.6055,0.1991
Slovakia,2005,Male,32.1,13.499,14.2822,2.889,1.4298
Slovakia,2010,Both sexes,20.4,8.6952,8.8122,2.4129,0.4797
Slovakia,2010,Female,13.1,5.5346,5.7354,1.2828,0.5472
Slovakia,2010,Male,28.4,12.6478,12.1941,3.1772,0.3809
Slovakia,2015,Both sexes,17.7,7.8042,7.2319,1.9149,0.749
Slovakia,2015,Female,11.5,4.8369,4.6796,1.5623,0.4212
Slovakia,2015,Male,24.3,10.5618,10.3954,2.4198,0.923
Slovakia,2020,Both sexes,17.2,7.5065,7.0517,2.2143,0.4275
Slovakia,2020,Female,11.2,4.7076,4.7516,1.3865,0.3543
Slovakia,2020,Male,23.6,10.032,10.2961,2.9291,0.3428
Slovakia,2025,Both sexes,17.5597,7.6031,7.253,2.2716,0.432
Slovakia,2025,Female,11.4635,4.8049,4.8837,1.4153,0.3596
Slovakia,2025,Male,24.09,10.2748,10.482,2.9856,0.3476
Slovenia,2000,Both sexes,18.5,8.0122,7.7289,1.9754,0.7835
Slovenia,2000,Female,12.1,5.0693,5.0232,1.6642,0.3433
Slovenia,2000,Male,25.4,10.5343,10.8854,2.969,1.0113
Slovenia,2005,Both sexes,16.1,6.7231,6.8775,2.2915,0.2079
Slovenia,2005,Female,10.7,4.7097,4.5806,0.9856,0.4241
Slovenia,2005,Male,21.7,9.5373,8.9163,2.4417,0.8047
Slovenia,2010,Both sexes,13.5,5.7748,5.7561,1.4801,0.489
Slovenia,2010,Female,8.9,3.8689,3.5672,1.2423,0.2216
Slovenia,2010,Male,18.1,7.451,8.0223,2.2217,0.405
Slovenia,2015,Both sexes,13.1,5.3254,5.4664,1.754,0.5542
Slovenia,2015,Female,9.2,4.075,3.9715,0.9683,0.1852
Slovenia,2015,Male,16.9,6.9682,6.8134,2.8604,0.258
Slovenia,2020,Both sexes,12.7,5.4434,5.3606,1.5929,0.3031
Slovenia,2020,Female,8.9,3.7077,3.8913,1.1579,0.1431
Slovenia,2020,Male,16.4,7.1721,7.2927,1.476,0.4592
Slovenia,2025,Both sexes,12.918,5.5135,5.4554,1.6405,0.3086
Slovenia,2025,Female,9.1016,3.8047,3.9673,1.1837,0.1459
Slovenia,2025,Male,16.6866,7.2451,7.4731,1.5025,0.4659
Solomon Islands,2000,Both sexes,31.2,12.6567,13.3695,3.7863,1.3875
Solomon Islands,2000,Female,29.0,11.7074,13.0396,3.4898,0.7632
Solomon Islands,2000,Male,33.3,14.1144,14.9759,2.997,1.2127
Solomon Islands,2005,Both sexes,28.5,12.7302,11.8911,3.4103,0.4684
Solomon Islands,2005,Female,26.1,10.7508,11.6647,3.245,0.4395
Solomon Islands,2005,Male,30.7,13.1445,13.7287,3.5151,0.3117
Solomon Islands,2010,Both sexes,25.8,10.8717,11.0889,3.4889,0.3505
Solomon Islands,2010,Female,23.6,10.3926,9.9824,2.778,0.447
Solomon Islands,2010,Male,27.8,11.5889,11.2447,3.6191,1.3473
Solomon Islands,2015,Both sexes,24.4,10.8056,10.2664,2.9968,0.3312
Solomon Islands,2015,Female,22.0,9.6495,8.8831,2.5192,0.9482
Solomon Islands,2015,Male,26.7,11.2644,10.988,3.8695,0.5781
Solomon Islands,2020,Both sexes,23.8,10.4934,10.6266,2.142,0.538
Solomon Islands,2020,Female,21.4,8.8083,9.3185,2.354,0.9192
Solomon Islands,2020,Male,26.1,11.3032,11.6188,2.8141,0.3639
Solomon Islands,2025,Both sexes,24.1261,10.6353,10.7589,2.1791,0.5528
Solomon Islands,2025,Female,21.8014,8.9557,9.4963,2.4103,0.9391
Solomon Islands,2025,Male,26.7409,11.5533,11.9506,2.8643,0.3727
Somalia,2000,Both sexes,24.1,10.7712,10.6101,2.169,0.5497
Somalia,2000,Female,24.2,10.1622,10.0635,3.2799,0.6944
Somalia,2000,Male,24.0,10.2607,10.5911,2.6169,0.5313
Somalia,2005,Both sexes,23.9,10.1018,10.7422,2.7646,0.2914
Somalia,2005,Female,23.7,9.8544,10.3441,2.4352,1.0663
Somalia,2005,Male,24.0,10.026,10.1783,3.0727,0.723
Somalia,2010,Both sexes,21.6,9.5918,8.9945,2.7002,0.3135
Somalia,2010,Female,22.1,9.315,9.1574,2.7553,0.8723
Somalia,2010,Male,21.1,9.3579,9.1111,2.281,0.35
Somalia,2015,Both sexes,21.9,9.0741,9.0671,3.3999,0.3589
Somalia,2015,Female,22.1,9.8409,9.9175,1.989,0.3526
Somalia,2015,Male,21.8,8.8988,9.0309,2.961,0.9093
Somalia,2020,Both sexes,21.8,9.0333,9.3281,2.9553,0.4833
Somalia,2020,Female,22.0,9.7205,9.4295,1.98,0.87
Somalia,2020,Male,21.7,8.7738,8.6815,3.6374,0.6073
Somalia,2025,Both sexes,22.3171,9.2294,9.5584,3.0403,0.489
Somalia,2025,Female,22.2738,9.8346,9.5274,2.0302,0.8816
Somalia,2025,Male,22.084,8.9169,8.8321,3.7132,0.6218
South Africa,2000,Both sexes,29.4,11.8908,12.5119,3.623,1.3743
South Africa,2000,Female,25.0,10.7739,10.1992,2.8088,1.2181
South Africa,2000,Male,34.4,15.3151,14.0292,4.2072,0.8485
South Africa,2005,Both sexes,28.7,12.8795,12.8659,2.583,0.3716
South Africa,2005,Female,24.4,10.5848,10.2541,2.4079,1.1532
South Africa,2005,Male,33.8,14.8908,13.8533,4.4292,0.6267
South Africa,2010,Both sexes,28.2,12.4017,11.9528,3.4159,0.4296
South Africa,2010,Female,23.4,10.1904,9.9242,2.5643,0.7211
South Africa,2010,Male,33.9,13.9593,15.1406,3.2956,1.5045
South Africa,2015,Both sexes,26.6,11.2162,11.7036,2.6274,1.0528
South Africa,2015,Female,21.5,9.432,8.656,3.186,0.226
South Africa,2015,Male,32.6,13.7349,13.5839,4.5425,0.7387
South Africa,2020,Both sexes,26.2,10.8541,11.7397,3.0163,0.5899
South Africa,2020,Female,21.2,8.5972,8.7126,3.2845,0.6057
South Africa,2020,Male,32.3,13.0783,13.7708,5.0541,0.3968
South Africa,2025,Both sexes,26.5486,11.011,11.8807,3.0518,0.6051
South Africa,2025,Female,21.6439,8.7568,8.92,3.3503,0.6168
South Africa,2025,Male,32.8323,13.2583,14.0452,5.126,0.4028
South Sudan,2000,Both sexes,23.8,9.7495,9.7474,3.3332,0.9699
South Sudan,2000,Female,23.0,9.5699,9.7353,2.597,1.0978
South Sudan,2000,Male,24.7,10.208,10.8275,3.214,0.4505
South Sudan,2005,Both sexes,22.3,9.1203,9.5646,2.5376,1.0775
South Sudan,2005,Female,21.6,9.0074,9.5644,2.4366,0.5916
South Sudan,2005,Male,23.1,9.821,9.3358,3.1393,0.8039
South Sudan,2010,Both sexes,20.3,9.0432,8.7634,2.232,0.2614
South Sudan,2010,Female,19.7,8.4044,8.1788,2.6103,0.5065
South Sudan,2010,Male,20.9,9.3099,9.3609,1.9553,0.2739
South Sudan,2015,Both sexes,19.6,7.9103,8.0622,2.7012,0.9263
South Sudan,2015,Female,19.4,8.0772,8.3691,2.5461,0.4076
South Sudan,2015,Male,19.9,8.8639,8.7374,2.0843,0.2144
South Sudan,2020,Both sexes,19.8,8.8256,8.0853,2.5952,0.2939
South Sudan,2020,Female,19.5,8.2059,8.2376,2.3943,0.6622
South Sudan,2020,Male,20.0,8.0854,8.9094,2.6502,0.355
South Sudan,2025,Both sexes,20.1715,9.0301,8.2203,2.6222,0.2989
South Sudan,2025,Female,19.8385,8.2899,8.4351,2.443,0.6705
South Sudan,2025,Male,20.386,8.2089,9.1224,2.6901,0.3646
Spain,2000,Both sexes,13.5,5.4327,5.5419,2.0848,0.4406
Spain,2000,Female,8.0,3.4597,3.4792,0.7769,0.2842
Spain,2000,Male,19.1,8.2279,7.6778,2.6954,0.4989
Spain,2005,Both sexes,12.2,5.0023,5.0114,1.9219,0.2644
Spain,2005,Female,7.3,3.1446,3.0704,0.7392,0.3458
Spain,2005,Male,17.2,7.0286,7.2063,2.1665,0.7986
Spain,2010,Both sexes,10.7,4.6242,4.4204,1.5259,0.1295
Spain,2010,Female,6.6,2.7994,2.7773,0.6991,0.3242
Spain,2010,Male,15.0,6.1732,6.6014,1.5644,0.661
Spain,2015,Both sexes,10.1,4.2883,4.4926,0.909,0.4101
Spain,2015,Female,6.5,2.6747,2.6649,1.0857,0.0747
Spain,2015,Male,13.9,5.5625,5.7824,2.1815,0.3736
Spain,2020,Both sexes,9.9,4.4212,4.0624,1.1755,0.2409
Spain,2020,Female,6.4,2.8482,2.8576,0.576,0.1182
Spain,2020,Male,13.6,5.5416,5.7868,1.8851,0.3865
Spain,2025,Both sexes,10.1051,4.5113,4.1602,1.1876,0.246
Spain,2025,Female,6.5787,2.9315,2.9385,0.5877,0.121
Spain,2025,Male,13.8713,5.6642,5.9017,1.9139,0.3915
Sri Lanka,2000,Both sexes,21.5,9.5057,8.9893,2.2219,0.7831
Sri Lanka,2000,Female,16.8,6.771,7.0672,2.4265,0.5353
Sri Lanka,2000,Male,26.3,11.1391,10.7816,3.4833,0.896
Sri Lanka,2005,Both sexes,17.9,7.7662,7.7889,1.611,0.7339
Sri Lanka,2005,Female,12.7,5.4877,5.2693,1.7517,0.1913
Sri Lanka,2005,Male,23.3,9.939,9.7857,2.4535,1.1218
Sri Lanka,2010,Both sexes,17.6,7.8166,7.0577,2.0198,0.7059
Sri Lanka,2010,Female,12.9,5.6885,5.3921,1.4114,0.408
Sri Lanka,2010,Male,22.6,9.5754,9.5449,3.2474,0.2323
Sri Lanka,2015,Both sexes,17.6,7.3128,7.7545,1.7462,0.7865
Sri Lanka,2015,Female,13.4,5.8714,5.4515,1.8206,0.2565
Sri Lanka,2015,Male,22.3,9.6704,8.9724,2.9291,0.7281
Sri Lanka,2020,Both sexes,17.4,7.2389,7.0414,2.6485,0.4712
Sri Lanka,2020,Female,13.2,5.4894,5.7858,1.5299,0.3949
Sri Lanka,2020,Male,22.1,8.9823,9.8871,2.5896,0.641
Sri Lanka,2025,Both sexes,17.767,7.3966,7.1807,2.7053,0.4844
Sri Lanka,2025,Female,13.4415,5.6072,5.8667,1.5649,0.4027
Sri Lanka,2025,Male,22.5482,9.1568,10.075,2.6634,0.653
Sudan,2015,Both sexes,26.0,11.4953,10.7942,3.0039,0.7066
Sudan,2015,Female,24.3,10.8705,10.0125,2.9408,0.4762
Sudan,2015,Male,27.9,11.8166,11.3795,4.3902,0.3137
Sudan,2020,Both sexes,26.0,10.9669,11.3733,2.5388,1.121
Sudan,2020,Female,24.3,10.372,10.8558,2.187,0.8852
Sudan,2020,Male,27.8,12.192,11.1739,3.9402,0.4939
Sudan,2025,Both sexes,26.5753,11.2801,11.557,2.5852,1.153
Sudan,2025,Female,24.7905,10.5427,11.1019,2.2432,0.9027
Sudan,2025,Male,28.3679,12.5159,11.2951,4.0529,0.504
Sudan (until 2011),2000,Both sexes,29.8,13.1208,12.3367,3.8162,0.5263
Sudan (until 2011),2000,Female,27.9,11.2696,11.6572,3.8599,1.1133
Sudan (until 2011),2000,Male,31.8,13.5218,14.0964,3.5568,0.625
Sudan (until 2011),2005,Both sexes,28.8,12.717,12.6241,2.7669,0.692
Sudan (until 2011),2005,Female,27.0,11.1257,11.0811,4.2527,0.5405
Sudan (until 2011),2005,Male,30.6,12.8165,13.0563,4.4208,0.3064
Sudan (until 2011),2010,Both sexes,26.8,10.8317,11.9642,3.1146,0.8895
Sudan (until 2011),2010,Female,25.1,10.82,10.0887,3.7528,0.4385
Sudan (until 2011),2010,Male,28.5,12.3505,12.699,2.7715,0.679
Suriname,2000,Both sexes,28.0,12.3237,11.5458,2.843,1.2875
Suriname,2000,Female,25.0,10.8464,10.9731,2.7995,0.381
Suriname,2000,Male,31.2,13.9009,13.9516,2.808,0.5395
Suriname,2005,Both sexes,25.1,10.0655,10.2975,3.9969,0.7401
Suriname,2005,Female,20.8,8.8231,8.8301,2.8392,0.3076
Suriname,2005,Male,29.7,13.1842,12.663,2.673,1.1798
Suriname,2010,Both sexes,23.0,9.8183,9.9632,2.2672,0.9513
Suriname,2010,Female,18.8,8.3967,7.8801,1.7866,0.7366
Suriname,2010,Male,27.5,11.5429,11.8883,3.6282,0.4406
Suriname,2015,Both sexes,21.8,8.8859,9.4467,3.0015,0.4659
Suriname,2015,Female,17.3,7.6432,7.1492,2.0241,0.4835
Suriname,2015,Male,26.6,11.4191,11.4204,3.0203,0.7402
Suriname,2020,Both sexes,21.7,9.2775,9.5662,1.953,0.9033
Suriname,2020,Female,17.2,6.9145,7.7265,2.1232,0.4358
Suriname,2020,Male,26.4,11.6063,11.357,2.6517,0.785
Suriname,2025,Both sexes,22.0268,9.4143,9.7094,1.9803,0.9228
Suriname,2025,Female,17.5905,7.0534,7.9229,2.1731,0.4411
Suriname,2025,Male,26.8119,11.7833,11.5397,2.6852,0.8037
Sweden,2000,Both sexes,13.2,5.4129,5.913,1.4182,0.4559
Sweden,2000,Female,10.6,4.3697,4.7072,1.2408,0.2823
Sweden,2000,Male,15.8,6.5267,6.3729,2.7245,0.1759
Sweden,2005,Both sexes,11.8,5.1267,4.795,1.592,0.2863
Sweden,2005,Female,9.8,4.036,4.356,1.3065,0.1015
Sweden,2005,Male,13.9,5.9718,6.1407,1.6242,0.1633
Sweden,2010,Both sexes,10.4,4.4118,4.497,1.3796,0.1116
Sweden,2010,Female,8.7,3.5173,3.5196,1.2548,0.4083
Sweden,2010,Male,12.1,5.2357,5.2142,1.3791,0.271
Sweden,2015,Both sexes,9.3,3.9542,3.8049,1.2343,0.3066
Sweden,2015,Female,7.9,3.2926,3.4622,0.9295,0.2157
Sweden,2015,Male,10.7,4.621,4.5778,1.0782,0.423
Sweden,2020,Both sexes,9.1,3.9134,3.6556,1.2588,0.2722
Sweden,2020,Female,7.6,3.2043,3.2768,1.0202,0.0987
Sweden,2020,Male,10.7,4.3628,4.3779,1.6961,0.2632
Sweden,2025,Both sexes,9.2918,4.0108,3.7161,1.2855,0.2794
Sweden,2025,Female,7.7066,3.2407,3.3206,1.0455,0.0998
Sweden,2025,Male,10.9011,4.4503,4.4429,1.7398,0.2681
Switzerland,2000,Both sexes,12.6,5.5149,5.178,1.5578,0.3493
Switzerland,2000,Female,9.1,4.0779,4.0451,0.819,0.158
Switzerland,2000,Male,16.4,7.0666,7.1914,1.9098,0.2322
Switzerland,2005,Both sexes,10.9,4.7013,4.7246,1.31,0.1641
Switzerland,2005,Female,7.8,3.2233,3.4841,0.79,0.3026
Switzerland,2005,Male,14.1,6.3068,5.7335,1.4818,0.5779
Switzerland,2010,Both sexes,9.7,4.0374,4.3384,1.1176,0.2066
Switzerland,2010,Female,7.3,3.0976,3.1896,0.6868,0.326
Switzerland,2010,Male,12.1,5.1188,5.2461,1.5355,0.1996
Switzerland,2015,Both sexes,8.7,3.7288,3.8747,0.9669,0.1296
Switzerland,2015,Female,6.7,2.8415,2.7036,1.0134,0.1415
Switzerland,2015,Male,10.8,4.6084,4.7949,1.1116,0.2851
Switzerland,2020,Both sexes,8.6,3.7497,3.8349,0.789,0.2264
Switzerland,2020,Female,6.6,2.9054,2.6617,0.784,0.2489
Switzerland,2020,Male,10.6,4.3414,4.5141,1.2535,0.491
Switzerland,2025,Both sexes,8.8132,3.8415,3.9327,0.8068,0.2322
Switzerland,2025,Female,6.7159,2.9513,2.7125,0.8002,0.2519
Switzerland,2025,Male,10.8162,4.4548,4.571,1.2908,0.4996
Syrian Arab Republic,2000,Both sexes,22.6,9.5896,9.6106,3.0143,0.3855
Syrian Arab Republic,2000,Female,18.2,7.9772,8.1285,1.638,0.4563
Syrian Arab Republic,2000,Male,27.1,11.9413,11.5741,3.1716,0.413
Syrian Arab Republic,2005,Both sexes,22.2,9.7459,9.7361,2.2935,0.4245
Syrian Arab Republic,2005,Female,18.2,7.7368,7.8306,2.043,0.5896
Syrian Arab Republic,2005,Male,26.0,11.5989,11.1703,2.5756,0.6552
Syrian Arab Republic,2010,Both sexes,22.1,9.6684,8.947,2.8427,0.6419
Syrian Arab Republic,2010,Female,18.8,7.9914,7.7396,2.573,0.496
Syrian Arab Republic,2010,Male,25.3,11.3745,11.0946,2.3649,0.466
Syrian Arab Republic,2015,Both sexes,21.8,9.4951,8.7766,2.5605,0.9678
Syrian Arab Republic,2015,Female,18.7,7.9316,8.3092,1.9892,0.47
Syrian Arab Republic,2015,Male,24.9,10.5305,10.2867,3.593,0.4898
Syrian Arab Republic,2020,Both sexes,21.8,9.6168,9.285,2.2775,0.6207
Syrian Arab Republic,2020,Female,18.7,7.8642,8.0683,2.0574,0.7101
Syrian Arab Republic,2020,Male,24.9,10.3515,10.6833,2.8893,0.9759
Syrian Arab Republic,2025,Both sexes,22.2529,9.8407,9.472,2.3054,0.6348
Syrian Arab Republic,2025,Female,19.152,8.0827,8.2512,2.0883,0.7298
Syrian Arab Republic,2025,Male,25.4492,10.5433,10.937,2.9661,1.0028
Tajikistan,2000,Both sexes,27.3,11.757,12.1059,2.457,0.9801
Tajikistan,2000,Female,25.0,10.1497,10.6649,3.6509,0.5345
Tajikistan,2000,Male,29.5,12.4402,13.0087,2.6875,1.3636
Tajikistan,2005,Both sexes,27.3,11.0702,12.2132,3.2813,0.7353
Tajikistan,2005,Female,24.4,10.4235,10.173,3.0974,0.7061
Tajikistan,2005,Male,29.9,11.9739,12.6214,4.9506,0.3541
Tajikistan,2010,Both sexes,26.1,11.6637,11.6305,2.349,0.4568
Tajikistan,2010,Female,23.0,10.2293,10.3179,2.07,0.3828
Tajikistan,2010,Male,28.8,11.8724,11.7095,4.5819,0.6362
Tajikistan,2015,Both sexes,25.4,11.1692,10.7395,3.0638,0.4275
Tajikistan,2015,Female,22.2,9.5589,9.508,2.2764,0.8567
Tajikistan,2015,Male,28.7,11.8634,12.2106,4.1697,0.4563
Tajikistan,2020,Both sexes,25.3,10.5868,10.2914,3.6441,0.7777
Tajikistan,2020,Female,22.0,9.078,9.2473,3.1175,0.5572
Tajikistan,2020,Male,28.6,11.601,12.7756,3.7274,0.496
Tajikistan,2025,Both sexes,25.9704,10.8716,10.5612,3.7372,0.8004
Tajikistan,2025,Female,22.4438,9.2943,9.3946,3.1921,0.5628
Tajikistan,2025,Male,29.0993,11.8389,12.9148,3.836,0.5096
Thailand,2000,Both sexes,19.2,7.7314,7.8149,2.9836,0.6701
Thailand,2000,Female,16.1,6.6682,7.2035,1.5247,0.7036
Thailand,2000,Male,22.6,9.2748,9.6096,2.997,0.7186
Thailand,2005,Both sexes,17.7,7.6478,7.1007,2.4699,0.4816
Thailand,2005,Female,14.8,6.4812,6.3685,1.4647,0.4856
Thailand,2005,Male,20.9,9.2744,8.675,2.6625,0.2881
Thailand,2010,Both sexes,15.8,6.3203,6.9567,2.3149,0.2081
Thailand,2010,Female,12.6,5.2636,5.242,1.4825,0.6119
Thailand,2010,Male,19.3,7.9048,8.0927,2.7352,0.5673
Thailand,2015,Both sexes,14.6,6.0741,6.2432,2.1072,0.1755
Thailand,2015,Female,11.1,4.5822,4.5457,1.5636,0.4085
Thailand,2015,Male,18.4,7.4004,8.0227,2.4657,0.5112
Thailand,2020,Both sexes,14.5,5.8341,6.2847,1.7358,0.6454
Thailand,2020,Female,11.0,4.9029,4.5459,1.0435,0.5077
Thailand,2020,Male,18.3,7.4691,8.0634,1.9599,0.8076
Thailand,2025,Both sexes,14.8089,5.9955,6.3828,1.7738,0.6568
Thailand,2025,Female,11.1783,4.9826,4.6177,1.0615,0.5165
Thailand,2025,Male,18.6118,7.6178,8.1676,1.9975,0.8289
The former Yugoslav Republic of Macedonia,2000,Both sexes,26.0,11.5093,11.513,2.6145,0.3632
The former Yugoslav Republic of Macedonia,2000,Female,20.8,8.4541,9.0688,2.985,0.2921
The former Yugoslav Republic of Macedonia,2000,Male,31.3,12.662,12.9311,4.2987,1.4082
The former Yugoslav Republic of Macedonia,2005,Both sexes,24.3,10.9094,10.3298,2.3756,0.6852
The former Yugoslav Republic of Macedonia,2005,Female,18.9,8.0762,7.6446,2.6742,0.505
The former Yugoslav Republic of Macedonia,2005,Male,29.8,13.0427,12.1174,3.69,0.9499
The former Yugoslav Republic of Macedonia,2010,Both sexes,23.0,9.9051,9.3808,2.5988,1.1153
The former Yugoslav Republic of Macedonia,2010,Female,17.5,7.2215,7.7032,1.8277,0.7476
The former Yugoslav Republic of Macedonia,2010,Male,28.6,12.1813,11.5442,3.8714,1.0031
The former Yugoslav Republic of Macedonia,2015,Both sexes,20.7,8.3547,8.9884,2.7332,0.6237
The former Yugoslav Republic of Macedonia,2015,Female,15.7,6.7889,6.4153,1.7909,0.7049
The former Yugoslav Republic of Macedonia,2015,Male,25.8,11.307,10.946,3.1348,0.4122
The former Yugoslav Republic of Macedonia,2020,Both sexes,20.3,8.1342,8.6954,2.5104,0.96
The former Yugoslav Republic of Macedonia,2020,Female,15.4,6.5774,6.5139,1.8474,0.4613
The former Yugoslav Republic of Macedonia,2020,Male,25.3,10.9624,11.1607,2.9105,0.2664
The former Yugoslav Republic of Macedonia,2025,Both sexes,20.6984,8.2626,8.8999,2.5591,0.9768
The former Yugoslav Republic of Macedonia,2025,Female,15.7885,6.7485,6.673,1.8934,0.4736
The former Yugoslav Republic of Macedonia,2025,Male,25.9376,11.2494,11.429,2.9852,0.274
Timor-Leste,2000,Both sexes,26.8,11.0075,11.7091,3.6126,0.4708
Timor-Leste,2000,Female,25.3,11.3119,10.7759,2.6027,0.6095
Timor-Leste,2000,Male,28.2,12.0886,11.5835,3.274,1.2539
Timor-Leste,2005,Both sexes,24.3,10.5157,10.2579,2.361,1.1654
Timor-Leste,2005,Female,23.0,10.0083,9.2782,3.3052,0.4083
Timor-Leste,2005,Male,25.6,10.5549,10.9211,3.3741,0.7499
Timor-Leste,2010,Both sexes,23.2,10.1956,9.3162,2.559,1.1292
Timor-Leste,2010,Female,21.4,8.6311,9.6186,2.9027,0.2476
Timor-Leste,2010,Male,24.9,10.6156,10.3376,3.3367,0.6101
Timor-Leste,2015,Both sexes,19.9,8.5962,8.0884,2.6739,0.5415
Timor-Leste,2015,Female,18.0,8.0224,7.9497,1.6337,0.3942
Timor-Leste,2015,Male,21.7,8.9781,9.6432,2.8265,0.2522
Timor-Leste,2020,Both sexes,19.9,8.6788,8.0376,2.9002,0.2834
Timor-Leste,2020,Female,18.0,7.3427,7.6387,2.5764,0.4422
Timor-Leste,2020,Male,21.7,9.2147,8.8544,2.5648,1.0661
Timor-Leste,2025,Both sexes,20.3035,8.8964,8.1678,2.9497,0.2896
Timor-Leste,2025,Female,18.3805,7.4732,7.8165,2.6409,0.4499
Timor-Leste,2025,Male,22.0956,9.3474,9.0354,2.6231,1.0897
Togo,2000,Both sexes,24.9,10.7484,10.0839,3.217,0.8507
Togo,2000,Female,24.2,10.1674,10.3925,3.3118,0.3283
Togo,2000,Male,25.7,10.4354,10.3811,4.0844,0.7991
Togo,2005,Both sexes,25.2,10.7612,11.1505,2.5524,0.7359
Togo,2005,Female,24.5,10.0316,10.9036,2.6591,0.9057
Togo,2005,Male,25.9,10.8433,10.9988,3.199,0.8589
Togo,2010,Both sexes,24.4,10.4242,9.9655,3.024,0.9863
Togo,2010,Female,23.7,10.5173,10.3148,2.2006,0.6673
Togo,2010,Male,25.1,11.2761,11.2269,2.259,0.338
Togo,2015,Both sexes,23.5,10.0023,9.7146,3.1204,0.6627
Togo,2015,Female,23.0,9.5787,9.2485,3.4862,0.6866
Togo,2015,Male,24.1,10.2073,10.4915,2.2534,1.1478
Togo,2020,Both sexes,23.6,9.7162,9.4987,3.8956,0.4895
Togo,2020,Female,23.1,9.6977,10.0414,2.6778,0.6831
Togo,2020,Male,24.1,10.4284,10.283,2.2376,1.151
Togo,2025,Both sexes,24.1383,9.9816,9.6661,3.9874,0.5032
Togo,2025,Female,23.5096,9.873,10.2093,2.731,0.6963
Togo,2025,Male,24.6606,10.6838,10.5338,2.2689,1.1741
Tonga,2000,Both sexes,26.1,10.8377,10.6773,4.2343,0.3507
Tonga,2000,Female,21.7,9.1036,9.1311,2.8411,0.6242
Tonga,2000,Male,30.9,13.4633,12.6632,3.6116,1.1619
Tonga,2005,Both sexes,25.3,11.3479,10.3423,2.7525,0.8573
Tonga,2005,Female,19.8,8.7369,8.4004,2.0343,0.6284
Tonga,2005,Male,31.0,13.0575,13.0924,4.225,0.6251
Tonga,2010,Both sexes,24.7,10.7272,10.1886,3.4723,0.3119
Tonga,2010,Female,18.7,7.82,7.6827,2.5094,0.6879
Tonga,2010,Male,30.8,13.3835,13.2015,3.4086,0.8064
Tonga,2015,Both sexes,23.5,9.898,10.1636,3.1802,0.2582
Tonga,2015,Female,17.7,7.1345,7.2238,2.531,0.8107
Tonga,2015,Male,29.9,13.1713,12.7622,3.3347,0.6318
Tonga,2020,Both sexes,23.3,9.8221,9.5236,2.8013,1.153
Tonga,2020,Female,17.5,7.0829,7.8539,2.1878,0.3754
Tonga,2020,Male,29.7,12.7133,12.9008,3.4023,0.6836
Tonga,2025,Both sexes,23.6978,9.9625,9.6741,2.8737,1.1875
Tonga,2025,Female,17.7439,7.194,7.9362,2.2332,0.3805
Tonga,2025,Male,30.2662,12.9309,13.1694,3.4687,0.6972
Trinidad and Tobago,2000,Both sexes,28.9,12.0907,12.8805,3.2141,0.7147
Trinidad and Tobago,2000,Female,24.8,10.727,10.6816,2.812,0.5794
Trinidad and Tobago,2000,Male,33.2,13.8999,13.9167,3.9404,1.443
Trinidad and Tobago,2005,Both sexes,26.4,10.9136,11.3573,2.945,1.1841
Trinidad and Tobago,2005,Female,22.4,9.2122,9.2479,3.2862,0.6537
Trinidad and Tobago,2005,Male,30.7,13.8133,13.2129,2.8698,0.804
Trinidad and Tobago,2010,Both sexes,23.6,10.2008,9.8408,2.6541,0.9043
Trinidad and Tobago,2010,Female,20.1,8.1569,8.5791,2.8116,0.5524
Trinidad and Tobago,2010,Male,27.2,11.6381,11.2282,3.3536,0.9801
Trinidad and Tobago,2015,Both sexes,21.5,8.6248,9.564,2.915,0.3962
Trinidad and Tobago,2015,Female,18.3,7.9049,7.3888,2.7251,0.2812
Trinidad and Tobago,2015,Male,24.9,10.2433,10.3081,3.9727,0.3759
Trinidad and Tobago,2020,Both sexes,21.3,8.9116,8.6272,3.2844,0.4768
Trinidad and Tobago,2020,Female,18.0,7.6141,7.3741,2.6803,0.3315
Trinidad and Tobago,2020,Male,24.6,10.6564,10.6589,2.757,0.5277
Trinidad and Tobago,2025,Both sexes,21.6137,9.0321,8.7272,3.3679,0.4865
Trinidad and Tobago,2025,Female,18.3845,7.7286,7.5869,2.729,0.34
Trinidad and Tobago,2025,Male,25.1386,10.9214,10.8546,2.821,0.5416
Tunisia,2000,Both sexes,19.3,8.1205,8.0355,2.4827,0.6613
Tunisia,2000,Female,14.1,5.6559,5.7196,2.2398,0.4847
Tunisia,2000,Male,24.1,10.7612,10.6485,2.169,0.5213
Tunisia,2005,Both sexes,18.2,8.0538,7.4737,2.0037,0.6688
Tunisia,2005,Female,13.3,5.4063,5.6903,1.5669,0.6365
Tunisia,2005,Male,23.1,9.867,10.202,2.6844,0.3466
Tunisia,2010,Both sexes,17.5,7.5244,7.7065,2.0175,0.2516
Tunisia,2010,Female,12.9,5.7154,5.2105,1.8076,0.1665
Tunisia,2010,Male,22.1,9.279,9.2122,2.8844,0.7244
Tunisia,2015,Both sexes,16.4,6.9263,6.8412,2.3778,0.2547
Tunisia,2015,Female,12.4,5.3808,5.221,1.1974,0.6008
Tunisia,2015,Male,20.5,8.6505,8.7087,2.6048,0.536
Tunisia,2020,Both sexes,16.1,7.0984,6.4709,1.8089,0.7218
Tunisia,2020,Female,12.2,5.2871,4.8878,1.4778,0.5473
Tunisia,2020,Male,20.2,8.5979,8.4822,2.5162,0.6037
Tunisia,2025,Both sexes,16.4627,7.2339,6.629,1.8594,0.7404
Tunisia,2025,Female,12.5408,5.4438,5.0194,1.522,0.5556
Tunisia,2025,Male,20.5,8.7502,8.582,2.5495,0.6183
Turkey,2000,Both sexes,22.3,9.376,9.6581,2.6283,0.6376
Turkey,2000,Female,15.9,6.7638,6.7802,1.6815,0.6745
Turkey,2000,Male,28.6,12.3417,12.0829,3.6735,0.5019
Turkey,2005,Both sexes,20.2,8.6768,9.0791,2.1073,0.3368
Turkey,2005,Female,14.0,6.1808,6.0928,1.26,0.4664
Turkey,2005,Male,26.4,10.6216,11.589,3.6587,0.5307
Turkey,2010,Both sexes,18.2,7.7352,8.0448,1.7275,0.6925
Turkey,2010,Female,12.5,5.2461,5.1199,1.9784,0.1556
Turkey,2010,Male,24.3,10.6787,10.1464,2.8386,0.6363
Turkey,2015,Both sexes,16.4,6.851,7.0624,1.9386,0.548
Turkey,2015,Female,11.5,4.6487,4.6686,1.9644,0.2183
Turkey,2015,Male,21.8,9.3169,9.4181,2.6207,0.4443
Turkey,2020,Both sexes,16.1,7.1006,6.6696,2.0148,0.315
Turkey,2020,Female,11.3,4.8058,4.8366,1.2153,0.4423
Turkey,2020,Male,21.5,9.446,8.6606,2.8607,0.5327
Turkey,2025,Both sexes,16.4244,7.2271,6.834,2.0397,0.3236
Turkey,2025,Female,11.5243,4.8625,4.9643,1.2491,0.4484
Turkey,2025,Male,21.8463,9.5556,8.853,2.8902,0.5475
Turkmenistan,2000,Both sexes,34.0,13.956,13.62,4.7275,1.6965
Turkmenistan,2000,Female,27.3,11.712,12.154,2.8113,0.6227
Turkmenistan,2000,Male,41.0,16.9762,17.7694,5.5546,0.6998
Turkmenistan,2005,Both sexes,35.6,15.5406,15.1689,4.4288,0.4617
Turkmenistan,2005,Female,28.8,12.8085,11.6893,2.8735,1.4287
Turkmenistan,2005,Male,42.6,17.449,18.8292,4.6606,1.6612
Turkmenistan,2010,Both sexes,31.0,13.8208,13.4935,2.79,0.8957
Turkmenistan,2010,Female,24.9,10.6255,10.8005,2.8092,0.6648
Turkmenistan,2010,Male,37.5,15.7394,15.0024,6.203,0.5552
Turkmenistan,2015,Both sexes,30.6,12.2977,12.8018,4.5308,0.9697
Turkmenistan,2015,Female,23.9,9.7615,10.2541,2.9625,0.9219
Turkmenistan,2015,Male,38.0,15.4814,16.618,5.5079,0.3927
Turkmenistan,2020,Both sexes,29.5,12.8849,12.7791,3.4072,0.4288
Turkmenistan,2020,Female,22.9,10.2133,9.2232,2.4829,0.9806
Turkmenistan,2020,Male,36.7,16.0023,15.5981,3.4201,1.6795
Turkmenistan,2025,Both sexes,30.0684,13.166,13.0102,3.458,0.4342
Turkmenistan,2025,Female,23.3663,10.401,9.4099,2.548,1.0074
Turkmenistan,2025,Male,37.4106,16.3541,15.8232,3.5042,1.7291
Uganda,2000,Both sexes,25.9,10.7908,10.9276,3.6504,0.5312
Uganda,2000,Female,24.2,9.9222,10.0667,3.3962,0.8149
Uganda,2000,Male,27.9,11.3898,12.1214,3.5356,0.8532
Uganda,2005,Both sexes,24.8,10.3237,11.1397,2.4266,0.91
Uganda,2005,Female,23.6,9.5065,9.4682,3.9645,0.6608
Uganda,2005,Male,26.2,10.5374,10.9079,3.8395,0.9152
Uganda,2010,Both sexes,22.7,9.8639,9.6627,2.3556,0.8178
Uganda,2010,Female,21.2,9.2757,8.9979,2.2028,0.7236
Uganda,2010,Male,24.6,10.9343,10.3817,2.214,1.07
Uganda,2015,Both sexes,21.9,9.0286,9.251,3.1206,0.4998
Uganda,2015,Female,20.3,8.9939,8.6944,2.281,0.3307
Uganda,2015,Male,23.9,10.4496,10.7206,2.151,0.5788
Uganda,2020,Both sexes,21.9,9.4939,8.9658,2.674,0.7663
Uganda,2020,Female,20.3,8.3015,9.0354,2.4375,0.5256
Uganda,2020,Male,23.8,9.9204,9.7713,3.5721,0.5362
Uganda,2025,Both sexes,22.3591,9.6708,9.1539,2.7467,0.7877
Uganda,2025,Female,20.711,8.4703,9.2279,2.4762,0.5366
Uganda,2025,Male,24.2343,10.0303,9.9742,3.6787,0.5511
Ukraine,2000,Both sexes,34.3,15.0015,14.2546,4.2808,0.7631
Ukraine,2000,Female,23.8,9.8254,10.2257,2.6199,1.129
Ukraine,2000,Male,46.1,20.3712,18.6068,5.0362,2.0858
Ukraine,2005,Both sexes,35.6,15.9571,14.3709,4.8398,0.4322
Ukraine,2005,Female,24.2,10.2637,9.7933,3.1574,0.9856
Ukraine,2005,Male,48.4,21.6289,20.6423,4.4544,1.6744
Ukraine,2010,Both sexes,29.3,12.996,12.2215,2.8873,1.1952
Ukraine,2010,Female,20.0,8.5176,8.5779,2.105,0.7995
Ukraine,2010,Male,40.4,17.2939,17.9433,3.9058,1.257
Ukraine,2015,Both sexes,25.9,11.1918,10.4097,3.3957,0.9028
Ukraine,2015,Female,16.9,6.9944,7.3032,1.9651,0.6373
Ukraine,2015,Male,36.6,16.0635,15.5557,4.0914,0.8894
Ukraine,2020,Both sexes,24.7,9.9692,10.0621,4.3493,0.3194
Ukraine,2020,Female,16.2,7.0602,7.0222,1.6465,0.4711
Ukraine,2020,Male,35.1,15.4656,15.3605,3.159,1.1149
Ukraine,2025,Both sexes,25.3044,10.1695,10.3536,4.4546,0.3267
Ukraine,2025,Female,16.5136,7.1455,7.2154,1.6764,0.4763
Ukraine,2025,Male,35.7939,15.6665,15.7913,3.1979,1.1382
United Arab Emirates,2000,Both sexes,21.6,8.7924,8.6409,3.2508,0.9159
United Arab Emirates,2000,Female,20.6,8.4549,8.9252,2.949,0.2709
United Arab Emirates,2000,Male,22.0,8.8963,9.4972,2.5816,1.0249
United Arab Emirates,2005,Both sexes,18.9,7.5651,8.2671,2.1962,0.8716
United Arab Emirates,2005,Female,18.0,8.0403,7.6881,1.7118,0.5598
United Arab Emirates,2005,Male,19.1,7.7734,7.7318,3.0794,0.5154
United Arab Emirates,2010,Both sexes,18.1,7.6448,7.3055,2.2779,0.8718
United Arab Emirates,2010,Female,17.0,7.6377,7.2709,1.53,0.5614
United Arab Emirates,2010,Male,18.4,7.5654,8.2085,2.1286,0.4975
United Arab Emirates,2015,Both sexes,17.0,6.8418,6.8264,2.785,0.5468
United Arab Emirates,2015,Female,15.7,6.3062,6.5679,2.52,0.3059
United Arab Emirates,2015,Male,17.5,7.6668,7.4702,1.5995,0.7635
United Arab Emirates,2020,Both sexes,16.8,7.2896,7.0681,1.8109,0.6314
United Arab Emirates,2020,Female,15.5,6.7819,6.6997,1.6432,0.3752
United Arab Emirates,2020,Male,17.3,7.2175,7.1598,2.0599,0.8628
United Arab Emirates,2025,Both sexes,17.1394,7.3805,7.2521,1.8597,0.6471
United Arab Emirates,2025,Female,15.7752,6.9324,6.7799,1.6791,0.3838
United Arab Emirates,2025,Male,17.6465,7.3043,7.3665,2.0956,0.8801
United Kingdom of Great Britain and Northern Ireland,2000,Both sexes,16.4,6.8397,7.2187,1.589,0.7526
United Kingdom of Great Britain and Northern Ireland,2000,Female,12.9,5.7271,5.1684,1.388,0.6165
United Kingdom of Great Britain and Northern Ireland,2000,Male,20.0,8.5182,8.4555,2.8016,0.2247
United Kingdom of Great Britain and Northern Ireland,2005,Both sexes,14.2,5.9484,5.7531,1.9481,0.5504
United Kingdom of Great Britain and Northern Ireland,2005,Female,11.3,4.7033,4.7088,1.7632,0.1247
United Kingdom of Great Britain and Northern Ireland,2005,Male,17.1,7.2708,7.446,2.0419,0.3413
United Kingdom of Great Britain and Northern Ireland,2010,Both sexes,12.2,5.424,4.9998,1.3546,0.4216
United Kingdom of Great Britain and Northern Ireland,2010,Female,9.8,4.2431,4.2261,1.122,0.2088
United Kingdom of Great Britain and Northern Ireland,2010,Male,14.6,5.904,6.1258,2.0076,0.5626
United Kingdom of Great Britain and Northern Ireland,2015,Both sexes,11.2,4.8509,4.5686,1.3602,0.4203
United Kingdom of Great Britain and Northern Ireland,2015,Female,9.2,4.0243,3.8005,0.9587,0.4165
United Kingdom of Great Britain and Northern Ireland,2015,Male,13.3,5.4052,5.6029,2.0274,0.2645
United Kingdom of Great Britain and Northern Ireland,2020,Both sexes,10.9,4.689,4.4493,1.3317,0.43
United Kingdom of Great Britain and Northern Ireland,2020,Female,9.0,3.6771,3.9337,1.1902,0.199
United Kingdom of Great Britain and Northern Ireland,2020,Male,12.9,5.3543,5.4589,1.6485,0.4383
United Kingdom of Great Britain and Northern Ireland,2025,Both sexes,11.0687,4.7543,4.5174,1.3584,0.4386
United Kingdom of Great Britain and Northern Ireland,2025,Female,9.1932,3.7266,4.0396,1.2253,0.2017
United Kingdom of Great Britain and Northern Ireland,2025,Male,13.1356,5.4348,5.5675,1.6863,0.447
United Republic of Tanzania,2000,Both sexes,21.2,8.884,8.9166,2.5704,0.829
United Republic of Tanzania,2000,Female,20.6,8.586,8.8175,2.9121,0.2844
United Republic of Tanzania,2000,Male,21.8,9.2123,9.6538,1.962,0.9719
United Republic of Tanzania,2005,Both sexes,18.8,7.6172,7.9256,2.8963,0.3609
United Republic of Tanzania,2005,Female,18.5,8.238,7.9243,1.8904,0.4473
United Republic of Tanzania,2005,Male,19.1,8.1327,7.8821,2.1756,0.9096
United Republic of Tanzania,2010,Both sexes,17.9,7.4421,7.2632,2.9391,0.2556
United Republic of Tanzania,2010,Female,17.6,7.0584,7.2363,3.0895,0.2158
United Republic of Tanzania,2010,Male,18.4,8.0219,8.1462,1.8588,0.3731
United Republic of Tanzania,2015,Both sexes,17.9,7.8108,7.1606,2.0788,0.8498
United Republic of Tanzania,2015,Female,17.5,7.0331,7.1077,2.4938,0.8654
United Republic of Tanzania,2015,Male,18.5,7.5522,7.6161,2.9518,0.3799
United Republic of Tanzania,2020,Both sexes,17.9,7.5978,7.466,1.9954,0.8408
United Republic of Tanzania,2020,Female,17.4,7.1508,7.3331,2.2881,0.628
United Republic of Tanzania,2020,Male,18.5,7.4226,7.9378,2.5484,0.5912
United Republic of Tanzania,2025,Both sexes,18.3069,7.8193,7.6161,2.0176,0.8539
United Republic of Tanzania,2025,Female,17.6693,7.2553,7.4268,2.3505,0.6367
United Republic of Tanzania,2025,Male,18.9617,7.6237,8.1359,2.6031,0.599
United States of America,2000,Both sexes,18.0,7.3743,7.5112,2.6768,0.4377
United States of America,2000,Female,14.6,6.5263,6.4912,1.314,0.2685
United States of America,2000,Male,21.6,8.6491,9.5463,3.1609,0.2437
United States of America,2005,Both sexes,16.0,6.5851,6.5091,2.6199,0.2859
United States of America,2005,Female,13.0,5.6077,5.4056,1.3506,0.6361
United States of America,2005,Male,19.2,7.7331,7.8702,3.3976,0.1991
United States of America,2010,Both sexes,14.5,5.8859,5.8099,2.4834,0.3208
United States of America,2010,Female,11.7,4.97,4.9264,1.4946,0.309
United States of America,2010,Male,17.4,7.5673,7.6475,1.8054,0.3798
United States of America,2015,Both sexes,14.3,6.3414,6.1263,1.4378,0.3945
United States of America,2015,Female,11.6,4.9964,5.1227,1.1357,0.3452
United States of America,2015,Male,17.2,6.9378,7.2796,2.2459,0.7367
United States of America,2020,Both sexes,14.6,5.9863,6.1418,2.2054,0.2665
United States of America,2020,Female,11.8,5.0774,5.1282,1.2956,0.2988
United States of America,2020,Male,17.5,7.767,7.1385,2.1005,0.494
United States of America,2025,Both sexes,14.8427,6.0854,6.2342,2.2487,0.2744
United States of America,2025,Female,12.001,5.1781,5.1964,1.3231,0.3034
United States of America,2025,Male,17.817,7.8773,7.3144,2.1248,0.5005
Uruguay,2000,Both sexes,20.6,8.6653,8.7936,2.8945,0.2466
Uruguay,2000,Female,14.1,5.7255,5.7202,2.2815,0.3728
Uruguay,2000,Male,27.8,11.1233,11.4603,4.1817,1.0347
Uruguay,2005,Both sexes,19.1,7.897,8.407,2.5713,0.2247
Uruguay,2005,Female,13.6,5.7084,5.7747,1.5018,0.6151
Uruguay,2005,Male,25.2,11.33,10.2442,2.5713,1.0545
Uruguay,2010,Both sexes,17.7,7.4708,7.5142,1.9371,0.7779
Uruguay,2010,Female,12.4,5.5087,5.3178,1.3399,0.2336
Uruguay,2010,Male,23.4,10.1861,9.9338,2.8049,0.4752
Uruguay,2015,Both sexes,17.1,6.9295,7.5434,2.3125,0.3146
Uruguay,2015,Female,12.9,5.2571,5.4848,1.6155,0.5426
Uruguay,2015,Male,21.8,9.1496,9.0651,3.0184,0.5669
Uruguay,2020,Both sexes,16.7,7.1339,7.2259,1.9146,0.4256
Uruguay,2020,Female,12.5,5.2858,5.3435,1.3018,0.5689
Uruguay,2020,Male,21.4,9.2525,8.6079,3.2793,0.2603
Uruguay,2025,Both sexes,16.9383,7.208,7.3489,1.9465,0.4349
Uruguay,2025,Female,12.7415,5.394,5.4343,1.3369,0.5763
Uruguay,2025,Male,21.7973,9.4693,8.7396,3.3223,0.2661
Uzbekistan,2000,Both sexes,29.3,12.7006,12.9383,3.192,0.4691
Uzbekistan,2000,Female,24.3,9.8767,10.2892,3.3096,0.8245
Uzbekistan,2000,Male,34.4,13.8264,15.2717,4.5246,0.7773
Uzbekistan,2005,Both sexes,29.9,13.0497,13.3532,2.8646,0.6325
Uzbekistan,2005,Female,24.6,9.9103,10.9393,2.9831,0.7673
Uzbekistan,2005,Male,35.2,15.7524,14.1913,4.0552,1.2011
Uzbekistan,2010,Both sexes,26.5,11.0761,11.2299,3.5437,0.6503
Uzbekistan,2010,Female,21.7,9.0938,8.8328,3.0139,0.7595
Uzbekistan,2010,Male,31.5,13.6096,14.0195,3.3494,0.5215
Uzbekistan,2015,Both sexes,24.8,10.1294,10.939,2.7205,1.0111
Uzbekistan,2015,Female,20.0,8.1219,8.5098,2.7001,0.6682
Uzbekistan,2015,Male,30.1,12.9381,12.5475,3.9974,0.617
Uzbekistan,2020,Both sexes,24.5,10.5936,10.6723,2.8142,0.4199
Uzbekistan,2020,Female,19.6,8.6763,8.6862,1.764,0.4735
Uzbekistan,2020,Male,29.7,11.9982,13.2765,3.8187,0.6066
Uzbekistan,2025,Both sexes,25.1226,10.8899,10.9302,2.8717,0.4308
Uzbekistan,2025,Female,20.0627,8.9026,8.8695,1.8101,0.4805
Uzbekistan,2025,Male,30.2149,12.1576,13.5069,3.9282,0.6222
Vanuatu,2000,Both sexes,27.9,12.1188,11.2936,3.1791,1.3085
Vanuatu,2000,Female,24.4,10.074,10.6061,3.4372,0.2827
Vanuatu,2000,Male,30.8,13.1954,12.8801,3.4844,1.2401
Vanuatu,2005,Both sexes,25.6,10.5907,10.643,3.9907,0.3756
Vanuatu,2005,Female,22.3,9.9329,9.0365,2.4651,0.8655
Vanuatu,2005,Male,28.4,11.7479,11.6575,4.1933,0.8013
Vanuatu,2010,Both sexes,24.9,10.2336,10.5061,3.1324,1.0279
Vanuatu,2010,Female,21.1,9.3247,9.1308,2.2407,0.4038
Vanuatu,2010,Male,28.2,12.3854,11.9191,2.7199,1.1756
Vanuatu,2015,Both sexes,23.7,10.0918,9.6622,2.8353,1.1107
Vanuatu,2015,Female,19.6,8.0363,8.0468,2.7813,0.7356
Vanuatu,2015,Male,27.6,12.0853,12.0498,2.484,0.9809
Vanuatu,2020,Both sexes,23.3,9.3561,9.6403,4.0401,0.2635
Vanuatu,2020,Female,19.2,8.2916,7.8352,2.1856,0.8876
Vanuatu,2020,Male,27.2,11.4517,12.0973,2.448,1.203
Vanuatu,2025,Both sexes,23.7581,9.5979,9.756,4.1365,0.2677
Vanuatu,2025,Female,19.5494,8.4406,7.9715,2.2262,0.9111
Vanuatu,2025,Male,27.7186,11.5953,12.413,2.4727,1.2376
Venezuela (Bolivarian Republic of),2000,Both sexes,21.6,9.4041,8.6737,2.5544,0.9678
Venezuela (Bolivarian Republic of),2000,Female,18.3,8.1986,7.9542,1.647,0.5002
Venezuela (Bolivarian Republic of),2000,Male,24.9,10.1326,10.1185,4.2249,0.424
Venezuela (Bolivarian Republic of),2005,Both sexes,19.4,8.5895,8.0961,1.7654,0.949
Venezuela (Bolivarian Republic of),2005,Female,16.2,7.0511,6.8453,2.0763,0.2273
Venezuela (Bolivarian Republic of),2005,Male,22.8,10.2369,9.4258,2.8719,0.2654
Venezuela (Bolivarian Republic of),2010,Both sexes,18.4,7.8425,8.1016,2.0118,0.4441
Venezuela (Bolivarian Republic of),2010,Female,14.9,6.5518,6.0337,2.0037,0.3108
Venezuela (Bolivarian Republic of),2010,Male,22.0,9.5064,9.0702,3.1072,0.3162
Venezuela (Bolivarian Republic of),2015,Both sexes,18.2,8.0936,7.7331,1.638,0.7353
Venezuela (Bolivarian Republic of),2015,Female,14.6,6.1364,6.4431,1.7415,0.279
Venezuela (Bolivarian Republic of),2015,Male,21.9,9.6375,9.2095,2.6325,0.4205
Venezuela (Bolivarian Republic of),2020,Both sexes,18.1,7.9997,7.6456,1.8128,0.6419
Venezuela (Bolivarian Republic of),2020,Female,14.5,6.1431,6.2479,1.6994,0.4096
Venezuela (Bolivarian Republic of),2020,Male,21.8,8.9611,9.458,2.4894,0.8915
Venezuela (Bolivarian Republic of),2025,Both sexes,18.4235,8.1069,7.8212,1.8381,0.6573
Venezuela (Bolivarian Republic of),2025,Female,14.7129,6.2369,6.3366,1.7223,0.4171
Venezuela (Bolivarian Republic of),2025,Male,22.2477,9.0964,9.6898,2.5596,0.9019
Viet Nam,2000,Both sexes,18.6,7.8523,7.9849,1.8507,0.9121
Viet Nam,2000,Female,12.7,5.2013,5.3599,1.7147,0.4241
Viet Nam,2000,Male,25.3,10.7934,11.2652,2.9044,0.337
Viet Nam,2005,Both sexes,18.4,7.5567,7.4571,2.6995,0.6867
Viet Nam,2005,Female,12.4,4.9923,5.5082,1.3476,0.5519
Viet Nam,2005,Male,25.2,10.9125,11.2778,2.268,0.7417
Viet Nam,2010,Both sexes,18.0,7.8173,7.9499,1.8728,0.36
Viet Nam,2010,Female,12.1,5.1341,5.0298,1.7464,0.1897
Viet Nam,2010,Male,24.8,10.6758,10.6456,2.8638,0.6148
Viet Nam,2015,Both sexes,17.3,7.7553,6.9329,2.1059,0.5059
Viet Nam,2015,Female,11.6,4.8926,4.8806,1.3708,0.456
Viet Nam,2015,Male,23.6,9.8334,9.97,3.022,0.7746
Viet Nam,2020,Both sexes,17.1,7.18,7.1275,2.4611,0.3314
Viet Nam,2020,Female,11.5,4.7478,5.1455,1.4136,0.1931
Viet Nam,2020,Male,23.4,9.9224,10.0056,2.6467,0.8253
Viet Nam,2025,Both sexes,17.4948,7.3317,7.3249,2.4998,0.3384
Viet Nam,2025,Female,11.7584,4.8853,5.2411,1.4352,0.1968
Viet Nam,2025,Male,23.8694,10.1033,10.229,2.7005,0.8366
Yemen,2000,Both sexes,33.1,13.8958,14.8351,3.3245,1.0446
Yemen,2000,Female,30.5,13.1834,12.7703,3.0812,1.4651
Yemen,2000,Male,35.7,14.7939,14.4947,5.0498,1.3616
Yemen,2005,Both sexes,32.6,14.5618,14.4538,2.9538,0.6306
Yemen,2005,Female,30.1,12.6023,13.0656,4.0546,0.3775
Yemen,2005,Male,35.2,15.4499,15.1511,3.168,1.431
Yemen,2010,Both sexes,31.9,13.0339,13.6051,4.572,0.689
Yemen,2010,Female,29.4,12.1764,11.7604,5.0199,0.4433
Yemen,2010,Male,34.5,14.8849,14.0034,4.3629,1.2488
Yemen,2015,Both sexes,30.7,13.4626,13.0469,3.5087,0.6818
Yemen,2015,Female,28.2,11.6755,12.3109,3.6585,0.5551
Yemen,2015,Male,33.3,14.9413,14.4245,3.0574,0.8768
Yemen,2020,Both sexes,30.6,13.4888,13.752,2.754,0.6052
Yemen,2020,Female,28.2,11.5599,11.9777,3.543,1.1194
Yemen,2020,Male,33.2,13.3587,14.6099,4.0967,1.1347
Yemen,2025,Both sexes,31.0091,13.6578,13.9397,2.7931,0.6185
Yemen,2025,Female,28.74,11.7288,12.2784,3.5847,1.1481
Yemen,2025,Male,34.124,13.7524,15.0313,4.1868,1.1535
Zambia,2000,Both sexes,23.2,9.4574,9.36,3.2265,1.1561
Zambia,2000,Female,24.4,10.9021,10.3946,2.5033,0.6
Zambia,2000,Male,21.8,9.0348,8.8827,3.4543,0.4282
Zambia,2005,Both sexes,21.1,8.9531,8.7549,2.6424,0.7496
Zambia,2005,Female,21.7,8.7238,8.7828,3.9705,0.2229
Zambia,2005,Male,20.4,8.4539,8.4007,2.7453,0.8001
Zambia,2010,Both sexes,19.9,8.4385,8.3344,2.6389,0.4882
Zambia,2010,Female,20.0,8.1948,8.816,2.1471,0.8421
Zambia,2010,Male,19.8,7.9717,8.5987,2.6861,0.5435
Zambia,2015,Both sexes,18.0,7.9156,7.3631,2.0287,0.6926
Zambia,2015,Female,17.6,7.8873,7.1515,2.0892,0.472
Zambia,2015,Male,18.6,7.798,7.8141,2.2191,0.7688
Zambia,2020,Both sexes,17.9,7.1799,7.4318,2.4498,0.8385
Zambia,2020,Female,17.4,7.6767,7.0497,1.8432,0.8304
Zambia,2020,Male,18.5,7.6969,7.6333,2.5895,0.5803
Zambia,2025,Both sexes,18.2378,7.3627,7.537,2.4771,0.861
Zambia,2025,Female,17.7506,7.7754,7.2344,1.8882,0.8526
Zambia,2025,Male,18.8118,7.826,7.7612,2.6347,0.5899
Zimbabwe,2000,Both sexes,21.6,9.0283,8.7759,3.0706,0.7252
Zimbabwe,2000,Female,21.7,9.5447,9.3206,2.5336,0.3011
Zimbabwe,2000,Male,21.6,9.2072,8.8592,2.9272,0.6064
Zimbabwe,2005,Both sexes,22.5,9.3525,9.332,2.9304,0.8851
Zimbabwe,2005,Female,22.9,10.188,9.5606,2.4174,0.734
Zimbabwe,2005,Male,22.1,9.8028,9.0528,2.9371,0.3073
Zimbabwe,2010,Both sexes,21.1,8.7622,8.6063,3.3736,0.3579
Zimbabwe,2010,Female,21.5,9.0079,9.1445,2.6485,0.6991
Zimbabwe,2010,Male,20.5,8.9798,8.2162,2.6416,0.6624
Zimbabwe,2015,Both sexes,19.4,7.8239,7.9456,3.1204,0.5101
Zimbabwe,2015,Female,19.9,8.2138,8.0864,3.3542,0.2456
Zimbabwe,2015,Male,18.6,8.3114,7.7908,1.8177,0.6801
Zimbabwe,2020,Both sexes,19.3,8.5628,8.1012,2.1844,0.4516
Zimbabwe,2020,Female,19.8,8.5905,8.2067,2.3476,0.6552
Zimbabwe,2020,Male,18.7,7.6738,7.8332,2.7691,0.4239
Zimbabwe,2025,Both sexes,19.7778,8.7953,8.2949,2.2305,0.4571
Zimbabwe,2025,Female,20.2122,8.7896,8.3612,2.3976,0.6638
Zimbabwe,2025,Male,19.0848,7.7979,8.0315,2.8202,0.4352
Afghanistan,2026,Both sexes,31.0161,12.637,13.5824,2.9005,1.2138
Afghanistan,2026,Male,32.5082,14.1802,13.2888,4.716,0.5248
Afghanistan,2026,Female,28.1621,11.4024,12.8111,3.4048,0.9514
Albania,2026,Both sexes,17.4832,7.5177,7.3599,2.0902,0.5346
Albania,2026,Male,21.0717,8.8649,8.5689,2.4435,1.0486
Albania,2026,Female,13.6381,5.9053,6.021,1.2101,0.3226
Algeria,2026,Both sexes,14.5417,5.9699,6.466,1.7239,0.5922
Algeria,2026,Male,15.2996,6.6554,6.753,1.592,0.4462
Algeria,2026,Female,13.5208,5.7387,5.7652,1.9198,0.1488
Angola,2026,Both sexes,16.9306,6.9658,7.151,2.041,0.6325
Angola,2026,Male,17.7966,7.5492,7.8564,1.6187,0.7557
Angola,2026,Female,16.4428,6.7252,6.9744,2.3043,0.3636
Antigua and Barbuda,2026,Both sexes,22.7777,9.7276,9.3469,3.0395,1.0922
Antigua and Barbuda,2026,Male,26.1008,11.5865,10.6142,2.7791,0.9213
Antigua and Barbuda,2026,Female,20.3244,9.0828,8.6742,2.0729,0.6419
Argentina,2026,Both sexes,16.058,6.8429,7.329,1.8503,0.4157
Argentina,2026,Male,20.5687,9.1353,8.8743,1.839,0.6866
Argentina,2026,Female,12.4573,5.1492,5.3067,1.4659,0.3627
Armenia,2026,Both sexes,22.4738,10.0506,10.0266,2.0666,0.6568
Armenia,2026,Male,31.8131,13.8414,13.6178,3.1309,0.956
Armenia,2026,Female,15.4415,6.6545,6.7587,1.3235,0.5666
Australia,2026,Both sexes,9.3318,4.0252,3.9647,1.1726,0.1568
Australia,2026,Male,11.2938,4.706,4.5803,1.6761,0.3648
Australia,2026,Female,7.4264,3.2075,3.1987,0.8176,0.1557
Austria,2026,Both sexes,11.3991,4.9563,5.01,1.4025,0.3277
Austria,2026,Male,14.6625,6.2325,6.5465,1.4883,0.3724
Austria,2026,Female,8.5937,3.871,3.7877,0.7833,0.1436
Azerbaijan,2026,Both sexes,22.2173,10.1772,9.5356,2.8392,0.2363
Azerbaijan,2026,Male,29.7603,13.1839,11.824,3.7926,0.6674
Azerbaijan,2026,Female,16.5193,7.3456,7.3567,1.4463,0.2488
Bahamas,2026,Both sexes,15.5291,6.8542,6.8738,1.6618,0.4162
Bahamas,2026,Male,19.1475,8.4411,7.9246,2.2269,0.5834
Bahamas,2026,Female,12.9121,5.1634,5.4359,2.1393,0.1559
Bahrain,2026,Both sexes,11.5942,4.8808,4.887,1.6492,0.152
Bahrain,2026,Male,11.1633,4.9459,5.0181,1.0148,0.1308
Bahrain,2026,Female,12.1808,5.2063,5.0787,1.4122,0.521
Bangladesh,2026,Both sexes,21.6515,9.8493,9.3537,2.2855,0.4188
Bangladesh,2026,Male,22.9775,9.9201,9.9916,2.641,0.5653
Bangladesh,2026,Female,21.1747,8.4017,8.8242,2.7005,0.642
Barbados,2026,Both sexes,16.5996,6.8767,6.7476,2.7925,0.2512
Barbados,2026,Male,20.0086,8.3966,8.2838,3.5143,0.3116
Barbados,2026,Female,13.2564,5.6558,5.2455,1.7842,0.3116
Belarus,2026,Both sexes,23.9305,10.5285,10.8008,2.1749,0.7203
Belarus,2026,Male,35.6095,15.1204,14.7365,5.1148,0.9828
Belarus,2026,Female,13.8145,5.9361,5.733,1.9704,0.2951
Belgium,2026,Both sexes,11.6133,5.2787,4.6919,1.4206,0.3039
Belgium,2026,Male,14.1372,6.5679,6.2523,1.2838,0.2588
Belgium,2026,Female,8.8147,3.6707,3.6095,1.2137,0.3233
Belize,2026,Both sexes,22.5553,10.1256,9.3214,2.9301,0.2914
Belize,2026,Male,25.7392,11.4746,11.1064,2.3851,1.1213
Belize,2026,Female,19.6252,7.7999,8.527,2.5993,0.339
Benin,2026,Both sexes,19.9017,8.6891,8.7012,1.7893,0.8458
Benin,2026,Male,20.3185,8.3543,9.0444,2.6071,0.2978
Benin,2026,Female,19.5182,8.5403,8.0299,2.5177,0.5113
Bhutan,2026,Both sexes,23.9285,10.9243,10.6515,2.2182,0.3581
Bhutan,2026,Male,22.1737,10.2291,9.9582,2.0161,0.4564
Bhutan,2026,Female,25.6091,11.1806,10.7712,3.5603,0.316
Bolivia (Plurinational State of),2026,Both sexes,17.4027,7.121,7.1852,2.798,0.5171
Bolivia (Plurinational State of),2026,Male,17.7936,7.6601,7.3426,2.3332,0.7513
Bolivia (Plurinational State of),2026,Female,17.6401,7.3917,7.3931,2.0767,0.4751
Bosnia and Herzegovina,2026,Both sexes,18.2045,7.5212,7.2255,3.1194,0.3087
Bosnia and Herzegovina,2026,Male,23.6247,10.1173,9.9151,2.4669,1.0939
Bosnia and Herzegovina,2026,Female,13.2364,5.9652,5.6287,1.5975,0.27
Botswana,2026,Both sexes,20.4161,8.3354,8.4312,3.0669,0.9773
Botswana,2026,Male,24.5941,10.7773,10.3545,2.2296,0.8088
Botswana,2026,Female,18.3992,7.939,7.5429,2.0557,0.8597
Brazil,2026,Both sexes,17.0001,7.4047,7.3673,1.7433,0.3543
Brazil,2026,Male,20.7128,8.8758,8.5697,2.8714,0.2791
Brazil,2026,Female,13.8115,6.1334,5.5733,1.355,0.6619
Brunei Darussalam,2026,Both sexes,16.6428,7.245,7.1983,1.8431,0.668
Brunei Darussalam,2026,Male,18.7038,7.6576,7.9162,2.7801,0.6022
Brunei Darussalam,2026,Female,15.2271,6.5545,6.2344,1.6299,0.5321
Bulgaria,2026,Both sexes,24.0482,10.579,9.5013,3.1213,0.6483
Bulgaria,2026,Male,33.2714,14.7043,14.6211,2.9186,0.61
Bulgaria,2026,Female,15.7589,6.8071,6.4679,1.7777,0.7801
Burkina Faso,2026,Both sexes,22.1402,9.3063,9.0877,3.1162,0.5994
Burkina Faso,2026,Male,23.1783,9.4026,9.3824,2.9737,0.9198
Burkina Faso,2026,Female,21.4491,9.1364,8.9276,3.3215,0.4054
Burundi,2026,Both sexes,23.352,10.1137,10.7164,2.1319,0.6944
Burundi,2026,Male,23.288,9.5944,10.3562,2.9041,0.7375
Burundi,2026,Female,23.097,10.2556,9.4633,2.6199,0.9591
Cabo Verde,2026,Both sexes,17.398,7.2561,7.188,2.5688,0.6543
Cabo Verde,2026,Male,19.3927,8.2333,7.9003,2.0332,0.9277
Cabo Verde,2026,Female,16.225,6.6513,6.963,2.0311,0.7593
Cambodia,2026,Both sexes,21.7705,8.8247,9.6952,2.6426,0.4895
Cambodia,2026,Male,24.2574,10.3014,9.7351,3.9624,0.31
Cambodia,2026,Female,19.3294,8.334,8.4331,2.399,0.671
Cameroon,2026,Both sexes,21.7742,9.7646,9.487,2.0538,0.677
Cameroon,2026,Male,22.6668,9.4712,10.0998,2.9404,0.2956
Cameroon,2026,Female,21.3128,9.4975,9.1238,1.9412,0.8107
Canada,2026,Both sexes,10.1782,4.5121,4.3711,1.0122,0.2772
Canada,2026,Male,11.6468,5.1349,4.944,1.1181,0.5255
Canada,2026,Female,8.411,3.6977,3.532,0.9335,0.1743
Central African Republic,2026,Both sexes,24.0586,10.5292,10.0356,2.7176,0.466
Central African Republic,2026,Male,24.5084,10.3808,10.4838,2.9066,0.4073
Central African Republic,2026,Female,22.8378,9.3762,9.3143,3.4777,0.9174
Chad,2026,Both sexes,24.5154,10.8349,9.9261,2.6998,0.8969
Chad,2026,Male,25.3288,10.6391,11.0227,2.8775,0.4298
Chad,2026,Female,24.02,10.4738,10.6518,2.1721,0.8254
Chile,2026,Both sexes,12.5589,5.3342,5.2381,1.564,0.4835
Chile,2026,Male,15.1936,6.4473,6.3957,2.1258,0.2925
Chile,2026,Female,10.3463,4.3335,4.2879,1.6278,0.134
China,2026,Both sexes,17.7197,7.1502,7.5351,2.0069,0.6843
China,2026,Male,20.5921,8.3682,8.6097,3.0919,0.2993
China,2026,Female,14.4019,5.8851,6.2074,2.0009,0.2493
Colombia,2026,Both sexes,16.0646,6.6609,6.3384,2.5202,0.5714
Colombia,2026,Male,18.8836,8.0464,7.9215,2.2872,0.3596
Colombia,2026,Female,13.5716,5.7912,5.9761,1.649,0.4138
Comoros,2026,Both sexes,23.4284,9.8898,9.3442,3.3139,0.7524
Comoros,2026,Male,25.2517,11.4808,10.4583,2.6748,0.9415
Comoros,2026,Female,21.936,8.9364,9.3206,3.2478,0.3022
Congo,2026,Both sexes,16.9758,7.4801,6.8971,1.7178,0.8158
Congo,2026,Male,15.9598,6.6545,7.1483,2.0682,0.4092
Congo,2026,Female,17.7022,8.0117,7.7943,1.63,0.4185
Costa Rica,2026,Both sexes,11.5412,4.7425,4.7402,1.7242,0.4924
Costa Rica,2026,Male,14.1434,6.0064,5.68,1.7331,0.7071
Costa Rica,2026,Female,9.6542,3.7969,4.1457,1.0775,0.4583
Croatia,2026,Both sexes,17.2669,7.5003,7.6025,1.5581,0.4112
Croatia,2026,Male,23.1056,9.6974,9.7513,2.9904,0.976
Croatia,2026,Female,10.9427,4.819,4.4831,1.4885,0.1838
Cuba,2026,Both sexes,16.531,6.8617,6.898,2.7598,0.3062
Cuba,2026,Male,19.4811,8.4626,8.4359,1.986,0.4125
Cuba,2026,Female,14.2169,6.2423,6.3134,1.2973,0.3633
Cyprus,2026,Both sexes,11.4178,4.5932,4.8645,1.5411,0.4756
Cyprus,2026,Male,15.517,6.386,6.7753,1.8838,0.6215
Cyprus,2026,Female,7.7504,3.3427,3.1713,1.031,0.1889
Czechia,2026,Both sexes,15.3406,6.6536,6.2398,1.5905,0.6746
Czechia,2026,Male,20.5223,8.6861,8.1237,3.2274,0.2547
Czechia,2026,Female,10.4107,4.3333,4.567,1.0932,0.3923
Côte d’Ivoire,2026,Both sexes,29.8245,13.0649,13.443,2.6966,0.6562
Côte d’Ivoire,2026,Male,29.1841,11.7022,12.486,4.0174,0.8098
Côte d’Ivoire,2026,Female,30.9341,13.4898,12.3571,3.7524,0.8904
Democratic People's Republic of Korea,2026,Both sexes,26.2214,10.834,11.5623,3.2404,0.7411
Democratic People's Republic of Korea,2026,Male,35.49,15.0429,14.3492,5.4788,0.4614
Democratic People's Republic of Korea,2026,Female,17.7528,7.7238,7.6994,2.0274,0.4956
Democratic Republic of the Congo,2026,Both sexes,20.001,8.1298,8.7633,1.9875,0.9697
Democratic Republic of the Congo,2026,Male,20.146,8.2881,8.8018,2.7494,0.3588
Democratic Republic of the Congo,2026,Female,19.8218,8.3869,8.3166,1.9782,0.9616
Denmark,2026,Both sexes,11.7781,5.0967,4.9535,1.3615,0.2078
Denmark,2026,Male,13.5088,5.9473,6.0316,1.2182,0.2967
Denmark,2026,Female,9.6774,4.0316,4.0155,1.1123,0.4868
Djibouti,2026,Both sexes,19.9313,8.1083,8.4797,2.7497,0.6763
Djibouti,2026,Male,21.7322,8.8597,9.6708,2.3987,0.9362
Djibouti,2026,Female,19.0542,7.8647,8.4427,1.8777,0.4878
Dominican Republic,2026,Both sexes,19.5391,8.2988,8.2907,2.1995,0.474
Dominican Republic,2026,Male,22.0539,9.6663,9.5972,2.011,1.0058
Dominican Republic,2026,Female,16.5195,7.191,7.0058,2.0728,0.6184
Ecuador,2026,Both sexes,13.2108,5.836,5.3759,1.2557,0.589
Ecuador,2026,Male,13.9533,6.0195,6.2638,1.4073,0.5622
Ecuador,2026,Female,12.4808,5.5655,5.0487,1.3812,0.6055
Egypt,2026,Both sexes,28.1506,11.434,12.6083,3.2456,1.0337
Egypt,2026,Male,32.7143,14.3419,14.1881,2.9283,0.7982
Egypt,2026,Female,24.0715,10.5936,10.1277,3.2036,0.5637
El Salvador,2026,Both sexes,14.3776,5.7951,5.9783,2.5351,0.1637
El Salvador,2026,Male,15.4846,6.2301,6.3774,2.0949,0.6535
El Salvador,2026,Female,13.5861,5.7138,5.6558,1.6114,0.2879
Equatorial Guinea,2026,Both sexes,22.7886,9.9119,9.084,3.2494,0.2985
Equatorial Guinea,2026,Male,22.9995,9.7233,10.372,2.2675,0.8424
Equatorial Guinea,2026,Female,22.0435,9.5588,9.1456,2.4465,0.7478
Eritrea,2026,Both sexes,24.5743,10.6649,10.2668,2.8703,0.8329
Eritrea,2026,Male,25.7608,10.9607,11.2738,2.7143,0.6395
Eritrea,2026,Female,23.7533,9.4007,9.8831,3.5997,0.3597
Estonia,2026,Both sexes,17.4113,7.5694,7.7036,1.5601,0.6841
Estonia,2026,Male,25.4935,10.8085,11.3648,2.8915,0.6477
Estonia,2026,Female,10.4741,4.4125,4.404,1.3892,0.3344
Eswatini,2026,Both sexes,27.3903,12.0755,11.2108,2.9959,1.1262
Eswatini,2026,Male,30.396,12.526,13.3079,4.0136,0.6465
Eswatini,2026,Female,25.7123,11.0425,11.4522,2.3403,0.4017
Ethiopia,2026,Both sexes,18.4721,8.0255,7.4964,2.5725,0.4197
Ethiopia,2026,Male,19.344,7.9685,8.4075,2.3105,0.4044
Ethiopia,2026,Female,18.2311,7.5313,8.2262,2.4472,0.1955
Fiji,2026,Both sexes,31.5371,12.9022,12.8787,4.8634,0.6466
Fiji,2026,Male,38.0002,16.8951,16.8306,3.4,0.8806
Fiji,2026,Female,24.6811,11.0518,10.4786,2.6587,0.7196
Finland,2026,Both sexes,10.5494,4.5934,4.2032,1.4529,0.2038
Finland,2026,Male,13.7382,5.8254,5.7505,1.8097,0.1952
Finland,2026,Female,7.1745,3.1454,3.062,0.9287,0.3176
France,2026,Both sexes,10.9014,4.4636,4.8219,1.0342,0.4722
France,2026,Male,14.3907,5.9261,6.1469,1.8528,0.407
France,2026,Female,7.2837,3.3012,2.9998,0.7792,0.2678
Gabon,2026,Both sexes,14.4523,6.2533,6.5368,1.6472,0.2224
Gabon,2026,Male,15.024,6.0421,6.6585,1.8073,0.6494
Gabon,2026,Female,14.291,5.8244,5.8724,2.3608,0.1519
Gambia,2026,Both sexes,21.0147,9.1849,9.0098,2.4075,0.3303
Gambia,2026,Male,22.4867,9.8486,9.5401,2.2965,0.5714
Gambia,2026,Female,19.5862,8.4745,7.97,2.4941,0.4583
Georgia,2026,Both sexes,25.1215,11.1631,11.2108,2.3324,0.6474
Georgia,2026,Male,36.372,14.833,14.8368,4.6432,1.2212
Georgia,2026,Female,16.0809,6.5399,7.1624,1.9259,0.8291
Germany,2026,Both sexes,12.2397,5.5956,5.4961,1.1572,0.148
Germany,2026,Male,15.5612,6.898,6.6367,1.8496,0.3958
Germany,2026,Female,9.2223,4.0246,4.0717,0.7987,0.2353
Ghana,2026,Both sexes,21.1284,8.9729,9.5397,2.6318,0.3994
Ghana,2026,Male,18.7761,7.5177,7.5725,2.7048,0.8752
Ghana,2026,Female,23.6041,9.9776,10.0446,2.6639,0.9916
Greece,2026,Both sexes,12.6247,5.6679,5.6157,1.1627,0.3125
Greece,2026,Male,17.8162,7.7881,7.6452,1.9277,0.59
Greece,2026,Female,7.7929,3.409,3.2052,1.0207,0.253
Grenada,2026,Both sexes,22.2454,9.477,8.968,2.9324,0.9083
Grenada,2026,Male,26.658,11.737,10.9207,3.4594,0.2852
Grenada,2026,Female,17.7933,7.8688,7.0133,2.149,0.6768
Guatemala,2026,Both sexes,15.2725,6.412,6.64,1.8428,0.3966
Guatemala,2026,Male,15.4608,6.0917,6.683,2.0687,0.32
Guatemala,2026,Female,15.2865,6.5954,6.6827,1.8524,0.3585
Guinea,2026,Both sexes,23.0283,9.5051,9.425,3.4364,0.7832
Guinea,2026,Male,21.9255,9.6333,9.6916,2.5488,0.4589
Guinea,2026,Female,23.7378,9.3306,10.3681,3.0922,0.4786
Guinea-Bissau,2026,Both sexes,20.2281,8.7945,8.7617,2.6843,0.2128
Guinea-Bissau,2026,Male,20.4812,8.7739,8.8485,2.1844,0.7336
Guinea-Bissau,2026,Female,20.0688,8.4968,8.8352,2.8256,0.2787
Guyana,2026,Both sexes,31.459,13.4794,12.877,3.6919,1.1934
Guyana,2026,Male,33.8748,13.9124,13.8872,4.0057,1.2107
Guyana,2026,Female,29.7485,13.1441,11.8836,3.0723,1.2742
Haiti,2026,Both sexes,26.6873,11.3566,12.4214,2.3985,0.9873
Haiti,2026,Male,28.9592,11.5631,11.8302,4.0672,0.9178
Haiti,2026,Female,25.7748,10.927,10.475,3.0971,1.122
Honduras,2026,Both sexes,14.6877,6.055,6.0652,1.8467,0.4526
Honduras,2026,Male,16.5589,7.1321,7.0986,1.8349,0.2772
Honduras,2026,Female,12.3646,5.1316,5.1955,1.3873,0.5558
Hungary,2026,Both sexes,23.7208,9.5549,9.733,3.2318,0.983
Hungary,2026,Male,32.2338,14.0572,13.1206,4.255,0.4112
Hungary,2026,Female,16.0213,7.0967,6.7119,1.695,0.4968
Iceland,2026,Both sexes,9.3072,3.9106,4.0729,1.0688,0.1582
Iceland,2026,Male,10.1609,4.2152,4.5939,1.0525,0.4026
Iceland,2026,Female,8.39,3.6801,3.7073,0.7663,0.223
India,2026,Both sexes,24.423,10.6433,10.4914,2.5516,0.417
India,2026,Male,27.3731,11.2391,12.0696,3.6927,0.6644
India,2026,Female,20.2938,8.3263,8.0789,3.1922,0.4083
Indonesia,2026,Both sexes,27.3252,12.0988,11.7586,2.4127,1.0916
Indonesia,2026,Male,30.8913,12.7556,13.3661,3.7704,1.0796
Indonesia,2026,Female,22.9829,9.797,9.8542,2.2044,1.0303
Iran (Islamic Republic of),2026,Both sexes,15.1478,6.5879,6.4329,1.5681,0.5525
Iran (Islamic Republic of),2026,Male,16.1176,7.1881,6.5855,2.2762,0.1758
Iran (Islamic Republic of),2026,Female,14.1214,6.1794,6.1428,1.3092,0.5334
Iraq,2026,Both sexes,21.5826,8.8623,8.6428,2.9202,1.0477
Iraq,2026,Male,25.0805,10.8881,11.2892,2.2682,0.6668
Iraq,2026,Female,18.301,7.5325,7.8989,3.1103,0.2369
Ireland,2026,Both sexes,10.4731,4.5444,4.3347,1.3299,0.3098
Ireland,2026,Male,12.0231,4.8396,5.1868,1.8018,0.2658
Ireland,2026,Female,9.0435,3.9867,3.5735,1.1411,0.2318
Israel,2026,Both sexes,9.8548,4.0722,4.1756,1.4088,0.1696
Israel,2026,Male,11.8826,4.8773,4.9686,1.9126,0.2114
Israel,2026,Female,7.6503,3.4357,3.1174,0.7398,0.3563
Italy,2026,Both sexes,9.7687,3.921,4.0893,1.3875,0.2684
Italy,2026,Male,12.3448,5.3689,5.5688,1.1051,0.3698
Italy,2026,Female,7.4468,3.1097,3.2743,0.8791,0.1263
Jamaica,2026,Both sexes,14.9623,6.6355,6.3467,1.376,0.6231
Jamaica,2026,Male,16.4775,6.863,6.791,2.6212,0.183
Jamaica,2026,Female,13.9455,6.1874,5.837,1.2523,0.3965
Japan,2026,Both sexes,8.7077,3.6582,3.6935,0.8779,0.3422
Japan,2026,Male,11.574,5.0598,4.8957,1.0208,0.5027
Japan,2026,Female,5.8814,2.5249,2.5735,0.6476,0.0723
Jordan,2026,Both sexes,19.8559,8.1493,8.11,2.9942,0.2062
Jordan,2026,Male,23.4007,10.3212,10.2734,2.4063,0.3283
Jordan,2026,Female,16.1581,6.6802,6.8732,2.1279,0.2289
Kazakhstan,2026,Both sexes,27.601,11.2698,11.5494,3.8951,0.7997
Kazakhstan,2026,Male,37.5982,16.287,15.5686,4.5785,0.9337
Kazakhstan,2026,Female,19.102,8.3886,8.3531,1.7796,0.4762
Kenya,2026,Both sexes,13.9698,5.8651,5.733,2.1159,0.2185
Kenya,2026,Male,14.1145,6.3078,5.6662,1.8372,0.3894
Kenya,2026,Female,13.1299,5.4772,5.9435,1.5656,0.4331
Kiribati,2026,Both sexes,28.9366,12.3319,12.4317,3.4288,0.6976
Kiribati,2026,Male,35.2197,15.0222,15.3132,3.209,1.2931
Kiribati,2026,Female,23.2215,9.8221,10.1689,2.8043,0.5017
Kuwait,2026,Both sexes,17.9189,7.5649,7.5387,2.4757,0.1972
Kuwait,2026,Male,19.7895,8.2173,7.8828,2.4962,0.8224
Kuwait,2026,Female,15.0397,6.2379,6.0961,2.251,0.5038
Kyrgyzstan,2026,Both sexes,25.2875,10.6175,10.7509,3.5976,0.6707
Kyrgyzstan,2026,Male,34.1286,14.9591,13.6646,5.2673,0.3936
Kyrgyzstan,2026,Female,17.7277,7.416,7.5307,2.2396,0.3108
Lao People's Democratic Republic,2026,Both sexes,27.3565,12.4742,12.1499,2.4592,0.7714
Lao People's Democratic Republic,2026,Male,29.6692,12.5432,13.1762,3.6713,0.3149
Lao People's Democratic Republic,2026,Female,25.6548,11.4647,10.4031,2.8918,1.1623
Latvia,2026,Both sexes,22.3374,9.5763,8.9581,3.6604,0.2969
Latvia,2026,Male,33.1044,13.3919,13.008,4.88,1.164
Latvia,2026,Female,13.3895,5.7467,5.8247,1.8172,0.2296
Lebanon,2026,Both sexes,18.3436,7.6075,7.4656,2.9891,0.2526
Lebanon,2026,Male,20.9839,9.2545,9.3251,1.8768,0.4782
Lebanon,2026,Female,15.7221,6.2503,6.6287,2.1382,0.6144
Lesotho,2026,Both sexes,27.1746,11.7888,11.1163,3.5777,0.9023
Lesotho,2026,Male,28.8569,12.6384,12.8237,2.6579,1.1876
Lesotho,2026,Female,25.8637,11.5643,10.7208,2.406,0.9972
Liberia,2026,Both sexes,18.4086,7.8382,7.4896,2.0358,0.4485
Liberia,2026,Male,17.9323,7.9979,7.1158,2.3442,0.4038
Liberia,2026,Female,17.9972,7.4009,7.8157,2.19,0.6927
Libya,2026,Both sexes,20.3682,8.8322,8.5746,2.654,0.4834
Libya,2026,Male,25.1501,9.9317,10.7752,3.9257,0.4125
Libya,2026,Female,15.9762,7.1571,6.7153,2.308,0.1998
Lithuania,2026,Both sexes,21.1204,8.9405,9.511,1.8845,0.7325
Lithuania,2026,Male,31.303,13.4576,13.9908,2.8137,1.4037
Lithuania,2026,Female,12.3558,4.9899,5.8227,1.736,0.1674
Luxembourg,2026,Both sexes,10.0977,4.428,4.1168,1.38,0.278
Luxembourg,2026,Male,12.5213,5.2436,5.1303,2.0458,0.224
Luxembourg,2026,Female,7.9437,3.3336,3.1994,1.2052,0.2018
Madagascar,2026,Both sexes,23.7358,9.3995,9.3887,3.7055,0.872
Madagascar,2026,Male,25.2615,10.8338,10.5359,2.8698,0.7341
Madagascar,2026,Female,21.6146,9.1799,8.7617,3.3033,0.5308
Malawi,2026,Both sexes,16.7154,6.7527,7.379,2.4272,0.2628
Malawi,2026,Male,19.5279,8.1166,8.0649,2.4641,0.5052
Malawi,2026,Female,14.8776,6.4119,6.7282,1.5848,0.2307
Malaysia,2026,Both sexes,17.5181,7.5291,7.629,2.1847,0.378
Malaysia,2026,Male,20.769,8.0637,8.6638,3.1255,0.4367
Malaysia,2026,Female,14.4296,6.2938,5.752,1.8301,0.4799
Maldives,2026,Both sexes,13.6906,6.1677,5.4953,1.6949,0.4984
Maldives,2026,Male,16.5359,7.2622,7.3176,1.475,0.5931
Maldives,2026,Female,10.5703,4.2648,4.3351,1.5238,0.4912
Mali,2026,Both sexes,24.764,10.8116,10.3833,3.3667,0.7467
Mali,2026,Male,22.6627,9.9466,9.7418,2.9567,0.8159
Mali,2026,Female,26.8529,11.6944,11.1475,3.3744,0.7058
Malta,2026,Both sexes,11.1226,4.9511,4.5767,1.0772,0.4043
Malta,2026,Male,14.0422,6.0566,6.2497,1.2436,0.4295
Malta,2026,Female,8.2954,3.5121,3.6563,1.0342,0.1286
Mauritania,2026,Both sexes,18.1343,7.5312,7.6175,2.3369,0.8789
Mauritania,2026,Male,18.4989,7.8603,8.2012,2.2898,0.4871
Mauritania,2026,Female,18.3911,7.3409,7.5726,2.9797,0.5854
Mauritius,2026,Both sexes,23.4302,9.4088,10.3322,2.6099,1.0322
Mauritius,2026,Male,28.5313,12.2991,11.6213,3.9994,0.4246
Mauritius,2026,Female,18.4282,7.2508,7.8693,1.9952,0.8539
Mexico,2026,Both sexes,16.0969,6.5421,6.6287,2.5492,0.3114
Mexico,2026,Male,17.9512,7.8709,7.5145,1.7449,0.7651
Mexico,2026,Female,14.5036,5.8073,5.9155,2.34,0.2854
Micronesia (Federated States of),2026,Both sexes,26.6666,12.1268,11.9931,2.3709,0.4677
Micronesia (Federated States of),2026,Male,29.86,13.3269,12.0668,3.7353,0.6319
Micronesia (Federated States of),2026,Female,23.8865,9.6833,10.1078,3.2912,0.6146
Mongolia,2026,Both sexes,31.5665,13.2475,13.6299,3.5096,0.3952
Mongolia,2026,Male,39.4215,16.4904,16.6589,5.2528,1.3721
Mongolia,2026,Female,22.5069,9.6066,9.3051,3.1501,0.7529
Montenegro,2026,Both sexes,21.1174,8.8022,9.4435,2.6144,0.3855
Montenegro,2026,Male,27.598,12.0711,11.5843,2.3996,1.252
Montenegro,2026,Female,15.058,6.5455,6.5471,1.9128,0.2705
Morocco,2026,Both sexes,12.7099,5.3684,5.1224,1.8914,0.3264
Morocco,2026,Male,13.6208,5.8049,5.8341,1.4066,0.5504
Morocco,2026,Female,11.7686,4.9844,4.9491,1.5561,0.2036
Mozambique,2026,Both sexes,18.9004,8.4328,7.691,2.3439,0.4289
Mozambique,2026,Male,19.98,8.9506,8.7754,2.0782,0.5232
Mozambique,2026,Female,17.8841,7.6197,7.902,1.9681,0.4178
Myanmar,2026,Both sexes,25.1654,10.7433,10.71,2.8439,0.4463
Myanmar,2026,Male,28.2047,12.1073,12.1474,2.8072,0.95
Myanmar,2026,Female,22.1003,9.2269,9.2651,2.7813,0.5169
Namibia,2026,Both sexes,21.6345,9.3842,9.7264,2.7254,0.2732
Namibia,2026,Male,25.1808,10.8591,10.2517,3.8308,0.2911
Namibia,2026,Female,19.4387,7.7658,8.528,2.6746,0.2795
Nepal,2026,Both sexes,22.2511,9.6327,9.5952,3.0108,0.3074
Nepal,2026,Male,24.9556,10.115,11.4673,3.2415,0.6537
Nepal,2026,Female,19.7391,8.318,8.0909,2.4609,0.7335
Netherlands,2026,Both sexes,11.4554,5.0964,5.1729,1.1553,0.1517
Netherlands,2026,Male,12.8608,5.6254,5.9062,1.3179,0.3241
Netherlands,2026,Female,10.0701,4.4522,4.043,1.0249,0.4661
New Zealand,2026,Both sexes,10.3036,4.2571,4.3328,1.46,0.1716
New Zealand,2026,Male,11.9122,4.9481,5.0158,1.7659,0.1467
New Zealand,2026,Female,8.9071,3.7627,4.0053,0.9887,0.1444
Nicaragua,2026,Both sexes,14.7243,6.2333,6.1375,1.9273,0.419
Nicaragua,2026,Male,15.3851,6.8413,6.3914,1.8777,0.2678
Nicaragua,2026,Female,14.1202,5.7192,5.7336,1.9199,0.5824
Niger,2026,Both sexes,20.5555,8.3843,8.8757,2.1419,0.9692
Niger,2026,Male,20.8388,9.0337,8.6823,2.0426,0.5751
Niger,2026,Female,20.3424,8.3542,9.0862,2.4999,0.3226
Nigeria,2026,Both sexes,23.0364,9.5232,9.1803,2.8513,1.116
Nigeria,2026,Male,21.8557,9.4177,9.2699,2.1158,0.7327
Nigeria,2026,Female,24.0087,10.094,10.5221,2.9443,0.9261
Norway,2026,Both sexes,9.3446,3.8286,4.2838,0.8639,0.4569
Norway,2026,Male,10.9682,4.5004,4.4691,1.3686,0.5042
Norway,2026,Female,7.8834,3.5378,3.3244,0.8402,0.1813
Oman,2026,Both sexes,18.4432,7.6058,7.4633,2.5391,0.6425
Oman,2026,Male,19.7992,8.4183,8.1078,2.9087,0.4271
Oman,2026,Female,15.9467,6.5659,6.6402,2.4036,0.4259
Pakistan,2026,Both sexes,25.3139,10.5711,10.9133,3.1445,0.8411
Pakistan,2026,Male,27.2858,11.2387,11.6292,3.7917,0.6361
Pakistan,2026,Female,22.9307,9.6965,10.2224,2.1593,0.7791
Panama,2026,Both sexes,13.4804,5.4845,5.474,1.88,0.6025
Panama,2026,Male,15.6565,6.6799,6.669,2.1469,0.2259
Panama,2026,Female,10.8667,4.8114,4.8621,0.9807,0.3755
Papua New Guinea,2026,Both sexes,30.6424,12.0896,12.8788,4.1665,1.3352
Papua New Guinea,2026,Male,34.7007,15.2348,14.5519,4.3592,0.4171
Papua New Guinea,2026,Female,27.3561,11.6914,11.5599,2.9421,1.2839
Paraguay,2026,Both sexes,18.1496,7.9203,7.6331,1.9998,0.4279
Paraguay,2026,Male,19.4415,8.2344,7.8838,2.4131,0.7807
Paraguay,2026,Female,16.8787,7.207,6.8154,2.3611,0.2869
Peru,2026,Both sexes,12.8045,5.7043,5.3472,1.3728,0.4642
Peru,2026,Male,14.1072,5.9585,6.4246,1.7899,0.1619
Peru,2026,Female,11.6159,4.9276,4.5793,1.4275,0.4459
Philippines,2026,Both sexes,28.0228,11.523,11.3872,4.1801,0.6021
Philippines,2026,Male,33.3511,13.5333,13.8207,5.8269,0.4781
Philippines,2026,Female,21.0795,8.9275,9.3617,2.6698,0.3343
Poland,2026,Both sexes,19.0398,8.3428,8.6432,1.7066,0.477
Poland,2026,Male,26.3942,10.7852,11.3642,2.8241,1.0172
Poland,2026,Female,12.5917,5.1328,5.0382,2.1038,0.2614
Portugal,2026,Both sexes,11.4016,4.658,4.8007,1.4627,0.5658
Portugal,2026,Male,16.0007,6.8941,6.5244,2.0862,0.2613
Portugal,2026,Female,7.0847,3.177,3.1019,0.6578,0.1397
Qatar,2026,Both sexes,15.8678,6.4149,6.8799,1.5715,0.7085
Qatar,2026,Male,16.2538,7.1735,6.9049,1.5461,0.6389
Qatar,2026,Female,14.0464,5.7647,5.5641,2.576,0.1529
Republic of Korea,2026,Both sexes,7.9273,3.2669,3.5989,0.9662,0.1845
Republic of Korea,2026,Male,11.0593,5.0563,4.8471,0.9965,0.3912
Republic of Korea,2026,Female,4.8515,2.087,1.8934,0.6635,0.12
Republic of Moldova,2026,Both sexes,25.5662,10.6465,10.5027,4.0243,0.2697
Republic of Moldova,2026,Male,34.0802,15.2017,15.5454,3.0656,0.6053
Republic of Moldova,2026,Female,17.8204,7.3901,6.9312,2.6275,0.661
Romania,2026,Both sexes,22.1067,9.4439,9.1446,2.4074,0.9134
Romania,2026,Male,29.8405,12.2751,13.1439,4.1358,0.5788
Romania,2026,Female,14.2654,6.236,6.2194,1.498,0.2155
Russian Federation,2026,Both sexes,26.4377,10.5609,10.8613,3.934,0.8297
Russian Federation,2026,Male,37.3809,15.7858,15.7759,4.7077,1.0437
Russian Federation,2026,Female,16.4188,7.2857,6.8258,1.834,0.3355
Rwanda,2026,Both sexes,18.897,7.4381,7.7991,3.3694,0.1889
Rwanda,2026,Male,20.0888,9.0047,8.8517,1.8446,0.3982
Rwanda,2026,Female,17.4141,7.3442,7.3482,2.5151,0.275
Saint Lucia,2026,Both sexes,18.7314,8.1422,8.0407,2.0352,0.9696
Saint Lucia,2026,Male,20.8642,8.4704,8.6828,3.7531,0.2587
Saint Lucia,2026,Female,17.3937,7.5052,6.9892,2.1358,0.7655
Saint Vincent and the Grenadines,2026,Both sexes,23.776,10.0999,9.661,3.4029,0.6278
Saint Vincent and the Grenadines,2026,Male,27.798,11.5988,12.1377,2.7776,1.1559
Saint Vincent and the Grenadines,2026,Female,19.4565,7.9135,8.2216,2.9248,0.4823
Samoa,2026,Both sexes,20.7447,9.0418,9.0721,2.2113,0.7694
Samoa,2026,Male,26.7334,11.8773,11.034,3.5475,0.4004
Samoa,2026,Female,14.8415,6.6133,6.0645,1.5261,0.7419
Sao Tome and Principe,2026,Both sexes,19.2398,8.2044,8.0547,2.0879,0.5488
Sao Tome and Principe,2026,Male,18.5566,8.307,8.0541,2.1926,0.5271
Sao Tome and Principe,2026,Female,18.8821,7.9324,7.8953,2.4857,0.58
Saudi Arabia,2026,Both sexes,17.0956,6.7262,6.9496,2.1937,0.8277
Saudi Arabia,2026,Male,18.2859,7.8583,7.9625,2.2696,0.1914
Saudi Arabia,2026,Female,14.661,6.2636,5.7638,2.0511,0.4732
Senegal,2026,Both sexes,18.3763,7.3933,7.8638,2.4689,0.7389
Senegal,2026,Male,19.7662,8.3993,8.8725,1.8683,0.4163
Senegal,2026,Female,17.3821,7.4325,7.4029,2.2669,0.4865
Serbia,2026,Both sexes,19.5493,8.342,8.3549,2.5818,0.2835
Serbia,2026,Male,25.1454,10.3316,10.6492,3.713,0.5343
Serbia,2026,Female,14.0949,5.7344,6.1659,2.1341,0.1571
Seychelles,2026,Both sexes,21.6028,9.1108,9.126,2.4481,0.7544
Seychelles,2026,Male,29.2852,11.6349,12.131,4.6965,0.8866
Seychelles,2026,Female,13.4671,5.9578,5.7078,1.4485,0.3665
Sierra Leone,2026,Both sexes,31.7896,14.1142,12.1,3.2969,1.3307
Sierra Leone,2026,Male,28.7793,12.023,12.6846,3.0771,0.9295
Sierra Leone,2026,Female,33.1862,14.8633,15.0049,3.2805,0.3402
Singapore,2026,Both sexes,9.4828,4.0275,3.8506,1.5167,0.1261
Singapore,2026,Male,11.9931,5.3461,4.8351,1.3751,0.4647
Singapore,2026,Female,7.0642,3.1253,2.9543,0.8067,0.1782
Slovakia,2026,Both sexes,17.618,7.6839,7.2853,2.277,0.426
Slovakia,2026,Male,24.3209,10.3703,10.4976,2.9942,0.348
Slovakia,2026,Female,11.5029,4.8644,4.9461,1.4175,0.3581
Slovenia,2026,Both sexes,12.995,5.5159,5.4375,1.6512,0.3107
Slovenia,2026,Male,16.4736,7.4095,7.5987,1.4966,0.4602
Slovenia,2026,Female,9.1742,3.8446,3.932,1.2103,0.1458
Solomon Islands,2026,Both sexes,24.067,10.5796,10.8743,2.2046,0.5506
Solomon Islands,2026,Male,26.8281,11.6593,12.186,2.8241,0.372
Solomon Islands,2026,Female,21.811,8.8066,9.5143,2.4363,0.9384
Somalia,2026,Both sexes,22.4463,9.223,9.6103,3.0794,0.4831
Somalia,2026,Male,21.788,8.9742,8.8866,3.7645,0.6265
Somalia,2026,Female,22.4612,9.7929,9.643,2.0291,0.8683
South Africa,2026,Both sexes,26.3477,11.1495,11.9112,3.0355,0.6043
South Africa,2026,Male,33.3408,13.272,14.1635,5.2587,0.4009
South Africa,2026,Female,21.985,8.7288,8.9791,3.403,0.6186
South Sudan,2026,Both sexes,19.9893,9.0193,8.1185,2.6509,0.3048
South Sudan,2026,Male,20.4032,8.1696,9.2337,2.7543,0.37
South Sudan,2026,Female,19.9796,8.194,8.366,2.4461,0.6727
Spain,2026,Both sexes,10.1144,4.5087,4.1502,1.1886,0.2477
Spain,2026,Male,14.2589,5.5943,5.9709,1.9111,0.3894
Spain,2026,Female,6.5854,2.9596,2.8968,0.5956,0.1219
Sri Lanka,2026,Both sexes,17.8625,7.3974,7.0032,2.6991,0.4853
Sri Lanka,2026,Male,22.959,9.1843,10.1189,2.6542,0.6547
Sri Lanka,2026,Female,13.3053,5.618,5.9292,1.5677,0.4038
Sudan,2026,Both sexes,26.8863,11.423,11.4084,2.617,1.1763
Sudan,2026,Male,28.3151,12.5406,11.3045,4.0363,0.512
Sudan,2026,Female,25.312,10.6775,10.9656,2.2415,0.9025
Suriname,2026,Both sexes,22.0221,9.4559,9.7346,1.9845,0.9361
Suriname,2026,Male,27.0252,11.8031,11.659,2.6971,0.8137
Suriname,2026,Female,17.9385,7.1585,7.8649,2.1812,0.4444
Sweden,2026,Both sexes,9.1992,4.0491,3.7471,1.2766,0.2808
Sweden,2026,Male,10.9702,4.5295,4.4533,1.7293,0.2657
Sweden,2026,Female,7.6965,3.2611,3.3456,1.0402,0.1004
Switzerland,2026,Both sexes,8.6727,3.8431,3.9678,0.8205,0.2297
Switzerland,2026,Male,10.8928,4.4623,4.5058,1.2804,0.5029
Switzerland,2026,Female,6.8666,2.9603,2.7975,0.8086,0.2506
Syrian Arab Republic,2026,Both sexes,22.5609,9.7859,9.5256,2.314,0.6386
Syrian Arab Republic,2026,Male,25.2336,10.3266,11.0662,2.9781,1.0133
Syrian Arab Republic,2026,Female,19.4963,8.1529,8.2036,2.0899,0.733
Tajikistan,2026,Both sexes,26.4385,10.7479,10.672,3.7178,0.8
Tajikistan,2026,Male,29.439,11.9036,12.9368,3.8558,0.5164
Tajikistan,2026,Female,22.4642,9.2717,9.5034,3.1252,0.5579
Thailand,2026,Both sexes,14.7516,6.0818,6.409,1.7623,0.6517
Thailand,2026,Male,18.8565,7.562,8.137,1.996,0.8362
Thailand,2026,Female,11.1651,4.9292,4.657,1.0705,0.5261
The former Yugoslav Republic of Macedonia,2026,Both sexes,20.8454,8.1936,9.0861,2.5595,0.9892
The former Yugoslav Republic of Macedonia,2026,Male,26.4172,11.3136,11.4772,3.0085,0.2763
The former Yugoslav Republic of Macedonia,2026,Female,16.0187,6.7607,6.6975,1.8935,0.4738
Timor-Leste,2026,Both sexes,20.1906,8.9019,8.1182,2.9827,0.2923
Timor-Leste,2026,Male,22.1384,9.391,8.999,2.6346,1.1058
Timor-Leste,2026,Female,18.6492,7.6179,7.9234,2.6627,0.4553
Togo,2026,Both sexes,23.9979,10.1033,9.7776,4.0043,0.5056
Togo,2026,Male,24.7135,10.7267,10.5979,2.2824,1.1682
Togo,2026,Female,23.4459,9.9795,10.2821,2.7202,0.6973
Tonga,2026,Both sexes,24.2006,9.7863,9.4604,2.8285,1.2218
Tonga,2026,Male,30.0931,12.9428,13.2793,3.4964,0.6984
Tonga,2026,Female,18.0248,7.2759,7.9068,2.2187,0.382
Trinidad and Tobago,2026,Both sexes,21.8613,9.2164,8.7706,3.3747,0.4949
Trinidad and Tobago,2026,Male,25.5198,11.0721,10.7628,2.8227,0.5437
Trinidad and Tobago,2026,Female,18.5849,7.6094,7.5933,2.7406,0.3412
Tunisia,2026,Both sexes,16.7954,7.3362,6.726,1.8626,0.745
Tunisia,2026,Male,20.3695,8.7056,8.6922,2.5782,0.616
Tunisia,2026,Female,12.6183,5.403,5.0742,1.5162,0.558
Turkey,2026,Both sexes,16.7867,7.1797,6.8972,2.0452,0.3214
Turkey,2026,Male,21.773,9.6238,8.866,2.9363,0.5525
Turkey,2026,Female,11.4567,4.9134,5.0326,1.2595,0.4525
Turkmenistan,2026,Both sexes,30.2821,13.3782,13.1911,3.4152,0.4283
Turkmenistan,2026,Male,37.4903,16.5731,16.0591,3.5088,1.7368
Turkmenistan,2026,Female,23.3735,10.4222,9.4548,2.5522,1.0094
Uganda,2026,Both sexes,22.5271,9.5796,9.3638,2.8226,0.7992
Uganda,2026,Male,24.6405,9.9654,9.9484,3.6159,0.5538
Uganda,2026,Female,20.8084,8.5313,9.1233,2.481,0.5404
Ukraine,2026,Both sexes,25.534,10.1649,10.6198,4.465,0.3287
Ukraine,2026,Male,35.7759,15.6309,15.9723,3.1548,1.1513
Ukraine,2026,Female,16.5893,7.1551,7.1674,1.6833,0.4802
United Arab Emirates,2026,Both sexes,17.2233,7.397,7.263,1.8606,0.6429
United Arab Emirates,2026,Male,17.818,7.3377,7.4512,2.0936,0.882
United Arab Emirates,2026,Female,15.6394,6.8636,6.8014,1.6533,0.3865
United Kingdom of Great Britain and Northern Ireland,2026,Both sexes,11.0444,4.8725,4.5308,1.3712,0.4374
United Kingdom of Great Britain and Northern Ireland,2026,Male,13.3251,5.5192,5.6479,1.727,0.4442
United Kingdom of Great Britain and Northern Ireland,2026,Female,9.293,3.7102,4.0204,1.2302,0.2027
United Republic of Tanzania,2026,Both sexes,18.3837,7.7683,7.6599,2.0214,0.8487
United Republic of Tanzania,2026,Male,19.3513,7.8149,8.193,2.6423,0.5864
United Republic of Tanzania,2026,Female,17.7261,7.3499,7.4437,2.3599,0.6426
United States of America,2026,Both sexes,15.2271,6.1292,6.261,2.2865,0.2774
United States of America,2026,Male,18.1709,7.8163,7.2811,2.1109,0.5061
United States of America,2026,Female,12.0828,5.1802,5.2277,1.3418,0.3034
Uruguay,2026,Both sexes,17.1283,7.1881,7.2668,1.9537,0.4303
Uruguay,2026,Male,21.8225,9.5149,8.6899,3.3503,0.2664
Uruguay,2026,Female,12.8801,5.4206,5.4366,1.3349,0.5776
Uzbekistan,2026,Both sexes,25.2785,11.0019,11.0065,2.8473,0.4376
Uzbekistan,2026,Male,30.4414,12.1952,13.6108,3.9773,0.6364
Uzbekistan,2026,Female,20.0201,8.8949,8.8086,1.7836,0.4836
Vanuatu,2026,Both sexes,24.3189,9.624,9.9014,4.1504,0.2718
Vanuatu,2026,Male,27.8978,11.6294,12.426,2.4802,1.2543
Vanuatu,2026,Female,19.482,8.4596,8.0176,2.2534,0.9174
Venezuela (Bolivarian Republic of),2026,Both sexes,18.4388,8.1517,7.9558,1.852,0.6608
Venezuela (Bolivarian Republic of),2026,Male,22.336,9.0322,9.7941,2.5401,0.9002
Venezuela (Bolivarian Republic of),2026,Female,14.7242,6.2299,6.2904,1.7167,0.4133
Viet Nam,2026,Both sexes,17.8676,7.3332,7.321,2.5552,0.3346
Viet Nam,2026,Male,24.0897,10.1384,10.1812,2.7115,0.8531
Viet Nam,2026,Female,11.8668,4.9362,5.1973,1.4285,0.1945
Yemen,2026,Both sexes,31.0985,13.6998,13.8719,2.8232,0.6127
Yemen,2026,Male,34.0151,13.8323,14.9502,4.193,1.1487
Yemen,2026,Female,28.9165,11.6114,12.0939,3.5529,1.1631
Zambia,2026,Both sexes,18.4498,7.3285,7.5474,2.4817,0.8547
Zambia,2026,Male,18.7461,7.8372,7.6199,2.645,0.6085
Zambia,2026,Female,17.9194,7.8122,7.3302,1.9034,0.8635
Zimbabwe,2026,Both sexes,19.4744,8.8124,8.2589,2.1999,0.4577
Zimbabwe,2026,Male,19.3258,7.7754,8.0919,2.8627,0.4357
Zimbabwe,2026,Female,20.5165,8.9166,8.4137,2.3786,0.6529
